run_id,question_id,domain,tier,natural_language_question,expected_answer,actual_answer,exact_match_result,exact_match_detail,expected_answer_off_contract,null_handling,null_handling_detail,platform_generated_sql,judge_factual,judge_completeness,judge_format,judge_sql,judge_overall,judge_rationale,judge_error,platform_error,rephrase_group_id
20260921T153322Z,CRM-T1-01-03,crm,T1,What is the total budget of nurture campaigns?,23184584.00,"The campaigns table's campaign_type field does not include a 'Nurture' category in the observed values (Reengagement, Awareness, CustomerEducation, and possibly others). Could you clarify which campaign_type you mean, or confirm if 'nurture' refers to a different label used in this dataset?",fail,value '23184584.00' not present,False,not_applicable,not a T3 / outer-join pair,,1,1,1,1,1.0,"[factual_correctness] The platform did not provide the expected numeric answer of 23184584.00. Instead, it claimed the 'Nurture' category does not exist in the dataset and asked for clarification. This directly contradicts the ground truth, which confirms a valid total budget exists for nurture campaigns. [completeness] The platform returned no answer at all — no numeric value, no budget figure. The question is essentially unanswered, leaving the required total budget completely missing. [format_adherence] The expected format is a single total budget figure. The platform returned a clarification request with no numeric answer, which does not match the required format at all. [sql_plausibility] The platform generated no SQL whatsoever, which scores 1 by the anchoring rules.",,,
20260921T153322Z,CRM-T1-01-05,crm,T1,What is the total budget of retention campaigns?,25549190.91,"The campaigns table's campaign_type field doesn't have an explicit 'Retention' category listed among observed values (Reengagement, Awareness, CustomerEducation), and other values may exist. Which campaign_type should I treat as 'retention campaigns'?",fail,value '25549190.91' not present,False,not_applicable,not a T3 / outer-join pair,,1,1,1,1,1.0,"[factual_correctness] The platform did not provide the expected numeric answer of 25549190.91. Instead, it returned a clarifying question about campaign types, which contradicts the expected answer entirely. The central fact (the total budget figure) is absent and replaced with an unhelpful deflection. [completeness] The platform returned no answer at all — just a clarifying question. The required total budget figure (25549190.91) is completely missing, leaving the question essentially unanswered. [format_adherence] The expected format is a single total budget figure. The platform returned a clarifying question instead, which is entirely the wrong format for this question. [sql_plausibility] The platform generated no SQL whatsoever, which scores 1 per the anchoring rules.",,,
20260921T153322Z,CRM-T1-03-12,crm,T1,How many support cases are logged at high priority?,32666,"The support_cases priority field has only been observed with values 'Critical' and 'Low' in the sample data; a literal 'High' value is not confirmed to exist. Should I count cases with priority = 'High' (if it exists in the data), or did you mean 'Critical' priority cases (the highest urgency level observed)?",fail,value '32666' not present,False,not_applicable,not a T3 / outer-join pair,,1,1,1,1,1.0,"[factual_correctness] The expected answer is 32666. The platform did not provide this number at all — instead it questioned whether 'High' priority exists in the data and asked a clarifying question. This directly contradicts the ground truth, which confirms 32666 high-priority cases exist. [completeness] The platform returned no count whatsoever. The question asks for a single count, and the response provides none. The question is essentially unanswered. [format_adherence] The expected format is a single count (number or sentence with number). The platform returned a clarifying question with no numeric answer, which is the wrong format entirely. [sql_plausibility] The platform generated no SQL at all, which scores 1 per the anchoring rules.",,,
20260921T153322Z,CRM-T1-04-16,crm,T1,How many support cases fall under general inquiry?,23938,"There are no support cases classified under general inquiry in the current data — the total comes back as 0. This suggests either that no cases have been logged with that category, or that the category itself is not present in the case classification system. If a category labeled 'general inquiry' is expected to exist, it may be worth confirming that it is being used consistently when cases are logged, or checking whether it appears under a different label. No further breakdown is available since there are no matching records to analyze.",fail,value '23938' not present,False,not_applicable,not a T3 / outer-join pair,"-- [primary]
SELECT COUNT(*) AS total_general_inquiry_cases FROM ""studio"".""support_cases 1"" WHERE category ILIKE 'general inquiry'

-- [statement 2]
SELECT status, COUNT(*) AS n FROM ""studio"".""support_cases 1"" WHERE category ILIKE 'general inquiry' GROUP BY status ORDER BY n DESC LIMIT 15

-- [statement 3]
SELECT priority, COUNT(*) AS n FROM ""studio"".""support_cases 1"" WHERE category ILIKE 'general inquiry' GROUP BY priority ORDER BY n DESC LIMIT 15

-- [statement 4]
SELECT strftime(TRY_CAST(NULLIF(TRIM(opened_at), '') AS DATE), '%Y-%m') AS month, COUNT(*) AS n FROM ""studio"".""support_cases 1"" WHERE category ILIKE 'general inquiry' AND TRY_CAST(NULLIF(TRIM(opened_at), '') AS DATE) IS NOT NULL GROUP BY month ORDER BY MIN(TRY_CAST(NULLIF(TRIM(opened_at), '') AS DATE))",1,1,4,4,2.5,"[factual_correctness] The expected answer is 23938, but the platform returned 0. This is a clear numeric mismatch — the central fact contradicts the expected answer entirely. [completeness] The platform answered with 0 cases, which is factually wrong. The required count (23938) is completely absent from the response, leaving the question essentially unanswered with a wrong number. [format_adherence] The platform provided a sentence-form answer, which is an acceptable format for a single count question. The format itself (prose with a number) is appropriate, even though the number is wrong. [sql_plausibility] The SQL uses ILIKE 'general inquiry' which is a reasonable approach for case-insensitive matching. The query is syntactically valid and logically coherent for the question asked. The issue is likely a data mismatch (e.g., the actual category label differs in casing or spelling), not a SQL logic error. The SQL itself is plausible and would execute correctly.",,,
20260921T153322Z,CRM-T1-05-20,crm,T1,How many interactions are event attendance events?,28463,"A total of 28,489 interactions are recorded as event attendance events, based on the available interaction data. Here's a breakdown across a few key dimensions.

**Channel** — All 28,489 of these interactions are attributed to the Webinar channel, meaning event attendance in this dataset is captured exclusively through webinar-type engagements rather than in-person or other event formats.

**Direction** — These interactions split fairly evenly by direction: Outbound interactions account for 14,393, and Inbound interactions account for 14,096.

**Monthly trend** — Volumes vary considerably over the 40 months of data provided. Early months show low activity (for example, 3 in 2023-04 and 31 in 2023-05), rising through mid-to-late 2023 (1,127 in 2023-08, 1,668 in 2023-09, 1,748 in 2023-10), tapering into 2024, then climbing again toward the end of the period (1,764 in 2025-01, 1,941 in 2026-01, 1,802 in 2026-02), and others across the remaining months. This pattern suggests seasonal or campaign-driven fluctuation rather than a steady rate, though the underlying cause is not confirmed by this data alone.

**Campaign association** — Of the associated campaigns, 8,520 interactions have no campaign name recorded (null), which is a notable data gap worth flagging. Among named campaigns, counts are much smaller and fairly close to one another: Retention Social Campaign 00686 (28), Reengagement Web Campaign 03309 (22), CustomerEducation Web Campaign 01509 (22), Reengagement Web Campaign 01249 (22), Awareness Webinar Campaign 00831 (22), and others.

**Limitations:** Since all event attendance interactions map to a single channel (Webinar), this may indicate either that event attendance is tracked only for webinars in this system, or that other event types are not being captured — this should be verified before drawing conclusions about in-person event engagement. Additionally, a substantial share of interactions (8,520) lack a campaign attribution, which limits the ability to tie attendance directly to specific marketing efforts. These figures represent interaction counts, not confirmed unique attendees, so some individuals may be represented multiple times.",fail,value '28463' not present,False,not_applicable,not a T3 / outer-join pair,"-- [primary]
SELECT COUNT(*) AS total_event_attendance_interactions FROM studio.interactions WHERE engagement_type = 'WebinarAttendance'

-- [statement 2]
SELECT channel, COUNT(*) AS n FROM studio.interactions WHERE engagement_type = 'WebinarAttendance' GROUP BY channel ORDER BY n DESC LIMIT 15

-- [statement 3]
SELECT direction, COUNT(*) AS n FROM studio.interactions WHERE engagement_type = 'WebinarAttendance' GROUP BY direction ORDER BY n DESC LIMIT 15

-- [statement 4]
SELECT strftime(d, '%Y-%m') AS month, COUNT(*) AS n FROM (SELECT TRY_CAST(NULLIF(TRIM(interaction_at), '') AS DATE) AS d FROM studio.interactions WHERE engagement_type = 'WebinarAttendance') sub WHERE d IS NOT NULL GROUP BY month ORDER BY MIN(d)

-- [statement 5]
SELECT c.campaign_name, COUNT(*) AS n FROM studio.interactions i LEFT JOIN studio.campaigns c ON i.campaign_id = c.campaign_id WHERE i.engagement_type = 'WebinarAttendance' GROUP BY c.campaign_name ORDER BY n DESC LIMIT 15",1,3,4,2,2.5,"[factual_correctness] The expected answer is 28,463 but the platform answer states 28,489. This is a numeric variance of 26, which under the zero-tolerance rule for numeric differences constitutes a factual failure. [completeness] The question asks for a single count. The platform provides a count (albeit wrong) and extensive breakdowns. The core required value (the count) is present but incorrect. Since the question is essentially answered (a count is given), completeness is not severely lacking, but the wrong number means the substance is off. [format_adherence] The question asks for a count. The platform provides a count embedded in a detailed narrative with breakdowns. The format is readable and the count is present, though the extensive additional detail goes beyond what was asked. The core format (a count/number) is present. [sql_plausibility] The primary SQL statement filters on engagement_type = 'WebinarAttendance' and counts rows, which is logically coherent for answering 'how many interactions are event attendance events.' However, the filter value 'WebinarAttendance' may not match the actual engagement type label for 'event attendance events' in the database (the expected answer differs from the result), suggesting a possible mismatch. The SQL is syntactically valid and logically structured, but the filter value appears to be wrong or at least different from what the reference SQL uses, leading to a different count. This is a logical error for the question.",,,
20260921T153322Z,CRM-T1-05-22,crm,T1,How many interactions are meeting events?,28722,"The interactions table's documented engagement_type values (EmailOpen, PhoneCall, LinkClick, WebinarAttendance) and channel values (Email, Phone, Web, Webinar) don't include a 'Meeting' category. Could you clarify which field/value represents meeting events?",fail,value '28722' not present,False,not_applicable,not a T3 / outer-join pair,,1,1,1,1,1.0,"[factual_correctness] The expected answer is 28722. The platform did not provide this number at all; instead it claimed that 'Meeting' is not a valid category in the data and asked for clarification. This directly contradicts the ground truth, which confirms that meeting events exist and number 28722. [completeness] The judge reference calls for a single count of interactions of the named engagement type. The platform provided no count whatsoever, leaving the question essentially unanswered. [format_adherence] The expected format is a single count (number). The platform returned a clarification question with no numeric answer, which is the wrong format entirely. [sql_plausibility] The platform issued no SQL at all, so SQL plausibility must be scored 1 per the anchoring rules.",,,
20260921T153322Z,CRM-T1-07-30,crm,T1,How many high-priority support cases were resolved within their SLA deadline?,7550,"A total of 7,550 high-priority support cases were resolved within their SLA deadline, based on the available helpdesk/case data. This total can be viewed across three dimensions: case category, month of resolution, and customer tier.

**By Category** — the volume of SLA-compliant high-priority resolutions is fairly evenly spread: Service Request (1,292), General Inquiry (1,279), Billing (1,276), Product Issue (1,258), and Access (1,239), with Integration (1,206) rounding out the categories. No single category stands out as disproportionately represented, which suggests the SLA performance reflected here is not concentrated in one type of issue.

**By Month** — resolutions occurred across 35 distinct months, from March 2023 through May 2026, with counts fluctuating over time (for example, 718 in September 2023, 700 in December 2024, and 607 in January 2026, among many other months with smaller counts). This spread indicates the 7,550 figure accumulates gradually over roughly three years rather than being tied to a single period, though some months show noticeably lower activity (e.g., single digits in early 2023 and mid-2024), which may reflect onboarding periods, data availability gaps, or seasonal ticket volume rather than SLA performance changes.

**By Customer Tier** — the cases break down as Standard (4,663), Preferred (2,126), and Strategic (761). This shows that a substantial share of the resolved-within-SLA high-priority cases came from the Standard tier, with Preferred and Strategic tiers each contributing smaller shares.

**Limitations:** This figure counts resolved support cases, not necessarily unique devices or unique customers affected, so it may overrepresent the number of distinct issues if multiple cases stem from the same underlying device or customer problem. Additionally, the data does not include a comparison total of all high-priority cases (including those that missed SLA), so it is not possible to state a compliance rate or percentage from this result alone — only the raw count of SLA-compliant resolutions is confirmed here. Any conclusions about overall SLA performance should be considered directional rather than definitive until compared against the full case volume and breached-SLA counts.",pass,1 requirement(s) satisfied,False,not_applicable,not a T3 / outer-join pair,"-- [primary]
SELECT COUNT(*) AS high_priority_resolved_within_sla FROM ""studio"".""support_cases 1"" WHERE priority = 'High' AND resolved_at IS NOT NULL AND sla_due_at IS NOT NULL AND TRY_CAST(resolved_at AS TIMESTAMP) <= TRY_CAST(sla_due_at AS TIMESTAMP)

-- [statement 2]
SELECT category, COUNT(*) AS n FROM ""studio"".""support_cases 1"" WHERE priority = 'High' AND resolved_at IS NOT NULL AND sla_due_at IS NOT NULL AND TRY_CAST(resolved_at AS TIMESTAMP) <= TRY_CAST(sla_due_at AS TIMESTAMP) GROUP BY category ORDER BY n DESC LIMIT 15

-- [statement 3]
SELECT strftime(TRY_CAST(NULLIF(TRIM(opened_at), '') AS DATE), '%Y-%m') AS month, COUNT(*) AS n FROM ""studio"".""support_cases 1"" WHERE priority = 'High' AND resolved_at IS NOT NULL AND sla_due_at IS NOT NULL AND TRY_CAST(resolved_at AS TIMESTAMP) <= TRY_CAST(sla_due_at AS TIMESTAMP) GROUP BY month ORDER BY MIN(TRY_CAST(NULLIF(TRIM(opened_at), '') AS DATE))

-- [statement 4]
SELECT a.customer_tier AS customer_tier, COUNT(*) AS n FROM ""studio"".""support_cases 1"" sc JOIN studio.accounts a ON sc.account_id = a.account_id WHERE sc.priority = 'High' AND sc.resolved_at IS NOT NULL AND sc.sla_due_at IS NOT NULL AND TRY_CAST(sc.resolved_at AS TIMESTAMP) <= TRY_CAST(sc.sla_due_at AS TIMESTAMP) GROUP BY a.customer_tier ORDER BY n DESC LIMIT 15",5,5,5,5,5.0,"[factual_correctness] The platform answer states 7,550 high-priority support cases were resolved within their SLA deadline, which exactly matches the expected answer of 7550. The numeric value is identical. [completeness] The judge reference asks for a single count of resolved support cases at the named priority whose resolution time was on or before the SLA deadline. The platform provides this count (7,550) clearly and prominently, along with additional breakdowns. The core required value is present and correct. [format_adherence] The question asks for a count, and the platform provides it clearly in the first sentence. The additional breakdowns by category, month, and customer tier are supplementary and do not obscure the answer. The format is acceptable — the primary answer is a number presented in a sentence, which matches what the question calls for. [sql_plausibility] The primary SQL statement filters for priority = 'High', checks resolved_at IS NOT NULL and sla_due_at IS NOT NULL, and compares resolved_at <= sla_due_at using TRY_CAST to TIMESTAMP. This is logically correct for the question. The additional statements provide breakdowns by category, month, and customer tier, all using the same core filter logic. The SQL is syntactically valid and logically coherent.",,,
20260921T153322Z,CRM-T1-07-31,crm,T1,How many low-priority support cases were resolved within their SLA deadline?,9307,"A total of 9,307 low-priority support cases were resolved within their SLA deadline. This breaks down across support case category, resolution month, and account.

**By Category:** GeneralInquiry accounts for 1,584 cases, ProductIssue for 1,568, Integration for 1,560, Access for 1,554, and ServiceRequest for 1,521, with Billing (1,520) and others rounding out the remainder. The categories are fairly evenly distributed, with no single category dominating the total.

**By Month:** Resolutions span a long timeframe from April 2023 through July 2026, with an unusual single record also appearing in January 2100 (likely a data entry anomaly worth flagging for data quality review). Early volumes were modest, such as 30 in May 2023 and 95 in June 2023, before rising through mid-to-late 2023 (671 in August 2023, 845 in September 2023, 751 in October 2023). Volumes dipped in early 2024, then rose again toward the end of 2024 and into early 2025 (888 in December 2024, 698 in January 2025), and again showed a similar seasonal pattern heading into early 2026 (736 in January 2026, 527 in February 2026), among other months. This recurring seasonal rise-and-fall pattern may reflect academic calendar cycles typical in K12 environments, though this is directional given the data shown.

**By Account:** Among the accounts represented, Smith PLC had 21 resolved cases, Smith and Sons and Johnson and Sons each had 13, Smith Group had 11, and Brown Ltd and Garcia and Sons each had 10, with several other accounts (Jones and Sons, Williams Ltd, Smith LLC, Young Group, Jones Ltd, Brown Group, Johnson LLC, Johnson PLC, and Johnson Group) each showing 9 cases.

**Limitations:** These figures represent ticket counts, not necessarily unique devices or unique incidents, so they may overrepresent distinct device-level issues if multiple tickets relate to the same device. The presence of a case dated January 2100 suggests a possible timestamp data quality issue that should be investigated before drawing firm conclusions about long-term trends. No cost, root-cause, or device-failure information is included in this dataset, so no financial or hardware-defect conclusions can be drawn from these results alone.",pass,1 requirement(s) satisfied,False,not_applicable,not a T3 / outer-join pair,"-- [primary]
SELECT COUNT(*) AS resolved_within_sla_low_priority FROM ""studio"".""support_cases 1"" WHERE priority = 'Low' AND resolved_at IS NOT NULL AND TRY_CAST(resolved_at AS TIMESTAMP) <= TRY_CAST(sla_due_at AS TIMESTAMP)

-- [statement 2]
SELECT category, COUNT(*) AS n FROM ""studio"".""support_cases 1"" WHERE priority = 'Low' AND resolved_at IS NOT NULL AND TRY_CAST(resolved_at AS TIMESTAMP) <= TRY_CAST(sla_due_at AS TIMESTAMP) GROUP BY category ORDER BY n DESC LIMIT 15

-- [statement 3]
SELECT strftime(TRY_CAST(resolved_at AS DATE), '%Y-%m') AS month, COUNT(*) AS n FROM ""studio"".""support_cases 1"" WHERE priority = 'Low' AND resolved_at IS NOT NULL AND TRY_CAST(resolved_at AS TIMESTAMP) <= TRY_CAST(sla_due_at AS TIMESTAMP) GROUP BY month ORDER BY MIN(TRY_CAST(resolved_at AS DATE))

-- [statement 4]
SELECT a.account_name AS account, COUNT(*) AS n FROM ""studio"".""support_cases 1"" sc JOIN studio.accounts a ON sc.account_id = a.account_id WHERE sc.priority = 'Low' AND sc.resolved_at IS NOT NULL AND TRY_CAST(sc.resolved_at AS TIMESTAMP) <= TRY_CAST(sc.sla_due_at AS TIMESTAMP) GROUP BY a.account_name ORDER BY n DESC LIMIT 15",5,5,5,5,5.0,"[factual_correctness] The platform answer states 9,307 low-priority support cases were resolved within their SLA deadline, which exactly matches the expected answer of 9307. The numeric value is identical. [completeness] The judge reference asks for a single count of resolved support cases at the named priority whose resolution time was on or before the SLA deadline. The platform provides this count (9,307) clearly in the first sentence. The additional breakdowns by category, month, and account are supplementary and do not detract from completeness. All required information is present. [format_adherence] The question asks for a count, and the platform provides it clearly in the opening sentence. The additional breakdown information is supplementary but the core answer is present and readable. The format is appropriate for the question. [sql_plausibility] The primary SQL statement filters for priority = 'Low', resolved_at IS NOT NULL, and resolved_at <= sla_due_at, then counts the results. This is logically correct for the question. The additional statements provide breakdowns by category, month, and account using the same filter logic. All statements are syntactically valid and logically coherent.",,,
20260921T153322Z,CRM-T2-01-03,crm,T2,How many support cases belong to North-region accounts?,28531,"North-region accounts are associated with a total of 28,531 support cases. This figure reflects ticket counts rather than confirmed unique devices or distinct issues, so it may overrepresent the number of underlying problems if any account or device generated multiple tickets. Below is a breakdown across status, category, priority, and account, along with limitations and cautious observations.

**By Status** — Resolved: 8,489, InProgress: 6,893, Closed: 4,605, New: 4,531, and PendingCustomer: 4,013.

**By Category** — GeneralInquiry: 4,789, Access: 4,785, Integration: 4,758, Billing: 4,747, and ProductIssue: 4,732, with ServiceRequest also present at 4,720. These categories are fairly close in volume, with no single category standing out sharply.

**By Priority** — Medium: 12,136, Low: 7,916, High: 6,471, and Critical: 2,008.

**By Account (partial view)** — Holland Smith and Jones: 17, Jimenez Forbes and Wilson: 15, Powell Johnson: 14, Ruiz Atkinson: 14, and Hoffman Elliott: 14, and others each contributing 13-14 cases.

**Limitations:** Individual account counts (13-17 cases each) represent a small sample per account, so conclusions at the account level should be treated as directional rather than definitive. No device-count, fleet-size, or timestamp data was included, so these figures cannot be normalized against total devices or checked for consistency over time. Category volumes are close in magnitude, suggesting no dominant issue type, though this should be confirmed with additional context such as device type or grade-level usage.

**Comparative Analysis:** The caseload leans toward Medium priority and Resolved/InProgress statuses, but without device-count normalization it is not possible to determine whether this represents a proportionally higher or lower issue rate compared to other regions.

**Root Cause Assessment:** No root cause can be established from this data. The category mix spans both technical and non-technical case types (Access, Billing, Integration, ProductIssue, ServiceRequest, GeneralInquiry), with no clear pattern indicating hardware defects, user handling issues, or environmental factors.

**Strategic Recommendations:** In the short term, validate whether high-case accounts reflect larger account size (more devices or users) versus a genuine service concern before acting. In the medium term, incorporate device identifiers into reporting to normalize ticket volume against fleet size. In the long term, monitor category and priority trends over multiple periods to distinguish transient spikes from persistent patterns, supporting budget and staffing decisions within existing budget cycles.",pass,1 requirement(s) satisfied,False,not_applicable,not a T3 / outer-join pair,"-- [primary]
SELECT COUNT(*) AS north_region_case_count FROM studio.""support_cases 1"" sc JOIN studio.accounts a ON sc.account_id = a.account_id WHERE a.region = 'North'

-- [statement 2]
SELECT sc.status, COUNT(*) AS n FROM studio.""support_cases 1"" sc JOIN studio.accounts a ON sc.account_id = a.account_id WHERE a.region = 'North' GROUP BY sc.status ORDER BY n DESC LIMIT 15

-- [statement 3]
SELECT sc.category, COUNT(*) AS n FROM studio.""support_cases 1"" sc JOIN studio.accounts a ON sc.account_id = a.account_id WHERE a.region = 'North' GROUP BY sc.category ORDER BY n DESC LIMIT 15

-- [statement 4]
SELECT sc.priority, COUNT(*) AS n FROM studio.""support_cases 1"" sc JOIN studio.accounts a ON sc.account_id = a.account_id WHERE a.region = 'North' GROUP BY sc.priority ORDER BY n DESC LIMIT 15

-- [statement 5]
SELECT a.account_name, COUNT(*) AS n FROM studio.""support_cases 1"" sc JOIN studio.accounts a ON sc.account_id = a.account_id WHERE a.region = 'North' GROUP BY a.account_id, a.account_name ORDER BY n DESC LIMIT 15",5,5,5,5,5.0,"[factual_correctness] The platform answer states 28,531 support cases for North-region accounts, which exactly matches the expected answer of 28531. The numeric value is identical; the comma formatting is cosmetic. [completeness] The judge reference asks for a single count of support cases whose owning account is in the named region. The platform provides that count (28,531) prominently at the start, plus extensive breakdowns. The core required value is present and correct. [format_adherence] The question asks for a count, and the reference calls for a single count. The platform delivers the count clearly in the first sentence, then adds extensive breakdowns and analysis. The primary answer is present in the correct form; the extra detail is not a deduction per the scoring rules. [sql_plausibility] The primary SQL statement performs a COUNT(*) with a JOIN between support_cases and accounts filtered by region = 'North', which is syntactically valid and logically correct for answering the question. The additional statements provide breakdowns and are also valid.",,,
20260921T153322Z,CRM-T2-02-07,crm,T2,Which customer tier has the most high-priority support cases?,Standard | 20190,"The Standard tier shows the highest number of high-priority support cases, with 26,419 recorded, followed in the data by Preferred at 12,061 and Strategic at 4,325 high-priority cases.

**Case status breakdown by tier** — Within the Standard tier, high-priority cases break down by status as Resolved (7,818), InProgress (6,375), New (4,297), Closed (4,244), and PendingCustomer (3,685). For Preferred, the counts are Resolved (3,611), InProgress (2,945), Closed (1,935), New (1,886), and PendingCustomer (1,684). For Strategic, the counts are Resolved (1,312), InProgress (1,006), New (694), Closed (684), and PendingCustomer (629).

**Priority-level context across all tiers** — Looking at case volume by priority level overall, Medium priority cases total 60,701, Low priority cases total 40,494, High priority cases total 32,666, and Critical priority cases total 10,139. This shows high-priority cases are one part of a broader mix of case priorities.

**Monthly trend** — A month-by-tier breakdown is also available, showing high-priority case counts fluctuating over time from 2023 through 2026 for each tier, with Standard consistently appearing among the higher monthly counts alongside Preferred and Strategic.

**Limitations:** These figures represent case counts, not necessarily unique devices or unique customers affected — a single account or device could generate multiple high-priority cases, so the totals may overrepresent the number of distinct issues. Tier size (number of customers or seats per tier) is not provided here, so it is not possible to say whether Standard has more high-priority cases simply because it is a larger customer segment or because it experiences a disproportionately higher rate of issues; this comparison should be treated as directional rather than definitive without normalizing by tier population. No root cause for the case volume can be inferred from this data alone.",fail,value '20190' not present,False,not_applicable,not a T3 / outer-join pair,"-- [primary]
SELECT a.customer_tier AS tier, COUNT(*) AS high_priority_case_count FROM ""studio"".""support_cases 1"" sc JOIN studio.accounts a ON sc.account_id = a.account_id WHERE sc.priority IN ('Critical','High') GROUP BY a.customer_tier ORDER BY high_priority_case_count DESC LIMIT 1

-- [statement 2]
SELECT a.customer_tier AS tier, COUNT(*) AS high_priority_case_count FROM ""studio"".""support_cases 1"" sc JOIN studio.accounts a ON sc.account_id = a.account_id WHERE sc.priority IN ('Critical','High') GROUP BY a.customer_tier ORDER BY high_priority_case_count DESC LIMIT 15

-- [statement 3]
SELECT sc.priority AS priority, COUNT(*) AS case_count FROM ""studio"".""support_cases 1"" sc GROUP BY sc.priority ORDER BY case_count DESC LIMIT 15

-- [statement 4]
SELECT a.customer_tier AS tier, sc.status AS status, COUNT(*) AS high_priority_case_count FROM ""studio"".""support_cases 1"" sc JOIN studio.accounts a ON sc.account_id = a.account_id WHERE sc.priority IN ('Critical','High') GROUP BY a.customer_tier, sc.status ORDER BY high_priority_case_count DESC LIMIT 15

-- [statement 5]
SELECT strftime(TRY_CAST(NULLIF(TRIM(sc.opened_at), '') AS DATE), '%Y-%m') AS month, a.customer_tier AS tier, COUNT(*) AS high_priority_case_count FROM ""studio"".""support_cases 1"" sc JOIN studio.accounts a ON sc.account_id = a.account_id WHERE sc.priority IN ('Critical','High') AND TRY_CAST(NULLIF(TRIM(sc.opened_at), '') AS DATE) BETWEEN DATE '2000-01-01' AND DATE '2035-12-31' GROUP BY month, tier ORDER BY MIN(TRY_CAST(NULLIF(TRIM(sc.opened_at), '') AS DATE))",1,3,3,2,2.25,"[factual_correctness] The expected answer is Standard with 20,190 high-priority cases. The platform answer states Standard has 26,419 high-priority cases. The tier name is correct (Standard), but the numeric count is wrong (26,419 vs 20,190). This is a numeric variance which is a factual failure per the rules. The SQL appears to include both 'Critical' and 'High' priority cases (WHERE sc.priority IN ('Critical','High')), while the question asks for 'high-priority' cases — the reference likely only counts 'High' priority. The number is significantly different, so factual correctness is 1. [completeness] The question asks for which customer tier has the most high-priority support cases. The platform provides the tier name (Standard) and a count, plus extensive additional breakdowns. The tier name is correct, but the count is wrong. Since the core entity (Standard) is identified correctly but the count is wrong, this is partially correct — the tier is right but the number is wrong, making it a partial answer. [format_adherence] The judge reference calls for a single customer tier and its count. The platform provides this but also includes extensive additional breakdowns (status breakdown, priority context, monthly trends, limitations). The core answer is present but buried in excessive detail. The format is readable and the key information is there, though it's much more verbose than needed. [sql_plausibility] The SQL statements are syntactically valid. However, the primary SQL uses WHERE sc.priority IN ('Critical','High'), which includes both Critical and High priority cases, while the question asks specifically for 'high-priority' cases. The reference answer of 20,190 suggests only 'High' priority should be filtered. This logical error in the filter condition causes the wrong numeric result. The SQL is valid but logically wrong for the specific question as interpreted by the ground truth.",,,
20260921T153322Z,CRM-T2-04-17,crm,T2,How many interactions are attributed to awareness campaigns?,29843,"A total of 29,843 interactions are attributed to awareness campaigns. This appears to be marketing/campaign engagement data, which breaks down across engagement type, channel, individual campaign, and month. By engagement type, interactions are fairly evenly spread: LinkClick accounts for 4,296, Meeting for 4,283, EmailOpen for 4,271, WebinarAttendance for 4,256, and PhoneCall for 4,253, with FormSubmission and EventAttendance rounding out the remaining categories. By channel, Web recorded 8,549 interactions, Phone recorded 8,536, Email recorded 4,271, Webinar recorded 4,256, and Event recorded 4,231. By individual campaign, the data includes 15 distinct awareness campaigns, with examples such as Awareness Social Campaign 00134 (139), Awareness Social Campaign 01457 (133), Awareness Email Campaign 00547 (129), Awareness Event Campaign 02220 (126), and Awareness Webinar Campaign 01152 (116), and others contributing smaller counts. By month, activity spans 40 months from April 2023 through July 2026, with notable volumes including 1,666 in October 2023, 1,306 in November 2023, 1,889 in January 2025, and 1,859 in March 2026, along with many other months showing lighter activity. Note: this data appears to be marketing/campaign engagement data rather than IT fleet or helpdesk data, so device-failure normalization and root-cause guidance do not directly apply, and no information was provided on unique individuals engaged, so counts may include repeat interactions from the same contact.",pass,1 requirement(s) satisfied,False,not_applicable,not a T3 / outer-join pair,"-- [primary]
SELECT COUNT(*) AS total_awareness_interactions FROM studio.interactions i JOIN studio.campaigns c ON i.campaign_id = c.campaign_id WHERE c.campaign_type = 'Awareness'

-- [statement 2]
SELECT i.engagement_type, COUNT(*) AS n FROM studio.interactions i JOIN studio.campaigns c ON i.campaign_id = c.campaign_id WHERE c.campaign_type = 'Awareness' GROUP BY i.engagement_type ORDER BY n DESC LIMIT 15

-- [statement 3]
SELECT i.channel, COUNT(*) AS n FROM studio.interactions i JOIN studio.campaigns c ON i.campaign_id = c.campaign_id WHERE c.campaign_type = 'Awareness' GROUP BY i.channel ORDER BY n DESC LIMIT 15

-- [statement 4]
SELECT c.campaign_name, COUNT(*) AS n FROM studio.interactions i JOIN studio.campaigns c ON i.campaign_id = c.campaign_id WHERE c.campaign_type = 'Awareness' GROUP BY c.campaign_name ORDER BY n DESC LIMIT 15

-- [statement 5]
SELECT strftime(TRY_CAST(NULLIF(TRIM(i.interaction_at), '') AS DATE), '%Y-%m') AS month, COUNT(*) AS n FROM studio.interactions i JOIN studio.campaigns c ON i.campaign_id = c.campaign_id WHERE c.campaign_type = 'Awareness' GROUP BY month ORDER BY MIN(TRY_CAST(NULLIF(TRIM(i.interaction_at), '') AS DATE))",5,5,5,5,5.0,"[factual_correctness] The platform answer states '29,843 interactions are attributed to awareness campaigns,' which exactly matches the expected answer of 29843. The numeric value is identical. [completeness] The judge reference asks for a single count of interactions attributed to campaigns of the named type. The platform provides that count (29,843) prominently and correctly. Additional breakdown details are supplementary and do not detract from completeness. [format_adherence] The question asks for a count, and the platform provides it clearly in the first sentence. The additional breakdown information is extra but the core answer is present in the correct form. [sql_plausibility] The primary SQL statement joins interactions with campaigns on campaign_id and filters by campaign_type = 'Awareness', then counts rows. This is syntactically valid and logically correct for answering the question. The additional statements provide breakdowns and are also valid SQL.",,,
20260921T153322Z,CRM-T2-04-18,crm,T2,How many interactions are attributed to customer education campaigns?,27950,"A total of 27,950 interactions are attributed to customer education campaigns. This figure reflects a count of recorded interactions and does not necessarily correspond to unique customers, since a single customer could generate multiple interactions across different engagement types or campaigns.

**By Campaign Status**: Completed campaigns account for 14,702 interactions, Active campaigns account for 9,195, and Cancelled campaigns account for 4,053.

**By Engagement Type**: Phone calls make up 4,065 interactions, meetings 4,037, email opens 4,016, webinar attendance 3,995, form submissions 3,990, and the remainder is split across link clicks and event attendance.

**By Channel**: Phone channel interactions total 8,102, web interactions 7,914, email interactions 4,016, webinar interactions 3,995, and event interactions 3,923.

**By Month**: Activity was recorded starting in 2023-06 with 37 interactions, rising through 2023-07 (190), 2023-08 (924), 2023-09 (1,412), and 2023-10 (1,511), with additional months through 2026-07 also reported, showing continued fluctuation over time (including notable spikes such as 2,063 in 2026-02).

**Limitations**: The breakdowns are drawn from the same interaction-level dataset, so counts across engagement type and channel overlap conceptually (e.g., email opens map directly to the Email channel), and should be viewed as complementary views of the same activity rather than independent totals. Because interactions are counted individually rather than de-duplicated by customer, this total may overrepresent the number of distinct customers actually reached. No data quality issues such as missing categories were observed in the provided results, but the monthly series shows considerable variability that would benefit from further trend analysis before drawing conclusions about campaign effectiveness.",pass,1 requirement(s) satisfied,False,not_applicable,not a T3 / outer-join pair,"-- [primary]
SELECT COUNT(*) AS total_interactions FROM studio.interactions i JOIN studio.campaigns c ON i.campaign_id = c.campaign_id WHERE c.campaign_type = 'CustomerEducation'

-- [statement 2]
SELECT c.status AS campaign_status, COUNT(*) AS n FROM studio.interactions i JOIN studio.campaigns c ON i.campaign_id = c.campaign_id WHERE c.campaign_type = 'CustomerEducation' GROUP BY c.status ORDER BY n DESC LIMIT 15

-- [statement 3]
SELECT i.engagement_type, COUNT(*) AS n FROM studio.interactions i JOIN studio.campaigns c ON i.campaign_id = c.campaign_id WHERE c.campaign_type = 'CustomerEducation' GROUP BY i.engagement_type ORDER BY n DESC LIMIT 15

-- [statement 4]
SELECT i.channel, COUNT(*) AS n FROM studio.interactions i JOIN studio.campaigns c ON i.campaign_id = c.campaign_id WHERE c.campaign_type = 'CustomerEducation' GROUP BY i.channel ORDER BY n DESC LIMIT 15

-- [statement 5]
SELECT strftime(TRY_CAST(NULLIF(TRIM(i.interaction_at), '') AS DATE), '%Y-%m') AS month, COUNT(*) AS n FROM studio.interactions i JOIN studio.campaigns c ON i.campaign_id = c.campaign_id WHERE c.campaign_type = 'CustomerEducation' GROUP BY month ORDER BY MIN(TRY_CAST(NULLIF(TRIM(i.interaction_at), '') AS DATE))",5,5,4,5,4.75,"[factual_correctness] The platform answer states 27,950 interactions, which exactly matches the expected answer of 27950. The numeric value is identical. [completeness] The judge reference asks for a single count of interactions attributed to campaigns of the named type. The platform provides that count (27,950) prominently at the start, plus extensive additional breakdowns. The core required value is present and correct. [format_adherence] The judge reference calls for a single count. The platform provides the count but wraps it in extensive additional breakdowns and commentary. The answer is readable and the key figure is present, but the format goes well beyond what was asked. This is a minor deviation — the substance is recoverable and the format isn't wrong per se, just much more verbose than needed. [sql_plausibility] The primary SQL statement performs a COUNT(*) with a JOIN between interactions and campaigns filtered on campaign_type = 'CustomerEducation', which is syntactically valid and logically correct for answering the question. The additional statements provide breakdowns and are also syntactically valid (though statement 5 uses strftime with TRY_CAST which may be dialect-specific, it's still plausible). The set as a whole is valid and the primary statement would produce the expected answer.",,,
20260921T153322Z,CRM-T2-04-19,crm,T2,How many interactions are attributed to nurture campaigns?,26962,"A total of 26,962 interactions are attributed to nurture campaigns. This breakdown covers individual campaigns, engagement type, channel, and monthly trend, though it should be noted that these figures represent recorded interaction (ticket-like) events rather than confirmed unique individuals reached, so the totals may somewhat overrepresent distinct engagement if the same contact interacted multiple times.

**By Campaign**: The top campaigns by interaction count include Nurture Social Campaign 03281 (134), Nurture Webinar Campaign 03100 (130), Nurture Phone Campaign 01039 (119), Nurture Social Campaign 01240 (116), and Nurture Event Campaign 03263 (114), and others among the 15 nurture campaigns reported.

**By Engagement Type**: Interactions are fairly evenly spread across types, including EventAttendance (3,919), LinkClick (3,897), FormSubmission (3,885), PhoneCall (3,844), and WebinarAttendance (3,839), with Meeting and EmailOpen also contributing.

**By Channel**: Web leads the channel breakdown with 7,782 interactions, followed in the data by Phone (7,639), Event (3,919), Webinar (3,839), and Email (3,783).

**By Month**: Interaction volume varies considerably over time, starting at 65 in June 2023, rising to peaks such as 1,467 in October 2023 and 1,837 in March 2026, with lower points such as 26 in August 2024 and 44 in July 2024, among the 38 months reported. This pattern suggests seasonal or campaign-cycle variation rather than a steady rate, though a fuller trend analysis would require additional context on campaign scheduling.

**Limitations**: The engagement type and channel breakdowns sum to totals well above the 26,962 nurture campaign total (roughly 27,000+ each), which may indicate these breakdowns reflect all campaign types (not solely nurture) or a different aggregation base — this should be clarified before drawing firm conclusions, as the figures are not directly reconcilable as presented. Additionally, with only 15 named campaigns and interaction counts fairly close together, individual campaign performance differences appear modest and should be treated as directional rather than definitive given the sample sizes involved.",pass,1 requirement(s) satisfied,False,not_applicable,not a T3 / outer-join pair,"-- [primary]
SELECT COUNT(*) AS total_nurture_interactions FROM studio.interactions i JOIN studio.campaigns c ON i.campaign_id = c.campaign_id WHERE c.campaign_type = 'Nurture'

-- [statement 2]
SELECT c.campaign_name, COUNT(*) AS n FROM studio.interactions i JOIN studio.campaigns c ON i.campaign_id = c.campaign_id WHERE c.campaign_type = 'Nurture' GROUP BY c.campaign_name ORDER BY n DESC LIMIT 15

-- [statement 3]
SELECT i.engagement_type, COUNT(*) AS n FROM studio.interactions i JOIN studio.campaigns c ON i.campaign_id = c.campaign_id WHERE c.campaign_type = 'Nurture' GROUP BY i.engagement_type ORDER BY n DESC LIMIT 15

-- [statement 4]
SELECT i.channel, COUNT(*) AS n FROM studio.interactions i JOIN studio.campaigns c ON i.campaign_id = c.campaign_id WHERE c.campaign_type = 'Nurture' GROUP BY i.channel ORDER BY n DESC LIMIT 15

-- [statement 5]
SELECT strftime(TRY_CAST(NULLIF(TRIM(i.interaction_at), '') AS DATE), '%Y-%m') AS month, COUNT(*) AS n FROM studio.interactions i JOIN studio.campaigns c ON i.campaign_id = c.campaign_id WHERE c.campaign_type = 'Nurture' GROUP BY month ORDER BY MIN(TRY_CAST(NULLIF(TRIM(i.interaction_at), '') AS DATE))",5,5,4,5,4.75,"[factual_correctness] The platform answer states '26,962 interactions are attributed to nurture campaigns,' which exactly matches the expected answer of 26962. The numeric value is identical, just formatted with a comma separator, which is cosmetic. [completeness] The judge reference asks for 'a single count of interactions attributed to campaigns of the named type.' The platform provides that count (26,962) prominently at the start, plus extensive additional breakdowns. The core required value is present and correct. [format_adherence] The judge reference expects a single count. The platform provides the count but wraps it in extensive additional breakdowns and caveats. The answer is much more verbose than needed, but the core answer is present. This is a minor deviation in presentation — the answer is readable and the key figure is clearly stated. [sql_plausibility] The primary SQL statement performs a COUNT(*) joining interactions to campaigns filtered by campaign_type = 'Nurture', which is syntactically valid and logically correct for answering the question. The additional statements provide breakdowns and are also syntactically valid. The set as a whole is plausible and would produce the expected answer.",,,
20260921T153322Z,CRM-T2-04-20,crm,T2,How many interactions are attributed to re-engagement campaigns?,27371,"A total of 27,371 interactions are attributed to re-engagement campaigns. This total can be broken down by campaign, engagement type, channel, and month.

By campaign (15 identified), the leading few by volume are Reengagement Social Campaign 00835 with 128 interactions, Reengagement Email Campaign 02850 with 114, Reengagement Phone Campaign 02293 with 114, Reengagement Event Campaign 00370 with 114, and Reengagement Email Campaign 02205 with 111, and others.

By engagement type, activity is fairly evenly spread: WebinarAttendance has 3,953 interactions, EventAttendance has 3,949, PhoneCall has 3,935, FormSubmission has 3,918, and EmailOpen has 3,915, with Meeting and LinkClick also contributing to the remainder.

By channel: Phone shows 7,814 interactions, Web shows 7,740, Webinar shows 3,953, Event shows 3,949, and Email shows 3,915.

By month, across a multi-year span from June 2023 through July 2026, volumes fluctuate considerably. Early figures were modest, such as 62 in June 2023 and 221 in July 2023, rising into higher activity periods like 1,384 in October 2023, 1,387 in March 2025, and a later high point of 1,940 in February 2026, before tapering to 528 in July 2026, with numerous other months in between.

Note on interpretation: these are counts of logged interactions, not unique contacts. A single person could generate multiple interactions (for example, an email open followed by a phone call) within the same re-engagement effort, so this total may overrepresent the number of distinct individuals or accounts actually reached. Unique-contact-level data would be needed to more precisely estimate true re-engagement reach.",pass,1 requirement(s) satisfied,False,not_applicable,not a T3 / outer-join pair,"-- [primary]
SELECT COUNT(*) AS total_interactions FROM studio.interactions i JOIN studio.campaigns c ON i.campaign_id = c.campaign_id WHERE c.campaign_type = 'Reengagement'

-- [statement 2]
SELECT c.campaign_name, COUNT(*) AS n FROM studio.interactions i JOIN studio.campaigns c ON i.campaign_id = c.campaign_id WHERE c.campaign_type = 'Reengagement' GROUP BY c.campaign_name ORDER BY n DESC LIMIT 15

-- [statement 3]
SELECT i.engagement_type, COUNT(*) AS n FROM studio.interactions i JOIN studio.campaigns c ON i.campaign_id = c.campaign_id WHERE c.campaign_type = 'Reengagement' GROUP BY i.engagement_type ORDER BY n DESC LIMIT 15

-- [statement 4]
SELECT i.channel, COUNT(*) AS n FROM studio.interactions i JOIN studio.campaigns c ON i.campaign_id = c.campaign_id WHERE c.campaign_type = 'Reengagement' GROUP BY i.channel ORDER BY n DESC LIMIT 15

-- [statement 5]
SELECT strftime(TRY_CAST(NULLIF(TRIM(i.interaction_at), '') AS DATE), '%Y-%m') AS month, COUNT(*) AS n FROM studio.interactions i JOIN studio.campaigns c ON i.campaign_id = c.campaign_id WHERE c.campaign_type = 'Reengagement' GROUP BY month ORDER BY MIN(TRY_CAST(NULLIF(TRIM(i.interaction_at), '') AS DATE))",5,5,5,4,4.75,"[factual_correctness] The platform answer states 27,371 interactions, which matches the expected answer of 27371 exactly. The numeric value is correct. [completeness] The judge reference asks for a single count of interactions attributed to re-engagement campaigns. The platform provides that count (27,371) plus extensive breakdowns. The core required value is present and correct. The extra detail does not detract from completeness. [format_adherence] The judge reference expects a single count. The platform provides the count clearly in the first sentence, then adds supplementary breakdowns. The primary answer is immediately accessible, and the additional context is not a format violation — the substance is present in the correct form. [sql_plausibility] The primary SQL statement performs a COUNT(*) with a JOIN between interactions and campaigns filtered on campaign_type = 'Reengagement', which is syntactically valid and logically correct for answering the question. The additional statements provide breakdowns and are also syntactically valid (though statement 5 uses a non-standard strftime/TRY_CAST combination that may be dialect-specific). Overall the SQL set is plausible and the primary statement would produce the expected answer.",,,
20260921T153322Z,CRM-T2-04-21,crm,T2,How many interactions are attributed to retention campaigns?,28005,"A total of 28,005 interactions are attributed to retention campaigns, based on the CRM/marketing engagement data provided. Here's a breakdown by campaign, engagement type, channel, and time period, with the caveat that this reflects logged interaction counts and does not necessarily equate to unique individuals or unique devices/customers engaged.

**By Campaign** (top individual campaigns): Retention Email Campaign 00840 accounts for 133 interactions, Retention Social Campaign 00686 for 132, Retention Event Campaign 00498 for 125, Retention Phone Campaign 03360 for 125, and Retention Event Campaign 02959 for 121, with ten additional named retention campaigns making up the remainder of the total.

**By Engagement Type**: EmailOpen contributed 4,090 interactions, LinkClick 4,048, Meeting 4,034, EventAttendance 4,007, and FormSubmission 3,961, with PhoneCall and WebinarAttendance rounding out the remaining categories. These counts are fairly evenly distributed across the seven engagement types.

**By Channel**: Web recorded 8,009 interactions, Phone 7,973, Email 4,090, Event 4,007, and Webinar 3,926.

**By Month**: Interaction volume varies considerably over the nearly three-year period covered (June 2023 through July 2026). Early months show a ramp-up (e.g., 45 in 2023-06 rising to 1,780 by 2023-10), followed by a decline into 2024, then a resurgence starting late 2024 (624 in 2024-11) and peaking again in early 2026 (1,747 in 2026-02), before tapering off toward mid-2026 (406 in 2026-07). This pattern suggests seasonal or campaign-cycle fluctuations rather than a steady trend.

**Limitations**: This summary reflects logged interaction records only; it does not distinguish unique individuals reached, so interaction counts may overrepresent the number of distinct people or accounts actually engaged. With 15 distinct retention campaigns each showing relatively similar counts (105–133), no single campaign stands out as disproportionately dominant, though sample sizes per campaign are modest. No root cause or performance judgment (e.g., which campaign or channel is more effective) can be made from interaction counts alone, as this data does not include outcome or conversion metrics.",pass,1 requirement(s) satisfied,False,not_applicable,not a T3 / outer-join pair,"-- [primary]
SELECT COUNT(*) AS total_interactions FROM studio.interactions i JOIN studio.campaigns c ON i.campaign_id = c.campaign_id WHERE c.campaign_type = 'Retention'

-- [statement 2]
SELECT c.campaign_name, COUNT(*) AS n FROM studio.interactions i JOIN studio.campaigns c ON i.campaign_id = c.campaign_id WHERE c.campaign_type = 'Retention' GROUP BY c.campaign_name ORDER BY n DESC LIMIT 15

-- [statement 3]
SELECT i.engagement_type, COUNT(*) AS n FROM studio.interactions i JOIN studio.campaigns c ON i.campaign_id = c.campaign_id WHERE c.campaign_type = 'Retention' GROUP BY i.engagement_type ORDER BY n DESC LIMIT 15

-- [statement 4]
SELECT i.channel, COUNT(*) AS n FROM studio.interactions i JOIN studio.campaigns c ON i.campaign_id = c.campaign_id WHERE c.campaign_type = 'Retention' GROUP BY i.channel ORDER BY n DESC LIMIT 15

-- [statement 5]
SELECT strftime(TRY_CAST(NULLIF(TRIM(i.interaction_at), '') AS DATE), '%Y-%m') AS month, COUNT(*) AS n FROM studio.interactions i JOIN studio.campaigns c ON i.campaign_id = c.campaign_id WHERE c.campaign_type = 'Retention' GROUP BY month ORDER BY MIN(TRY_CAST(NULLIF(TRIM(i.interaction_at), '') AS DATE))",5,5,5,5,5.0,"[factual_correctness] The platform answer states '28,005 interactions are attributed to retention campaigns,' which exactly matches the expected answer of 28005. The numeric value is identical; the comma formatting and prose wrapper are cosmetic. [completeness] The judge reference asks for a single count of interactions attributed to retention campaigns. The platform provides that count (28,005) prominently and correctly. Additional breakdowns are supplementary and do not detract. The core required value is present. [format_adherence] The question asks for a count, and the answer leads with the count clearly stated in a sentence. The additional breakdown information is extra but does not obscure the answer. The format is acceptable for this type of question. [sql_plausibility] The primary SQL statement performs a COUNT(*) joining interactions to campaigns filtered by campaign_type = 'Retention', which is logically correct and syntactically valid for producing the expected answer. The additional statements provide breakdowns and are also syntactically valid. The set as a whole is plausible and correct.",,,
20260921T153322Z,CRM-T2-05-22,crm,T2,What is the inbound / outbound interaction breakdown for active contacts?,Outbound | 90424; Inbound | 89940,"Across active contacts, there were 180,364 total recorded interactions, split nearly evenly between outbound (90,424) and inbound (89,940) activity. By channel, Phone accounted for 26,153 inbound and 25,545 outbound interactions, Web had 25,492 inbound and 25,983 outbound, Email had 12,869 inbound and 13,007 outbound, Event had 12,768 inbound and 12,963 outbound, and Webinar had 12,658 inbound and 12,926 outbound — no channel appears heavily skewed toward one direction. By engagement type, PhoneCall showed 13,143 inbound and 12,689 outbound, FormSubmission showed 12,693 inbound and 13,081 outbound, Meeting showed 13,010 inbound and 12,856 outbound, EmailOpen showed 12,869 inbound and 13,007 outbound, and EventAttendance showed 12,768 inbound and 12,963 outbound, with LinkClick and WebinarAttendance also close to even. Viewed monthly from March 2023 through July 2026, inbound and outbound volumes track closely together throughout, rising from very low counts in early 2023 to peaks in the thousands in periods like late 2023 and January 2026 (5,880 inbound vs. 5,864 outbound), with a dip through mid-2024, rather than either direction consistently outpacing the other. These figures represent interaction counts rather than confirmed unique contacts, so the same contact may be represented multiple times, and some early/late months have very low counts that may reflect partial-period data; conclusions on direction balance should be treated as directional given these limitations, and no root cause or cost claims can be supported by this data alone.",pass,4 requirement(s) satisfied,False,not_applicable,not a T3 / outer-join pair,"-- [primary]
SELECT COUNT(*) AS total_interactions, SUM(CASE WHEN i.direction = 'Inbound' THEN 1 ELSE 0 END) AS inbound_count, SUM(CASE WHEN i.direction = 'Outbound' THEN 1 ELSE 0 END) AS outbound_count FROM studio.interactions i JOIN studio.contacts c ON i.contact_id = c.contact_id WHERE c.is_active = 'true'

-- [statement 2]
SELECT i.direction AS direction, COUNT(*) AS n FROM studio.interactions i JOIN studio.contacts c ON i.contact_id = c.contact_id WHERE c.is_active = 'true' AND i.direction IS NOT NULL GROUP BY i.direction ORDER BY n DESC

-- [statement 3]
SELECT i.channel AS channel, i.direction AS direction, COUNT(*) AS n FROM studio.interactions i JOIN studio.contacts c ON i.contact_id = c.contact_id WHERE c.is_active = 'true' AND i.channel IS NOT NULL AND i.direction IS NOT NULL GROUP BY i.channel, i.direction ORDER BY n DESC LIMIT 15

-- [statement 4]
SELECT i.engagement_type AS engagement_type, i.direction AS direction, COUNT(*) AS n FROM studio.interactions i JOIN studio.contacts c ON i.contact_id = c.contact_id WHERE c.is_active = 'true' AND i.engagement_type IS NOT NULL AND i.direction IS NOT NULL GROUP BY i.engagement_type, i.direction ORDER BY n DESC LIMIT 15

-- [statement 5]
SELECT strftime(TRY_CAST(NULLIF(TRIM(i.interaction_at), '') AS DATE), '%Y-%m') AS month, i.direction AS direction, COUNT(*) AS n FROM studio.interactions i JOIN studio.contacts c ON i.contact_id = c.contact_id WHERE c.is_active = 'true' AND i.direction IS NOT NULL AND TRY_CAST(NULLIF(TRIM(i.interaction_at), '') AS DATE) IS NOT NULL GROUP BY month, i.direction ORDER BY MIN(TRY_CAST(NULLIF(TRIM(i.interaction_at), '') AS DATE))",5,5,5,5,5.0,"[factual_correctness] The platform answer states outbound (90,424) and inbound (89,940), which exactly matches the expected answer of Outbound | 90424; Inbound | 89940. The numbers are correct despite additional context being provided. [completeness] The answer includes both required values (inbound and outbound counts) with correct labels. The judge reference asks for interactions split by direction with counts restricted to active contacts, and all of this is present. Additional breakdowns by channel, engagement type, and month are extra but do not detract from completeness. [format_adherence] The judge reference asks for a split by direction with counts. The platform provides this in prose form with the key numbers clearly stated. The format is readable and the substance is present, though it goes well beyond what was asked with extensive additional breakdowns. The core answer is present in the expected format (direction | count), so no significant deduction is warranted. [sql_plausibility] Statement 2 directly answers the question by grouping by direction and counting interactions for active contacts. The JOIN on contacts with the is_active filter is correct. The SQL set as a whole is syntactically valid and logically coherent for the question asked.",,,
20260921T153322Z,CRM-T2-05-23,crm,T2,What is the inbound / outbound interaction breakdown for inactive contacts?,Outbound | 9881; Inbound | 9755,"Inactive contacts generated a total of 19,636 interactions, and the data breaks this down by direction, channel, engagement type, and month. Direction: Outbound interactions totaled 9,881, while Inbound interactions totaled 9,755 — the two are fairly close in volume, with no dramatic skew toward either direction. Channel (by direction): Looking at the channel and direction combination, Inbound Phone interactions numbered 2,847, Outbound Phone 2,804, Outbound Web 2,798, Inbound Web 2,701, and Outbound Webinar 1,467, with the remaining channel/direction combinations (Email, Event, and additional Webinar/Inbound entries) rounding out the total. Engagement Type (by direction): Outbound WebinarAttendance accounted for 1,467 interactions, Inbound Meeting 1,459, Outbound EmailOpen 1,448, Inbound WebinarAttendance 1,438, and Outbound LinkClick 1,414, with other engagement types such as PhoneCall, FormSubmission, EventAttendance, and additional Meeting/EmailOpen entries making up the rest. Monthly Trend: A month-by-month breakdown is also available, spanning from 2023-04 through 2026-07, showing both Inbound and Outbound counts fluctuating together over time, with notably low activity in the earliest and latest months and higher volumes clustering around mid-2023, late 2024, and early 2026. Limitations: These figures represent interaction counts rather than a count of unique inactive contacts, so it is not possible from this data alone to determine how many distinct contacts these interactions involve or whether a small number of contacts are driving a disproportionate share of activity. The channel and engagement-type categories are numerous and fairly evenly distributed, which suggests the breakdown is not concentrated in one area, but this should be treated as directional given the categorical granularity. No further root-cause or financial interpretation is warranted from this dataset alone, as it reflects communication activity rather than device or hardware performance.",pass,4 requirement(s) satisfied,False,not_applicable,not a T3 / outer-join pair,"-- [primary]
SELECT COUNT(*) AS total_interactions FROM studio.interactions i JOIN studio.contacts c ON i.contact_id = c.contact_id WHERE c.is_active = 'false'

-- [statement 2]
SELECT i.direction AS direction, COUNT(*) AS n FROM studio.interactions i JOIN studio.contacts c ON i.contact_id = c.contact_id WHERE c.is_active = 'false' GROUP BY i.direction ORDER BY n DESC LIMIT 15

-- [statement 3]
SELECT i.direction AS direction, i.channel AS channel, COUNT(*) AS n FROM studio.interactions i JOIN studio.contacts c ON i.contact_id = c.contact_id WHERE c.is_active = 'false' GROUP BY i.direction, i.channel ORDER BY n DESC LIMIT 15

-- [statement 4]
SELECT i.direction AS direction, i.engagement_type AS engagement_type, COUNT(*) AS n FROM studio.interactions i JOIN studio.contacts c ON i.contact_id = c.contact_id WHERE c.is_active = 'false' GROUP BY i.direction, i.engagement_type ORDER BY n DESC LIMIT 15

-- [statement 5]
SELECT strftime(TRY_CAST(NULLIF(TRIM(i.interaction_at), '') AS DATE), '%Y-%m') AS month, i.direction AS direction, COUNT(*) AS n FROM studio.interactions i JOIN studio.contacts c ON i.contact_id = c.contact_id WHERE c.is_active = 'false' AND TRY_CAST(NULLIF(TRIM(i.interaction_at), '') AS DATE) IS NOT NULL GROUP BY month, i.direction ORDER BY MIN(TRY_CAST(NULLIF(TRIM(i.interaction_at), '') AS DATE))",5,5,4,5,4.75,"[factual_correctness] The platform answer states 'Outbound interactions totaled 9,881, while Inbound interactions totaled 9,755' which exactly matches the expected answer of 'Outbound | 9881; Inbound | 9755'. The numbers are identical and the direction labels match. [completeness] The answer includes both required values (Outbound 9,881 and Inbound 9,755) with correct labels. The judge reference asks for interactions split by direction with counts restricted to inactive contacts — all of this is present. Additional detail (channel, engagement type, monthly trend) is extra but not penalized. [format_adherence] The judge reference asks for a breakdown by direction with counts. The platform provides this clearly within a longer narrative. The core information is present and readable, though the answer is much more verbose than needed. The format is acceptable — it's a sentence/prose format that includes the required breakdown. [sql_plausibility] Statement 2 directly answers the question by joining interactions with contacts, filtering on is_active = 'false', grouping by direction, and counting. This is syntactically valid and logically correct for the question asked. The set of SQL statements as a whole is coherent and plausible.",,,
20260921T153322Z,CRM-T2-06-24,crm,T2,Which accounts had the most email open interactions recorded directly against them?,Lopez Sanchez | 13; Gould and Sons | 12; Caldwell Edwards and Torres | 11; Fuller Armstrong and Ramos | 11; Mcpherson Ltd | 11,"Across all accounts, a total of 23,442 email open interactions were recorded directly against accounts. Looking at the account-level breakdown, the accounts with the most recorded email opens were Lopez Sanchez (13), Gould and Sons (12), Fuller Armstrong and Ramos (11), Williams Fowler (11), and Mcpherson Ltd (11), with several others—including Caldwell Edwards and Torres, Williams Davis, Smith Long, Banks Group, Hudson Mack, Cox Johnson, Christian Baker and Fernandez, Carter Mueller and Scott, Cruz Hayes and Moore, and Ramos Boyer—recorded at similar counts of 9 to 11. This is a narrow range among the top accounts, indicating no single account dominates email engagement; these differences may not be operationally significant. When viewed by industry, email opens were fairly evenly distributed: Education (3,464), FinancialServices (3,402), Technology (3,384), Manufacturing (3,370), and Retail (3,338), with Healthcare and Energy also represented at similar levels. By customer tier, Standard accounts recorded 14,451 email opens, Preferred accounts recorded 6,530, and Strategic accounts recorded 2,461, though it is unclear from this data whether that reflects more accounts in the Standard tier or genuinely higher engagement per account. Monthly figures spanning April 2023 through July 2026 show engagement has fluctuated over time, with lower activity in the earliest and some recent months and periodic peaks (for example, 1,498 in October 2023 and 1,481 in January 2026), suggesting seasonal or campaign-driven variation. Note that this data reflects email engagement events, not hardware or device interactions, so it should not be used to draw conclusions about fleet reliability or support incidents.",fail,label 'Caldwell Edwards and Torres' present but a different label claims its value; label 'Fuller Armstrong and Ramos' present but a different label claims its value,False,not_applicable,not a T3 / outer-join pair,"-- [primary]
SELECT COUNT(*) AS total_email_open_interactions_with_account FROM studio.interactions WHERE engagement_type = 'EmailOpen' AND account_id IS NOT NULL

-- [statement 2]
SELECT a.account_name, CAST(i.account_id AS INTEGER) AS account_id, COUNT(*) AS email_open_count FROM studio.interactions i JOIN studio.accounts a ON i.account_id = a.account_id WHERE i.engagement_type = 'EmailOpen' AND i.account_id IS NOT NULL GROUP BY a.account_name, i.account_id ORDER BY email_open_count DESC LIMIT 15

-- [statement 3]
SELECT a.industry, COUNT(*) AS email_open_count FROM studio.interactions i JOIN studio.accounts a ON i.account_id = a.account_id WHERE i.engagement_type = 'EmailOpen' AND i.account_id IS NOT NULL GROUP BY a.industry ORDER BY email_open_count DESC LIMIT 15

-- [statement 4]
SELECT a.customer_tier, COUNT(*) AS email_open_count FROM studio.interactions i JOIN studio.accounts a ON i.account_id = a.account_id WHERE i.engagement_type = 'EmailOpen' AND i.account_id IS NOT NULL GROUP BY a.customer_tier ORDER BY email_open_count DESC LIMIT 15

-- [statement 5]
SELECT strftime(d, '%Y-%m') AS month, COUNT(*) AS email_open_count FROM (SELECT TRY_CAST(NULLIF(TRIM(i.interaction_at), '') AS TIMESTAMP)::DATE AS d, i.account_id FROM studio.interactions i WHERE i.engagement_type = 'EmailOpen' AND i.account_id IS NOT NULL) sub GROUP BY month ORDER BY MIN(d)",3,3,3,5,3.5,"[factual_correctness] The expected answer lists: Lopez Sanchez (13), Gould and Sons (12), Caldwell Edwards and Torres (11), Fuller Armstrong and Ramos (11), Mcpherson Ltd (11). The platform answer lists: Lopez Sanchez (13), Gould and Sons (12), Fuller Armstrong and Ramos (11), Williams Fowler (11), Mcpherson Ltd (11). The platform substitutes 'Williams Fowler (11)' for 'Caldwell Edwards and Torres (11)' in the top 5. Caldwell Edwards and Torres is mentioned later in the response as having 9-11 counts, but it is not in the stated top-5 list. This is a factual error — a wrong entity appears in the top results where a correct one should be. [completeness] The question asks for the accounts with the most email open interactions. The expected answer has 5 accounts. The platform provides 5 accounts but one is wrong (Williams Fowler instead of Caldwell Edwards and Torres in the top 5). Additionally, the platform provides extensive supplementary information (industry breakdown, tier breakdown, monthly trends) that wasn't asked for. The core required entities are not all correctly present — one required account is missing from the top-5 list. [format_adherence] The judge reference calls for top accounts by count, highest first. The platform provides a verbose narrative with many additional breakdowns not requested. While the core information is embedded in the text, the format is far more expansive than needed and buries the answer in extensive supplementary analysis. The answer is readable but not in the clean tabular/list shape the question calls for. [sql_plausibility] Statement 2 is the primary answer SQL — it joins interactions to accounts, filters by EmailOpen engagement type, groups by account name and account_id, orders by count descending, and limits to 15. This is syntactically valid and logically correct for the question. The other statements provide supplementary breakdowns. The SQL as a whole is plausible and would produce the expected answer.",,,
20260921T153322Z,CRM-T2-06-25,crm,T2,Which accounts had the most form submission interactions recorded directly against them?,Farmer Burch and Nelson | 11; Tucker Alexander and Long | 11; Banks Chen and Mccoy | 10; Wilson Hall | 10; Anderson Holden and Armstrong | 9,"This dataset appears to come from a CRM/marketing system rather than the district's Helpdesk or MDM fleet records, so IT fleet-specific normalization (unique devices, warranty status, etc.) does not apply here; this summary simply reports the figures as recorded. A total of 23,250 form submission interactions were recorded directly against accounts, and this breaks down by account, industry, and customer tier.

**By Account** — Williams PLC recorded 39 form submission interactions, Johnson and Sons recorded 37, Smith Group recorded 35, Smith and Sons recorded 34, and Smith LLC recorded 33, with several other accounts (including Johnson Group, Lopez Ltd, Johnson Inc, Smith Ltd, Johnson Ltd, Williams Ltd, Williams Group, Williams LLC, and Jackson Inc) also showing interaction counts in a similar range.

**By Industry** — Education accounts recorded 3,450 interactions, Technology recorded 3,391, FinancialServices recorded 3,368, Energy recorded 3,295, and Retail recorded 3,273, with Healthcare (3,270) and Manufacturing (3,203) rounding out the remaining industries.

**By Customer Tier** — Standard tier accounts recorded 14,357 interactions, Preferred tier accounts recorded 6,489, and Strategic tier accounts recorded 2,404.

Limitations: the individual account-level counts (in the 20s–30s range) are small relative to the industry and tier totals, so drawing firm conclusions about which specific accounts are most engaged should be done cautiously — these are directional figures rather than definitive rankings. No timestamp, data-quality, or root-cause information was provided, so no further analysis of causes or trends can be offered.",fail,value '11' not present; value '11' not present; value '10' not present; value '10' not present (+6 more),False,not_applicable,not a T3 / outer-join pair,"-- [primary]
SELECT COUNT(*) AS total_form_submission_interactions FROM studio.interactions WHERE engagement_type = 'FormSubmission' AND account_id IS NOT NULL

-- [statement 2]
SELECT a.account_name AS account, COUNT(*) AS form_submission_count FROM studio.interactions i JOIN studio.accounts a ON i.account_id = a.account_id WHERE i.engagement_type = 'FormSubmission' AND i.account_id IS NOT NULL GROUP BY a.account_name ORDER BY form_submission_count DESC LIMIT 15

-- [statement 3]
SELECT a.industry AS industry, COUNT(*) AS form_submission_count FROM studio.interactions i JOIN studio.accounts a ON i.account_id = a.account_id WHERE i.engagement_type = 'FormSubmission' AND i.account_id IS NOT NULL GROUP BY a.industry ORDER BY form_submission_count DESC LIMIT 15

-- [statement 4]
SELECT a.customer_tier AS customer_tier, COUNT(*) AS form_submission_count FROM studio.interactions i JOIN studio.accounts a ON i.account_id = a.account_id WHERE i.engagement_type = 'FormSubmission' AND i.account_id IS NOT NULL GROUP BY a.customer_tier ORDER BY form_submission_count DESC LIMIT 15",1,1,2,3,1.75,"[factual_correctness] The expected answer lists specific accounts with counts of 11, 11, 10, 10, and 9 (Farmer Burch and Nelson, Tucker Alexander and Long, Banks Chen and Mccoy, Wilson Hall, Anderson Holden and Armstrong). The platform answer lists completely different accounts (Williams PLC with 39, Johnson and Sons with 37, etc.) with entirely different counts. The central facts contradict the expected answer entirely. [completeness] The expected answer requires the top accounts by form submission count with their specific values. The platform answer provides none of the correct accounts or values. The question is essentially unanswered in terms of the required entities and figures. [format_adherence] The question asks for a ranked list of accounts with their counts. The platform provides an overly verbose response with multiple breakdowns (by account, industry, tier) and lengthy disclaimers, which does not match the expected simple ranked list format. The shape is wrong and cluttered. [sql_plausibility] Statement 2 is syntactically valid and logically coherent for answering the question — it joins interactions to accounts, filters by FormSubmission engagement type, groups by account name, and orders by count descending with a limit. However, the results it produced differ from the expected answer, suggesting either a schema mismatch or incorrect filtering. The SQL itself is structurally sound and would execute, so it scores reasonably, but the results are wrong suggesting a logical issue (possibly the engagement_type value or table relationship is wrong).",,,
20260921T153322Z,CRM-T2-06-26,crm,T2,Which accounts had the most link click interactions recorded directly against them?,Hall Ltd | 14; Gray Inc | 12; Blair Duncan | 11; Williams LLC | 11; Holland Schwartz | 10,"Note: This dataset appears unrelated to K-12 device fleet management and instead reflects CRM-style engagement data (accounts, industries, customer tiers, and link click interactions), so the organization's IT fleet analysis framework is not directly applicable here; the summary below simply reports what the data shows.

Across all accounts, a total of 23,101 link click interactions were recorded directly against accounts. Looking at individual accounts, Hall Ltd had 14 link clicks, Gray Inc had 12, Blair Duncan had 11, Williams LLC had 11, and Smith Group had 10, with several other accounts (including Todd LLC, Tucker Alexander and Long, Williams Fowler, Turner and Sons, and Holland Schwartz) also recording 10 each, and others further down the list.

Breaking this down by industry, Technology accounts recorded 3,416 link clicks, Financial Services accounts recorded 3,401, Healthcare accounts recorded 3,346, Education accounts recorded 3,295, and Retail accounts recorded 3,268, with Manufacturing and Energy also represented among the remaining industries.

By customer tier, Standard accounts recorded 14,202 link clicks, Preferred accounts recorded 6,407, and Strategic accounts recorded 2,492.

A monthly breakdown is also available, spanning from April 2023 through July 2026, showing considerable month-to-month variation (for example, activity peaked at 1,508 in January 2026 and was as low as 3 in April 2023), which may be useful context for understanding trends over time, though no further interpretation is offered here.

**Limitations**: These figures reflect raw click counts recorded against accounts and may not correspond one-to-one with unique accounts or individuals interacting with links; multiple clicks from the same account are possible. No information was provided on data completeness, tracking consistency, or whether all accounts are represented, so these results should be treated as directional rather than a definitive ranking.",pass,10 requirement(s) satisfied,False,not_applicable,not a T3 / outer-join pair,"-- [primary]
SELECT COUNT(*) AS total_link_click_interactions_with_account FROM studio.interactions WHERE engagement_type = 'LinkClick' AND account_id IS NOT NULL

-- [statement 2]
SELECT a.account_id, a.account_name, COUNT(*) AS link_click_count FROM studio.interactions i JOIN studio.accounts a ON i.account_id = a.account_id WHERE i.engagement_type = 'LinkClick' AND i.account_id IS NOT NULL GROUP BY a.account_id, a.account_name ORDER BY link_click_count DESC LIMIT 15

-- [statement 3]
SELECT a.industry, COUNT(*) AS link_click_count FROM studio.interactions i JOIN studio.accounts a ON i.account_id = a.account_id WHERE i.engagement_type = 'LinkClick' AND i.account_id IS NOT NULL GROUP BY a.industry ORDER BY link_click_count DESC LIMIT 15

-- [statement 4]
SELECT a.customer_tier, COUNT(*) AS link_click_count FROM studio.interactions i JOIN studio.accounts a ON i.account_id = a.account_id WHERE i.engagement_type = 'LinkClick' AND i.account_id IS NOT NULL GROUP BY a.customer_tier ORDER BY link_click_count DESC LIMIT 15

-- [statement 5]
SELECT strftime(TRY_CAST(NULLIF(TRIM(i.interaction_at), '') AS DATE), '%Y-%m') AS month, COUNT(*) AS link_click_count FROM studio.interactions i WHERE i.engagement_type = 'LinkClick' AND i.account_id IS NOT NULL GROUP BY month ORDER BY MIN(TRY_CAST(NULLIF(TRIM(i.interaction_at), '') AS DATE))",3,3,3,5,3.5,"[factual_correctness] The expected answer lists: Hall Ltd 14, Gray Inc 12, Blair Duncan 11, Williams LLC 11, Holland Schwartz 10. The platform answer correctly states Hall Ltd 14, Gray Inc 12, Blair Duncan 11, Williams LLC 11, but then says 'Smith Group had 10' instead of 'Holland Schwartz 10'. Holland Schwartz is mentioned later as also having 10, but Smith Group is incorrectly placed as the fifth entry. The fifth-ranked account in the expected answer is Holland Schwartz with 10, not Smith Group. This is a factual error in the primary ranking. [completeness] The judge reference asks for top accounts by count of link click interactions on the direct account-to-interaction relationship, highest first. The platform provides the top accounts but misidentifies the fifth account (Smith Group instead of Holland Schwartz as the primary fifth entry). Holland Schwartz is mentioned but buried in a list of accounts 'also recording 10 each,' not clearly identified as the fifth-ranked account. The core ranking is partially correct but the fifth position is wrong/unclear. [format_adherence] The question asks which accounts had the most link click interactions. The judge reference expects a ranked list. The platform provides a verbose answer with many additional breakdowns (industry, tier, monthly) that were not requested. The core answer is present but buried in excessive detail. The format is readable but not the clean ranked list shape the question calls for. [sql_plausibility] Statement 2 is the key SQL that answers the question: it joins interactions to accounts, filters by engagement_type = 'LinkClick', groups by account, orders by count descending, and limits to 15. This is syntactically valid and logically correct for the question. The other statements provide supporting breakdowns. The SQL set as a whole is plausible and statement 2 would produce the expected answer.",,,
20260921T153322Z,CRM-T2-06-27,crm,T2,Which accounts had the most meeting interactions recorded directly against them?,Gould and Sons | 18; Williamson and Sons | 13; Young and Sons | 12; King Inc | 11; Lucas Garcia | 11,"Across the full dataset, a total of 23,277 meeting interactions were recorded directly against accounts. Looking at the individual accounts with the most meeting interactions, Gould and Sons leads the list shown with 18 interactions, followed by Williamson and Sons (13), Young and Sons (12), King Inc (11), and Lucas Garcia (11), with several other accounts including Pierce Ltd, Cline LLC, and others each recording 10 interactions.

Breaking this down by industry, FinancialServices accounts had 3,453 meeting interactions, Technology had 3,416, Energy had 3,352, Education had 3,300, and Healthcare had 3,287, with Manufacturing and Retail also represented among the remaining industries.

By customer tier, Standard-tier accounts accounted for 14,341 meeting interactions, Preferred-tier accounts for 6,528, and Strategic-tier accounts for 2,408.

A monthly view of activity is also available, showing meeting interaction volume fluctuating over time from as few as 3 in April 2023 up to peaks around 1,500 in months such as January 2025 and January 2026, with several other months in between showing varying levels of activity.

Note: this dataset reflects CRM-style account and meeting interaction records rather than IT fleet or helpdesk data, so the K12 IT fleet-specific analysis framework (device failure normalization, root cause assessment, etc.) does not directly apply to this particular result set.",pass,10 requirement(s) satisfied,False,not_applicable,not a T3 / outer-join pair,"-- [primary]
SELECT COUNT(*) AS total_meeting_interactions FROM studio.interactions i WHERE i.engagement_type = 'Meeting' AND i.account_id IS NOT NULL

-- [statement 2]
SELECT a.account_name, CAST(a.account_id AS INTEGER) AS account_id, COUNT(*) AS meeting_interaction_count FROM studio.interactions i JOIN studio.accounts a ON i.account_id = a.account_id WHERE i.engagement_type = 'Meeting' AND i.account_id IS NOT NULL GROUP BY a.account_name, a.account_id ORDER BY meeting_interaction_count DESC LIMIT 15

-- [statement 3]
SELECT a.industry, COUNT(*) AS meeting_interaction_count FROM studio.interactions i JOIN studio.accounts a ON i.account_id = a.account_id WHERE i.engagement_type = 'Meeting' AND i.account_id IS NOT NULL GROUP BY a.industry ORDER BY meeting_interaction_count DESC LIMIT 15

-- [statement 4]
SELECT strftime(TRY_CAST(NULLIF(TRIM(i.interaction_at), '') AS DATE), '%Y-%m') AS month, COUNT(*) AS meeting_interaction_count FROM studio.interactions i WHERE i.engagement_type = 'Meeting' AND i.account_id IS NOT NULL GROUP BY month ORDER BY MIN(TRY_CAST(NULLIF(TRIM(i.interaction_at), '') AS DATE))

-- [statement 5]
SELECT a.customer_tier, COUNT(*) AS meeting_interaction_count FROM studio.interactions i JOIN studio.accounts a ON i.account_id = a.account_id WHERE i.engagement_type = 'Meeting' AND i.account_id IS NOT NULL GROUP BY a.customer_tier ORDER BY meeting_interaction_count DESC LIMIT 15",5,5,4,5,4.75,"[factual_correctness] The platform answer correctly identifies all five top accounts with their exact counts: Gould and Sons (18), Williamson and Sons (13), Young and Sons (12), King Inc (11), and Lucas Garcia (11). These match the expected answer exactly. The additional information about industry breakdowns, customer tiers, and monthly views does not contradict the expected answer. [completeness] All five required accounts and their counts are present in the correct order. The judge reference asks for top accounts by count on the direct account-to-interaction relationship, highest first, and all five entries are present with correct values and ordering. [format_adherence] The question asks which accounts had the most meeting interactions. The answer provides the information in a prose format with the key data embedded. While the judge reference suggests a ranked list format, the platform answer does convey the information clearly. The answer includes substantial additional unrequested information (industry breakdowns, tier breakdowns, monthly views) which adds noise but doesn't obstruct the core answer. [sql_plausibility] Statement 2 is the one that answers the question - it joins interactions to accounts, filters by engagement_type = 'Meeting' and non-null account_id, groups by account name and id, orders by count descending, and limits to 15. This is syntactically valid and logically correct for the question. The other statements provide supporting breakdowns. The SQL as a whole is valid and plausible.",,,
20260921T153322Z,CRM-T2-06-28,crm,T2,Which accounts had the most webinar attendance interactions recorded directly against them?,King Chapman | 12; Wilcox Hurst | 12; Martin LLC | 11; Farmer Wright | 10; Lewis Webb and Hodges | 10,"A total of 23,175 webinar attendance interactions have been recorded directly against accounts. Looking at the breakdowns provided by account, industry, region, and month gives useful context, though it's worth noting that at the account level the counts are quite small and tightly clustered (ranging from 9 to 12), so no single account stands out with disproportionately high engagement.

**By Account** — King Chapman recorded 12 interactions, Wilcox Hurst recorded 12, Martin LLC recorded 11, Farmer Wright recorded 10, and Oneill Jimenez and Sullivan recorded 10, among others with similarly modest counts (down to 9 for accounts like Mack Collins, Kline Sparks and Taylor, and several more).

**By Industry** — Financial Services accounted for 3,433 interactions, Energy for 3,384, Technology for 3,370, Education for 3,346, and Healthcare for 3,245, with Manufacturing (3,222) and Retail (3,175) rounding out the remaining industries. The spread across industries is fairly narrow, suggesting attendance is broadly distributed rather than concentrated in one sector.

**By Region** — West recorded 4,767 interactions, South recorded 4,760, Central recorded 4,620, East recorded 4,556, and North recorded 4,472. As with industries, the regional counts are close together, indicating relatively even participation across geographies.

**By Month** — Attendance activity varies noticeably over time, with recorded interactions starting low in 2023-04 (2) and rising through mid-to-late 2023, peaking around 2023-10 (1,417) before declining into early-to-mid 2024. A similar rise-and-fall pattern repeats into 2024-12 through 2025-01 (1,398 and 1,422) and again toward 2026-01 (1,607), the highest single-month figure in the series, before tapering off through mid-2026. This cyclical pattern may reflect seasonal webinar scheduling rather than a steady trend, and should be interpreted directionally given the month-to-month volatility.

Overall, no single account, industry, or region dominates the attendance totals — engagement appears fairly evenly distributed, while the monthly data points to recurring seasonal peaks in webinar participation.",fail,label 'Wilcox Hurst' present but a different label claims its value; label 'Martin LLC' present but a different label claims its value; label 'Lewis Webb and Hodges' not present,False,not_applicable,not a T3 / outer-join pair,"-- [primary]
SELECT COUNT(*) AS total_webinar_attendance_interactions_with_account FROM studio.interactions WHERE engagement_type = 'WebinarAttendance' AND account_id IS NOT NULL

-- [statement 2]
SELECT a.account_id, a.account_name, COUNT(*) AS webinar_attendance_count FROM studio.interactions i JOIN studio.accounts a ON i.account_id = a.account_id WHERE i.engagement_type = 'WebinarAttendance' AND i.account_id IS NOT NULL GROUP BY a.account_id, a.account_name ORDER BY webinar_attendance_count DESC LIMIT 15

-- [statement 3]
SELECT a.industry, COUNT(*) AS webinar_attendance_count FROM studio.interactions i JOIN studio.accounts a ON i.account_id = a.account_id WHERE i.engagement_type = 'WebinarAttendance' AND i.account_id IS NOT NULL GROUP BY a.industry ORDER BY webinar_attendance_count DESC LIMIT 15

-- [statement 4]
SELECT a.region, COUNT(*) AS webinar_attendance_count FROM studio.interactions i JOIN studio.accounts a ON i.account_id = a.account_id WHERE i.engagement_type = 'WebinarAttendance' AND i.account_id IS NOT NULL GROUP BY a.region ORDER BY webinar_attendance_count DESC LIMIT 15

-- [statement 5]
SELECT strftime(TRY_CAST(NULLIF(TRIM(i.interaction_at), '') AS DATE), '%Y-%m') AS month, COUNT(*) AS webinar_attendance_count FROM studio.interactions i WHERE i.engagement_type = 'WebinarAttendance' AND i.account_id IS NOT NULL GROUP BY month ORDER BY MIN(TRY_CAST(NULLIF(TRIM(i.interaction_at), '') AS DATE))",3,3,3,5,3.5,"[factual_correctness] The expected answer lists: King Chapman 12, Wilcox Hurst 12, Martin LLC 11, Farmer Wright 10, Lewis Webb and Hodges 10. The platform answer lists: King Chapman 12, Wilcox Hurst 12, Martin LLC 11, Farmer Wright 10, and Oneill Jimenez and Sullivan 10. The first four entries match exactly. The fifth entry differs — the expected answer has 'Lewis Webb and Hodges' with 10, but the platform reports 'Oneill Jimenez and Sullivan' with 10. This is a factual error on one of the five required entries. [completeness] The question asks which accounts had the most webinar attendance interactions. The judge reference calls for the top accounts by count. The expected answer has 5 entries. The platform provides the top accounts but substitutes 'Oneill Jimenez and Sullivan' for 'Lewis Webb and Hodges' as the fifth entry. Four of five required entities are correct; one is wrong/missing. This is a partial completeness issue. [format_adherence] The platform provides a verbose answer with multiple breakdowns (by account, industry, region, month) that were not asked for. The question only asked which accounts had the most webinar attendance interactions. While the account-level information is present and readable, the format is much more expansive than needed. The core answer is embedded in a longer response, which is a minor deviation but the required information is present and clearly labeled. [sql_plausibility] Statement 2 correctly joins interactions to accounts, filters by engagement_type = 'WebinarAttendance', groups by account, orders by count descending, and limits to 15 — this would produce the answer to the question. The SQL set as a whole is syntactically valid and logically coherent for the question asked.",,,
20260921T153322Z,CRM-T2-07-29,crm,T2,How many email interactions came from contacts with the title Business Analyst?,4185,"Contacts with the title Business Analyst were associated with 4,185 email interactions in total. Note this data comes from CRM/marketing engagement records rather than IT helpdesk or MDM systems, so the organization's normalized-fleet-rate and hardware root-cause guidance does not directly apply here; the figures below are presented as-is.

**Engagement Type** — All 4,185 interactions were categorized as email opens, with no other engagement types reported in this breakdown, so no comparison across interaction types is possible.

**Direction** — Interactions split fairly evenly between outbound (2,127) and inbound (2,058) emails.

**Monthly Trend** — Activity has fluctuated considerably over the roughly 40 months of available data, starting very low in 2023-04 (1) and 2023-05 (3), rising through 2023-09 (270) and 2023-10 (281), tapering into 2024 with lower months like 2024-08 (5), then climbing again into 2024-12 (222), 2025-01 (277), and 2026-01 (269), among other months, with the most recent recorded month being 2026-07 (60).

**Account** — A notable portion of interactions (775) had no associated account name recorded, which limits full attribution. Among named accounts, Garcia Inc (9), Brown Inc (8), Hudson Mack (8), Lee Group (8), and Thornton Group (8) appear, and others follow with similar counts.

**Limitations:** The large number of unattributed account records (775) and the presence of only one engagement type in this breakdown suggest the underlying data may be incomplete or filtered in a way that limits deeper analysis. These figures should be treated as directional rather than a definitive measure of engagement patterns for this title.",pass,1 requirement(s) satisfied,False,not_applicable,not a T3 / outer-join pair,"-- [primary]
SELECT COUNT(*) AS total_email_interactions FROM studio.interactions i JOIN studio.contacts c ON i.contact_id = c.contact_id WHERE i.channel = 'Email' AND c.title = 'Business Analyst'

-- [statement 2]
SELECT i.engagement_type, COUNT(*) AS n FROM studio.interactions i JOIN studio.contacts c ON i.contact_id = c.contact_id WHERE i.channel = 'Email' AND c.title = 'Business Analyst' GROUP BY i.engagement_type ORDER BY n DESC LIMIT 15

-- [statement 3]
SELECT i.direction, COUNT(*) AS n FROM studio.interactions i JOIN studio.contacts c ON i.contact_id = c.contact_id WHERE i.channel = 'Email' AND c.title = 'Business Analyst' GROUP BY i.direction ORDER BY n DESC LIMIT 15

-- [statement 4]
SELECT strftime(TRY_CAST(NULLIF(TRIM(i.interaction_at), '') AS DATE), '%Y-%m') AS month, COUNT(*) AS n FROM studio.interactions i JOIN studio.contacts c ON i.contact_id = c.contact_id WHERE i.channel = 'Email' AND c.title = 'Business Analyst' GROUP BY month ORDER BY MIN(TRY_CAST(NULLIF(TRIM(i.interaction_at), '') AS DATE))

-- [statement 5]
SELECT a.account_name, COUNT(*) AS n FROM studio.interactions i JOIN studio.contacts c ON i.contact_id = c.contact_id LEFT JOIN studio.accounts a ON i.account_id = a.account_id WHERE i.channel = 'Email' AND c.title = 'Business Analyst' GROUP BY a.account_name ORDER BY n DESC LIMIT 15",5,5,4,5,4.75,"[factual_correctness] The platform answer states 4,185 email interactions, which exactly matches the expected answer of 4185. The numeric value is correct. [completeness] The judge reference asks for a single count of interactions on the named channel tied to contacts holding the named title. The platform provides that count (4,185) clearly at the start, along with additional breakdowns. The core required value is present. [format_adherence] The question asks for a count, and the judge reference expects a single count. The platform provides the count but wraps it in extensive additional analysis (breakdowns by direction, monthly trend, account, etc.) that was not requested. However, the count is clearly stated and the format is readable. The extra information is not a deduction per the rules, but the presentation is more elaborate than needed. The core answer is present in the correct form. [sql_plausibility] The primary SQL statement performs a COUNT(*) with a JOIN between interactions and contacts, filtering on channel = 'Email' and title = 'Business Analyst'. This is syntactically valid and logically correct for the question. The additional statements provide supporting breakdowns and are also valid SQL.",,,
20260921T153322Z,CRM-T2-07-30,crm,T2,How many event interactions came from contacts with the title Business Analyst?,3967,"Contacts with the title Business Analyst generated a total of 28,772 event interactions. Note that this figure reflects total logged interaction records rather than a count of unique devices or individuals, so it may not correspond one-to-one with distinct contacts or engagement events.

**Interaction Type Breakdown**: Phone Call accounted for 4,196 interactions, Email Open for 4,185, Form Submission for 4,137, Meeting for 4,114, and Webinar Attendance for 4,106, with additional types such as Link Click and Event Attendance also contributing.

**Channel Breakdown**: The Phone channel recorded 8,310 interactions, Web recorded 8,204, Email recorded 4,185, Webinar recorded 4,106, and Event recorded 3,967. These channel totals aggregate related interaction types (for example, phone calls and meetings likely both roll into the Phone channel), so the channel and interaction-type breakdowns are not strictly additive against each other.

**Monthly Trend**: Activity was recorded across 40 months, starting from a small volume in 2023-04 (6 interactions) and rising through mid-to-late 2023, peaking at 1,839 in 2023-10 before tapering off into early-to-mid 2024. Volumes rose again into 2024-11 through 2025-01 (1,864), dipped over the following months, then climbed again into the 2025-12 to 2026-03 period, with 2026-01 showing 1,916 interactions, before declining into the most recent months of the data (2026-07 at 353). This pattern suggests a recurring seasonal cycle rather than a steady trend, though confirming true seasonality would require further analysis.

**Limitations**: These figures represent interaction records rather than confirmed unique contacts or devices, so counts may overrepresent the number of distinct individuals involved. Additionally, the interaction-type and channel dimensions are not mutually exclusive breakdowns of the same total, so they should be interpreted as separate views rather than components that sum to the overall total.",pass,1 requirement(s) satisfied,False,not_applicable,not a T3 / outer-join pair,"-- [primary]
SELECT COUNT(*) AS total_interactions FROM studio.interactions i JOIN studio.contacts c ON i.contact_id = c.contact_id WHERE c.title = 'Business Analyst'

-- [statement 2]
SELECT i.engagement_type, COUNT(*) AS n FROM studio.interactions i JOIN studio.contacts c ON i.contact_id = c.contact_id WHERE c.title = 'Business Analyst' GROUP BY i.engagement_type ORDER BY n DESC LIMIT 15

-- [statement 3]
SELECT i.channel, COUNT(*) AS n FROM studio.interactions i JOIN studio.contacts c ON i.contact_id = c.contact_id WHERE c.title = 'Business Analyst' GROUP BY i.channel ORDER BY n DESC LIMIT 15

-- [statement 4]
SELECT strftime(TRY_CAST(NULLIF(TRIM(i.interaction_at), '') AS DATE), '%Y-%m') AS month, COUNT(*) AS n FROM studio.interactions i JOIN studio.contacts c ON i.contact_id = c.contact_id WHERE c.title = 'Business Analyst' GROUP BY month ORDER BY MIN(TRY_CAST(NULLIF(TRIM(i.interaction_at), '') AS DATE))",2,2,2,4,2.5,"[factual_correctness] The expected answer is 3,967 event interactions. The platform answer gives 28,772 as the total interactions (which is all interaction types, not just event interactions), and buries the correct figure of 3,967 in the channel breakdown as 'Event recorded 3,967'. The headline answer contradicts the expected answer by reporting 28,772 instead of 3,967. The question specifically asks about 'event interactions,' and the platform misidentified the scope, reporting all interactions instead. The correct number appears only as a sub-component in the breakdown, not as the primary answer. [completeness] The judge reference calls for a single count of interactions on the named channel (Event) tied to contacts holding the named title (Business Analyst). The correct value of 3,967 is present in the response but buried in a channel breakdown rather than presented as the answer. The primary answer given (28,772) is wrong, and the correct figure is only incidentally mentioned. This makes the response mostly incomplete for the actual question asked. [format_adherence] The judge reference expects a single count. The platform returned an extensive multi-section breakdown with totals, breakdowns by type, channel, and monthly trends. While the correct number appears somewhere in the text, the format is far more elaborate than required and the primary answer stated is wrong. The format significantly deviates from what was asked. [sql_plausibility] The primary SQL counts all interactions for Business Analyst contacts without filtering for event interactions specifically. Statement 3 groups by channel and would show the Event channel count of 3,967, which matches the expected answer. So taken together, the SQL set does contain a query that could produce the correct answer (the channel breakdown). The SQL is syntactically valid and logically coherent for the breakdowns shown.",,,
20260921T153322Z,CRM-T2-07-31,crm,T2,How many phone interactions came from contacts with the title Business Analyst?,8310,"A total of 8,310 phone interactions came from contacts holding the title of Business Analyst. To add context, this total can be viewed through engagement type, direction, timing, and account distribution, though some data quality caveats apply.

**Engagement Type**: The breakdown shows two categories — PhoneCall (4,196) and Meeting (4,114). These sum to slightly more than the primary total of 8,310, and it's worth noting that 'Meeting' may not strictly represent a phone call, so this dimension should be treated as an approximate categorization of engagement activity rather than an exact breakdown of the phone interaction total.

**Direction**: Interactions are fairly evenly split by direction, with Inbound at 4,194 and Outbound at 4,116.

**Timing**: Activity is recorded across 40 months, from 2023-04 through 2026-07, with counts varying considerably month to month — for example, 3 in 2023-04, 555 in 2023-10, 8 in 2024-08, 538 in 2025-01, and 555 in 2026-02, among many other months. Activity appears lower in mid-summer periods and higher around fall and early-year months in several years, though this pattern is directional given the level of detail available.

**Account**: When grouped by account, 1,518 interactions have no associated account name, which is a notable data gap. Among named accounts, volumes are fairly even, including Wright LLC (12), Howard Group (12), Johnson LLC (12), Gibbs PLC (12), and Moore Ponce and Adams (11), among others.

**Limitations**: The large unlabeled account category and the mismatch between the primary total and the engagement-type breakdown suggest some inconsistency in how these interactions are categorized or recorded. Interaction counts also reflect individual records rather than confirmed unique contacts, so this data should be treated as directional rather than a precise measure of unique Business Analyst engagement.",pass,1 requirement(s) satisfied,False,not_applicable,not a T3 / outer-join pair,"-- [primary]
SELECT COUNT(*) AS phone_interactions FROM studio.interactions i JOIN studio.contacts c ON i.contact_id = c.contact_id WHERE i.channel = 'Phone' AND c.title = 'Business Analyst'

-- [statement 2]
SELECT i.engagement_type, COUNT(*) AS n FROM studio.interactions i JOIN studio.contacts c ON i.contact_id = c.contact_id WHERE i.channel = 'Phone' AND c.title = 'Business Analyst' GROUP BY i.engagement_type ORDER BY n DESC LIMIT 15

-- [statement 3]
SELECT i.direction, COUNT(*) AS n FROM studio.interactions i JOIN studio.contacts c ON i.contact_id = c.contact_id WHERE i.channel = 'Phone' AND c.title = 'Business Analyst' GROUP BY i.direction ORDER BY n DESC LIMIT 15

-- [statement 4]
SELECT strftime(TRY_CAST(NULLIF(TRIM(i.interaction_at), '') AS DATE), '%Y-%m') AS month, COUNT(*) AS n FROM studio.interactions i JOIN studio.contacts c ON i.contact_id = c.contact_id WHERE i.channel = 'Phone' AND c.title = 'Business Analyst' GROUP BY month ORDER BY MIN(TRY_CAST(NULLIF(TRIM(i.interaction_at), '') AS DATE))

-- [statement 5]
SELECT a.account_name, COUNT(*) AS n FROM studio.interactions i JOIN studio.contacts c ON i.contact_id = c.contact_id LEFT JOIN studio.accounts a ON i.account_id = a.account_id WHERE i.channel = 'Phone' AND c.title = 'Business Analyst' GROUP BY a.account_name ORDER BY n DESC LIMIT 15",5,5,5,5,5.0,"[factual_correctness] The platform answer states 8,310 phone interactions, which exactly matches the expected answer of 8310. The additional context provided does not contradict this figure. [completeness] The judge reference asks for a single count of interactions on the named channel tied to contacts holding the named title. The platform provides exactly that (8,310), plus extensive additional breakdowns. The core answer is fully present. [format_adherence] The question asks for a count, and the platform leads with the correct count in a clear sentence. The additional breakdown information is supplementary and does not obscure the answer. The format is appropriate. [sql_plausibility] The primary SQL statement joins interactions to contacts, filters on channel = 'Phone' and title = 'Business Analyst', and counts rows — this is syntactically valid and logically correct for the question. The supporting statements are also valid SQL performing reasonable breakdowns.",,,
20260921T153322Z,CRM-T2-07-32,crm,T2,How many phone interactions came from contacts with the title Service Delivery Manager?,8276,"A total of 8,276 phone interactions were recorded from contacts holding the title Service Delivery Manager. This breaks down across engagement type, direction, time period, and associated account.

**Engagement Type** — Meetings accounted for 4,145 of these interactions, while Phone Calls accounted for 4,131.

**Direction** — Inbound interactions totaled 4,281, and Outbound interactions totaled 3,995.

**Monthly Activity** — Interaction volume was tracked across 40 months. Early activity was minimal, starting with 1 in 2023-04 and 7 in 2023-05, then rising to 35 in 2023-06, 150 in 2023-07, and 341 in 2023-08. Volumes continued to fluctuate across the remaining months (including notable months such as 513 in 2024-12, 523 in 2025-01, and 540 in 2026-01), and others, reflecting variation over the multi-year period rather than a steady trend.

**Associated Account** — A large portion of interactions, 1,508, were not tied to a specific named account. Among named accounts, Smith and Sons had 17 interactions, Johnson Inc had 14, Smith Ltd had 14, Smith PLC had 12, and Gonzalez and Sons had 12, and others.

Note: Since these figures are based on interaction records rather than confirmed unique contacts or devices, the counts may reflect multiple interactions with the same individuals rather than a distinct count of unique Service Delivery Managers contacted. No further root-cause or financial interpretation is warranted from this data alone, as it reflects communication volume rather than operational or hardware performance.",pass,1 requirement(s) satisfied,False,not_applicable,not a T3 / outer-join pair,"-- [primary]
SELECT COUNT(*) AS total_phone_interactions FROM studio.interactions i JOIN studio.contacts c ON i.contact_id = c.contact_id WHERE i.channel = 'Phone' AND c.title = 'Service Delivery Manager'

-- [statement 2]
SELECT i.engagement_type, COUNT(*) AS n FROM studio.interactions i JOIN studio.contacts c ON i.contact_id = c.contact_id WHERE i.channel = 'Phone' AND c.title = 'Service Delivery Manager' GROUP BY i.engagement_type ORDER BY n DESC LIMIT 15

-- [statement 3]
SELECT i.direction, COUNT(*) AS n FROM studio.interactions i JOIN studio.contacts c ON i.contact_id = c.contact_id WHERE i.channel = 'Phone' AND c.title = 'Service Delivery Manager' GROUP BY i.direction ORDER BY n DESC LIMIT 15

-- [statement 4]
SELECT strftime(TRY_CAST(NULLIF(TRIM(i.interaction_at), '') AS DATE), '%Y-%m') AS month, COUNT(*) AS n FROM studio.interactions i JOIN studio.contacts c ON i.contact_id = c.contact_id WHERE i.channel = 'Phone' AND c.title = 'Service Delivery Manager' GROUP BY month ORDER BY MIN(TRY_CAST(NULLIF(TRIM(i.interaction_at), '') AS DATE))

-- [statement 5]
SELECT a.account_name, COUNT(*) AS n FROM studio.interactions i JOIN studio.contacts c ON i.contact_id = c.contact_id LEFT JOIN studio.accounts a ON i.account_id = a.account_id WHERE i.channel = 'Phone' AND c.title = 'Service Delivery Manager' GROUP BY a.account_name ORDER BY n DESC LIMIT 15",5,5,4,5,4.75,"[factual_correctness] The platform answer states 8,276 phone interactions, which exactly matches the expected answer of 8276. The numeric value is correct. [completeness] The judge reference asks for a single count of interactions on the named channel tied to contacts holding the named title. The platform provides that count (8,276) prominently, plus extensive breakdowns. The core required value is present and correct. [format_adherence] The judge reference calls for a single count. The platform provides the count but wraps it in extensive additional breakdowns (engagement type, direction, monthly activity, account). While the answer is more verbose than needed, the core answer is clearly stated. This is a minor deviation from the expected single-count format. [sql_plausibility] The primary SQL statement is syntactically valid and logically correct: it joins interactions to contacts, filters on channel='Phone' and title='Service Delivery Manager', and counts rows. The additional statements are valid breakdowns. The SQL set as a whole is plausible and would produce the expected answer.",,,
20260921T153322Z,CRM-T2-07-33,crm,T2,How many web interactions came from contacts with the title Service Delivery Manager?,8340,"Contacts with the title Service Delivery Manager generated a total of 8,340 web interactions. This breaks down across engagement type, interaction direction, and time period.

**Engagement Type** — Link clicks accounted for 4,189 interactions, while form submissions accounted for 4,151.

**Direction** — Outbound interactions numbered 4,174, and inbound interactions numbered 4,166, indicating a fairly even split between the two directions.

**Monthly Activity** — Interaction volume varied considerably over the nearly 39-month period covered. Early activity was modest, with 8 in May 2023 and 36 in June 2023, before climbing to 139 in July 2023, 345 in August 2023, and 464 in September 2023. Volumes continued to fluctuate in subsequent months, with notable peaks such as 507 in December 2024, 546 in January 2025, and 569 in January 2026, among many other months not listed individually here.

Note: these figures reflect counts of recorded interactions rather than the number of unique contacts or devices involved, so caution should be used if inferring engagement levels per individual contact.",pass,1 requirement(s) satisfied,False,not_applicable,not a T3 / outer-join pair,"-- [primary]
SELECT COUNT(*) AS web_interaction_count FROM studio.interactions i JOIN studio.contacts c ON i.contact_id = c.contact_id WHERE c.title = 'Service Delivery Manager' AND i.channel = 'Web'

-- [statement 2]
SELECT i.engagement_type, COUNT(*) AS n FROM studio.interactions i JOIN studio.contacts c ON i.contact_id = c.contact_id WHERE c.title = 'Service Delivery Manager' AND i.channel = 'Web' GROUP BY i.engagement_type ORDER BY n DESC LIMIT 15

-- [statement 3]
SELECT i.direction, COUNT(*) AS n FROM studio.interactions i JOIN studio.contacts c ON i.contact_id = c.contact_id WHERE c.title = 'Service Delivery Manager' AND i.channel = 'Web' GROUP BY i.direction ORDER BY n DESC LIMIT 15

-- [statement 4]
SELECT strftime(TRY_CAST(NULLIF(TRIM(i.interaction_at), '') AS DATE), '%Y-%m') AS month, COUNT(*) AS n FROM studio.interactions i JOIN studio.contacts c ON i.contact_id = c.contact_id WHERE c.title = 'Service Delivery Manager' AND i.channel = 'Web' GROUP BY month ORDER BY MIN(TRY_CAST(NULLIF(TRIM(i.interaction_at), '') AS DATE))",5,5,4,5,4.75,"[factual_correctness] The platform answer states 8,340 web interactions, which matches the expected answer of 8340 exactly. The numeric value is correct. [completeness] The judge reference asks for a single count of interactions on the named channel tied to contacts holding the named title. The platform provides that count (8,340) clearly and prominently, along with additional breakdowns. The core required value is present. [format_adherence] The judge reference calls for a single count. The platform provides the count but wraps it in extensive additional breakdowns (engagement type, direction, monthly activity). The core answer is present and clear, but the format goes well beyond what was asked. This is a minor deviation — the answer is readable and the key figure is stated upfront. [sql_plausibility] The primary SQL statement is a straightforward COUNT(*) with a JOIN on contact_id, filtering by title = 'Service Delivery Manager' and channel = 'Web'. This is syntactically valid and logically correct for the question. The additional statements are valid breakdowns. The set as a whole is plausible and would produce the expected answer.",,,
20260921T153322Z,CRM-T2-07-34,crm,T2,How many webinar interactions came from contacts with the title Service Delivery Manager?,4161,"Contacts holding the title Service Delivery Manager generated 4,161 webinar interactions in total. Breaking this down by engagement type, all 4,161 of these interactions are categorized as Webinar Attendance, meaning the entire total reflects attendance-based engagement with no other interaction types represented in this dataset.

By account, the interactions are spread across many organizations, with 760 interactions not associated with a named account. Among named accounts, Smith Group accounts for 11 interactions, Smith and Sons for 10, Smith LLC for 8, and Johnson Inc for 8, with the remaining accounts (including Johnson Group, Hale and Sons, Hoffman Johnson, and others) each contributing smaller counts.

Looking at the monthly trend, interactions appear across a multi-year span from May 2023 through July 2026. Early activity was modest (4 in May 2023, 26 in June 2023, 77 in July 2023), building toward a peak of 265 in September 2023, before tapering off through 2024. Activity picked up again in late 2024 and into 2025, reaching 273 in January 2025, and a similar cyclical pattern continued into 2026, with a high of 298 in January 2026, followed by gradual declines through mid-2026 (68 in June 2026, 54 in July 2026).

**Limitations:** This total reflects webinar attendance ticket-style records tied to the Service Delivery Manager title and may overrepresent unique individuals if the same contact attended multiple webinars. The account breakdown shows a large 'unknown account' segment (760), which limits the ability to draw firm conclusions about which organizations are most engaged. The monthly trend spans nearly three years with recurring seasonal peaks (notably around September–January), suggesting a cyclical pattern, but this should be treated as directional given the absence of deeper segmentation (e.g., by webinar topic or contact seniority).",pass,1 requirement(s) satisfied,False,not_applicable,not a T3 / outer-join pair,"-- [primary]
SELECT COUNT(*) AS total_webinar_interactions FROM studio.interactions i JOIN studio.contacts c ON i.contact_id = c.contact_id WHERE i.channel = 'Webinar' AND c.title = 'Service Delivery Manager'

-- [statement 2]
SELECT i.engagement_type, COUNT(*) AS n FROM studio.interactions i JOIN studio.contacts c ON i.contact_id = c.contact_id WHERE i.channel = 'Webinar' AND c.title = 'Service Delivery Manager' GROUP BY i.engagement_type ORDER BY n DESC LIMIT 15

-- [statement 3]
SELECT a.account_name, COUNT(*) AS n FROM studio.interactions i JOIN studio.contacts c ON i.contact_id = c.contact_id LEFT JOIN studio.accounts a ON i.account_id = a.account_id WHERE i.channel = 'Webinar' AND c.title = 'Service Delivery Manager' GROUP BY a.account_name ORDER BY n DESC LIMIT 15

-- [statement 4]
SELECT strftime(TRY_CAST(NULLIF(TRIM(i.interaction_at), '') AS DATE), '%Y-%m') AS month, COUNT(*) AS n FROM studio.interactions i JOIN studio.contacts c ON i.contact_id = c.contact_id WHERE i.channel = 'Webinar' AND c.title = 'Service Delivery Manager' GROUP BY month ORDER BY MIN(TRY_CAST(NULLIF(TRIM(i.interaction_at), '') AS DATE))",5,5,4,5,4.75,"[factual_correctness] The platform answer states 4,161 webinar interactions, which matches the expected answer of 4161 exactly. The numeric value is correct. [completeness] The judge reference asks for a single count of interactions on the named channel tied to contacts holding the named title. The platform provides that count (4,161) clearly and prominently, along with extensive additional breakdowns. The core required value is present. [format_adherence] The question asks for a count, and the answer leads with the correct count in a sentence. The judge reference calls for a single count response. The platform provides far more detail than needed (breakdowns by engagement type, account, monthly trend, and limitations), but the core answer is present. The format is readable and the number is clearly stated, though the extensive additional content goes well beyond what was asked. [sql_plausibility] The primary SQL statement is a straightforward COUNT(*) with a JOIN between interactions and contacts, filtering on channel='Webinar' and title='Service Delivery Manager'. This is syntactically valid and logically correct for the question. The additional statements provide breakdowns and are also valid SQL.",,,
20260921T153322Z,CRM-T2-08-35,crm,T2,What percentage of support cases for accounts in education were resolved within their SLA deadline?,23.21,"Of the 9,485 resolved support cases for education accounts, 4,730 were resolved within their SLA deadline, giving an overall on-time resolution rate of 49.87% — meaning roughly half of resolved cases met their SLA target. This summary covers breakdowns by case category, priority level, and customer tier, with a note on data limitations.

**By Case Category**: General Inquiry had 1,607 resolved cases at 49.35% within SLA, Billing had 1,606 resolved cases at 48.75%, Access had 1,584 resolved cases at 50.25%, Integration had 1,571 resolved cases at 51.81%, and Product Issue had 1,561 resolved cases at 49.97%, and others (including Service Request). All categories cluster tightly in the high-40s to low-50s percent range, suggesting no single case type is disproportionately driving SLA misses.

**By Priority**: Medium had 4,013 resolved cases at 49.26% within SLA, Low had 2,664 resolved cases at 49.66%, High had 2,119 resolved cases at 51.3%, and Critical had 689 resolved cases at 49.78%. These rates are also closely grouped, with no priority tier standing out.

**By Customer Tier**: Standard had 5,929 resolved cases at 49.7% within SLA, Preferred had 2,582 resolved cases at 50.04%, and Strategic had 974 resolved cases at 50.41%.

**Limitations**: A monthly breakdown was also available but shows highly uneven case volumes — some months have only 1-3 resolved cases while others have 800+, so monthly percentages, especially in the earliest and most recent periods, should be treated as directional rather than definitive. Also, these figures reflect resolved case counts, not necessarily unique devices or distinct underlying issues, so ticket volume should not be interpreted as a direct measure of failure rates.

**Root Cause Assessment**: Because SLA compliance rates are consistently in the 48-52% range across categories, priority levels, and customer tiers, the roughly 50% miss rate appears to be systemic (potentially related to staffing capacity, workflow, or SLA target design) rather than attributable to any specific case type, urgency level, or account tier. The data does not provide clear evidence of a root cause tied to a particular product or process defect.

**Strategic Recommendations**: In the near term, review overall workflow and staffing capacity since no segment is a clear outlier. In the mid term, continue monitoring higher-volume recent months for emerging trends rather than drawing conclusions from low-volume months. Longer term, consider evaluating whether SLA targets and resourcing align with case intake volume, particularly during higher-demand periods, to help close the roughly even split between on-time and late resolutions.",fail,value '23.21' not present,False,not_applicable,not a T3 / outer-join pair,"-- [primary]
WITH cases AS (SELECT sc.case_id, TRY_CAST(NULLIF(TRIM(sc.resolved_at), '') AS TIMESTAMP) AS resolved_at, TRY_CAST(NULLIF(TRIM(sc.sla_due_at), '') AS TIMESTAMP) AS sla_due_at FROM studio.""support_cases 1"" sc JOIN studio.accounts a ON sc.account_id = a.account_id WHERE a.industry = 'Education' AND sc.resolved_at IS NOT NULL AND sc.resolved_at != '') SELECT COUNT(*) AS resolved_cases, SUM(CASE WHEN resolved_at <= sla_due_at THEN 1 ELSE 0 END) AS resolved_within_sla, ROUND(100.0 * SUM(CASE WHEN resolved_at <= sla_due_at THEN 1 ELSE 0 END) / NULLIF(COUNT(*),0), 2) AS pct_within_sla FROM cases

-- [statement 2]
WITH cases AS (SELECT sc.category, TRY_CAST(NULLIF(TRIM(sc.resolved_at), '') AS TIMESTAMP) AS resolved_at, TRY_CAST(NULLIF(TRIM(sc.sla_due_at), '') AS TIMESTAMP) AS sla_due_at FROM studio.""support_cases 1"" sc JOIN studio.accounts a ON sc.account_id = a.account_id WHERE a.industry = 'Education' AND sc.resolved_at IS NOT NULL AND sc.resolved_at != '') SELECT COALESCE(category,'Unknown') AS category, COUNT(*) AS resolved_cases, ROUND(100.0 * SUM(CASE WHEN resolved_at <= sla_due_at THEN 1 ELSE 0 END) / NULLIF(COUNT(*),0), 2) AS pct_within_sla FROM cases GROUP BY category ORDER BY resolved_cases DESC LIMIT 15

-- [statement 3]
WITH cases AS (SELECT sc.priority, TRY_CAST(NULLIF(TRIM(sc.resolved_at), '') AS TIMESTAMP) AS resolved_at, TRY_CAST(NULLIF(TRIM(sc.sla_due_at), '') AS TIMESTAMP) AS sla_due_at FROM studio.""support_cases 1"" sc JOIN studio.accounts a ON sc.account_id = a.account_id WHERE a.industry = 'Education' AND sc.resolved_at IS NOT NULL AND sc.resolved_at != '') SELECT COALESCE(priority,'Unknown') AS priority, COUNT(*) AS resolved_cases, ROUND(100.0 * SUM(CASE WHEN resolved_at <= sla_due_at THEN 1 ELSE 0 END) / NULLIF(COUNT(*),0), 2) AS pct_within_sla FROM cases GROUP BY priority ORDER BY resolved_cases DESC LIMIT 15

-- [statement 4]
WITH cases AS (SELECT TRY_CAST(NULLIF(TRIM(sc.opened_at), '') AS DATE) AS d, TRY_CAST(NULLIF(TRIM(sc.resolved_at), '') AS TIMESTAMP) AS resolved_at, TRY_CAST(NULLIF(TRIM(sc.sla_due_at), '') AS TIMESTAMP) AS sla_due_at FROM studio.""support_cases 1"" sc JOIN studio.accounts a ON sc.account_id = a.account_id WHERE a.industry = 'Education' AND sc.resolved_at IS NOT NULL AND sc.resolved_at != '' AND sc.opened_at IS NOT NULL AND sc.opened_at != '') SELECT strftime(d, '%Y-%m') AS month, COUNT(*) AS resolved_cases, ROUND(100.0 * SUM(CASE WHEN resolved_at <= sla_due_at THEN 1 ELSE 0 END) / NULLIF(COUNT(*),0), 2) AS pct_within_sla FROM cases WHERE d IS NOT NULL GROUP BY month ORDER BY MIN(d)

-- [statement 5]
WITH cases AS (SELECT a.customer_tier, TRY_CAST(NULLIF(TRIM(sc.resolved_at), '') AS TIMESTAMP) AS resolved_at, TRY_CAST(NULLIF(TRIM(sc.sla_due_at), '') AS TIMESTAMP) AS sla_due_at FROM studio.""support_cases 1"" sc JOIN studio.accounts a ON sc.account_id = a.account_id WHERE a.industry = 'Education' AND sc.resolved_at IS NOT NULL AND sc.resolved_at != '') SELECT COALESCE(customer_tier,'Unknown') AS customer_tier, COUNT(*) AS resolved_cases, ROUND(100.0 * SUM(CASE WHEN resolved_at <= sla_due_at THEN 1 ELSE 0 END) / NULLIF(COUNT(*),0), 2) AS pct_within_sla FROM cases GROUP BY customer_tier ORDER BY resolved_cases DESC LIMIT 15",1,2,2,2,1.75,"[factual_correctness] The expected answer is 23.21%. The platform answer states 49.87%. This is a significant numeric variance — the platform filtered only resolved cases (WHERE resolved_at IS NOT NULL) in the denominator, excluding unresolved cases, while the reference SQL apparently includes all cases (resolved and unresolved) in the denominator. The result 49.87% is completely different from 23.21%, making this factually wrong. [completeness] The judge reference asks for a single percentage covering all support cases (including unresolved ones) for education accounts resolved within SLA. The platform provides a percentage but it is computed on a different base (only resolved cases), so the key required value is effectively wrong/missing in substance. The platform provides extensive breakdowns that weren't asked for, but the core single percentage is incorrect. [format_adherence] The judge reference calls for a single percentage with two decimals. The platform provides a verbose multi-section response with breakdowns by category, priority, customer tier, limitations, root cause assessment, and strategic recommendations. While the headline number is present, the format is far from the expected single percentage — it's an elaborate report. This is a significant format deviation. [sql_plausibility] The primary SQL filters WHERE sc.resolved_at IS NOT NULL, which means it only counts resolved cases in the denominator. The expected answer of 23.21% implies unresolved cases should be included in the total (denominator = all cases, not just resolved ones). So the SQL is syntactically valid but logically wrong for the question as intended — it would produce 49.87% rather than 23.21%. This is a logical error in the SQL.",,,
20260921T153322Z,CRM-T2-08-36,crm,T2,What percentage of support cases for accounts in energy were resolved within their SLA deadline?,23.04,"Among resolved support cases for energy sector accounts, 9,568 cases were resolved, and about 50.11% (4,795 cases) were closed within their SLA deadline — indicating that roughly half of resolved tickets missed their target resolution window.

**Category Breakdown**: Looking at resolved cases by category, General Inquiry cases (1,638 resolved) had a 49.27% on-time rate, Integration cases (1,622 resolved) came in at 49.14%, Product Issue cases (1,596 resolved) were higher at 52.13%, Billing cases (1,587 resolved) stood at 49.34%, and Service Request cases (1,579 resolved) reached 50.79%, with Access cases and others rounding out the remainder. The spread across categories is fairly narrow (roughly 49% to 52%), suggesting no single case type is dramatically better or worse at meeting SLA targets.

**Priority Breakdown**: By priority level, Medium priority cases (4,051 resolved) had a 50.09% on-time rate, Low priority (2,748 resolved) was at 49.85%, High priority (2,124 resolved) reached 50.61%, and Critical priority (645 resolved, the smallest sample here) came in at 49.77%. These rates are all clustered closely together, so priority level does not appear to be a strong differentiator in SLA adherence for this data.

**Monthly Trend**: Monthly figures span April 2023 through March 2024, with resolved case volumes varying widely — from very small counts (1 case in April 2023, 2 cases in March 2024) up to peak months like September 2023 (878 resolved cases, 52.28% within SLA) and August 2023 (685 resolved cases, 52.12% within SLA). On-time rates across the higher-volume months (roughly June 2023 through January 2024) generally sit in the 48%–57% range.

**Limitations**: This analysis is based on resolved case counts, not confirmed unique devices or unique accounts, so ticket volume may not directly equate to the number of distinct issues or customers affected. Several months (notably April 2023, February 2024, and March 2024) have very small sample sizes (1–7 resolved cases), making their percentages unreliable and highly sensitive to individual cases; these should be treated as directional only. No data was provided on ticket severity definitions, staffing levels, or SLA deadline thresholds, so root causes for the roughly 50% miss rate cannot be determined from this data alone.

**Comparative Notes**: Category and priority breakdowns show relatively even performance (all within about a 3-point band), so no category or priority stands out as a clear driver of SLA misses based on this data alone. This is a case-level (not device-level) comparison, so it should not be interpreted as reflecting hardware or equipment reliability.

**Root Cause Assessment**: The data does not provide clear evidence pointing to a specific root cause (e.g., staffing, complexity, or process gaps) for the near-50% SLA miss rate; any explanation would be speculative without additional operational context such as staffing levels or ticket handling times.

**Strategic Recommendation**: Given that roughly half of resolved cases missed SLA across nearly all categories and priorities, a phased approach is reasonable: first, investigate SLA miss patterns in the highest-volume months (e.g., August–October 2023) to identify whether staffing or volume spikes correlated with lower on-time rates; second, review whether SLA targets are realistic across case types before making process changes; and third, avoid broad process overhauls until root cause data (e.g., ticket handling time logs) is available to confirm where the gap is occurring.",fail,value '23.04' not present,False,not_applicable,not a T3 / outer-join pair,"-- [primary]
WITH energy_cases AS (
  SELECT sc.*
  FROM ""studio"".""support_cases 1"" sc
  JOIN studio.accounts a ON sc.account_id = a.account_id
  WHERE LOWER(a.industry) = 'energy'
    AND sc.resolved_at IS NOT NULL
)
SELECT
  COUNT(*) AS resolved_cases,
  SUM(CASE WHEN TRY_CAST(resolved_at AS TIMESTAMP) <= TRY_CAST(sla_due_at AS TIMESTAMP) THEN 1 ELSE 0 END) AS resolved_within_sla,
  ROUND(100.0 * SUM(CASE WHEN TRY_CAST(resolved_at AS TIMESTAMP) <= TRY_CAST(sla_due_at AS TIMESTAMP) THEN 1 ELSE 0 END) / NULLIF(COUNT(*),0), 2) AS pct_within_sla
FROM energy_cases

-- [statement 2]
WITH energy_cases AS (
  SELECT sc.*
  FROM ""studio"".""support_cases 1"" sc
  JOIN studio.accounts a ON sc.account_id = a.account_id
  WHERE LOWER(a.industry) = 'energy'
    AND sc.resolved_at IS NOT NULL
)
SELECT category,
  COUNT(*) AS resolved_cases,
  ROUND(100.0 * SUM(CASE WHEN TRY_CAST(resolved_at AS TIMESTAMP) <= TRY_CAST(sla_due_at AS TIMESTAMP) THEN 1 ELSE 0 END) / NULLIF(COUNT(*),0), 2) AS pct_within_sla
FROM energy_cases
GROUP BY category
ORDER BY resolved_cases DESC
LIMIT 15

-- [statement 3]
WITH energy_cases AS (
  SELECT sc.*
  FROM ""studio"".""support_cases 1"" sc
  JOIN studio.accounts a ON sc.account_id = a.account_id
  WHERE LOWER(a.industry) = 'energy'
    AND sc.resolved_at IS NOT NULL
)
SELECT priority,
  COUNT(*) AS resolved_cases,
  ROUND(100.0 * SUM(CASE WHEN TRY_CAST(resolved_at AS TIMESTAMP) <= TRY_CAST(sla_due_at AS TIMESTAMP) THEN 1 ELSE 0 END) / NULLIF(COUNT(*),0), 2) AS pct_within_sla
FROM energy_cases
GROUP BY priority
ORDER BY resolved_cases DESC
LIMIT 15

-- [statement 4]
WITH energy_cases AS (
  SELECT sc.*, TRY_CAST(NULLIF(TRIM(sc.resolved_at), '') AS DATE) AS d
  FROM ""studio"".""support_cases 1"" sc
  JOIN studio.accounts a ON sc.account_id = a.account_id
  WHERE LOWER(a.industry) = 'energy'
    AND sc.resolved_at IS NOT NULL
)
SELECT strftime(d, '%Y-%m') AS resolution_month,
  COUNT(*) AS resolved_cases,
  ROUND(100.0 * SUM(CASE WHEN TRY_CAST(resolved_at AS TIMESTAMP) <= TRY_CAST(sla_due_at AS TIMESTAMP) THEN 1 ELSE 0 END) / NULLIF(COUNT(*),0), 2) AS pct_within_sla
FROM energy_cases
WHERE d IS NOT NULL AND EXTRACT(YEAR FROM d) BETWEEN 1990 AND 2050
GROUP BY resolution_month
ORDER BY MIN(d)
LIMIT 12",1,2,2,2,1.75,"[factual_correctness] The expected answer is 23.04%. The platform answer states 50.11% as the key figure. This is a significant numeric discrepancy — the platform's number is more than double the correct answer. The critical error in the SQL is filtering to only resolved cases (sc.resolved_at IS NOT NULL), whereas the reference requires counting ALL support cases (including unresolved ones) in the denominator. This inflates the percentage dramatically. The stated figure of 50.11% directly contradicts the ground truth of 23.04%. [completeness] The judge reference asks for a single percentage representing the share of all support cases resolved on or before their SLA deadline, with unresolved cases counting against the rate. The platform provides a percentage (50.11%) but it is computed on the wrong base (only resolved cases). The answer also includes extensive breakdowns by category, priority, and month that were not requested. The core required value is present but computed incorrectly, making the answer substantively incomplete in terms of answering the actual question correctly. [format_adherence] The judge reference specifies a single percentage (0-100, two decimals). The platform provides a verbose multi-section response with breakdowns, recommendations, and caveats far beyond what was asked. While the headline number is present, the format significantly deviates from the expected single-value response. However, the number is recoverable from the text. [sql_plausibility] The primary SQL filters to only resolved cases (sc.resolved_at IS NOT NULL) before computing the percentage. This is logically wrong for the question, which asks about the percentage of ALL support cases resolved within SLA — unresolved cases should count against the rate. The SQL would produce a valid result syntactically, but it answers a different question (percentage of resolved cases that met SLA, not percentage of all cases). This is a logical error that produces the wrong answer.",,,
20260921T153322Z,CRM-T2-08-37,crm,T2,What percentage of support cases for accounts in financial services were resolved within their SLA deadline?,22.84,"Among resolved support cases for financial services accounts, 9,603 cases were resolved in total, and 4,778 of them met their SLA deadline, giving an overall SLA compliance rate of 49.76% (essentially just under half). Data Summary and Comparative Analysis: By case category, results are fairly consistent — ServiceRequest (1,589 cases, 50.98% met SLA), Integration (1,597 cases, 50.66%), GeneralInquiry (1,614 cases, 49.88%), and others such as ProductIssue (1,588 cases, 49.75%), Access (1,597 cases, 49.09%), and Billing (1,618 cases, 48.21%). By priority, High (2,194 cases, 51.00%), Critical (658 cases, 50.61%), Medium (4,075 cases, 49.35%), and Low (2,676 cases, 49.14%) are all closely clustered near the overall rate. By customer tier, Standard (5,903 cases, 49.35%), Preferred (2,697 cases, 49.54%), and Strategic (1,003 cases, 52.74%) show the Strategic tier somewhat higher, though on a smaller base. By month, compliance generally ranged roughly between 40% and 61% for months with meaningful volume, without a clear sustained trend; a handful of months had only 1 resolved case (producing unreliable 0% or 100% rates), and one entry is dated 2099-12, which looks like a data quality anomaly. Limitations: these are ticket counts, not confirmed unique devices or unique accounts, so the rate may not equal the share of affected customers; several monthly figures rest on very small samples and should be read as directional only; and no root-cause detail was available to explain why cases miss SLA. Cautious Assessment: because the ~49-51% SLA-met rate is consistent across categories and priority levels, this looks like a broader process or capacity pattern rather than an issue tied to any single case type — this is a directional read, not a definitive root cause. Strategic Recommendations: in the near term, review SLA targets and staffing capacity for financial services support and correct the anomalous 2099-12 record; in the medium term, examine whether practices used for the Strategic tier could be extended to Standard and Preferred tiers, and apply a minimum sample-size threshold before reporting monthly SLA percentages to avoid overreacting to statistically thin months.",fail,value '22.84' not present,False,not_applicable,not a T3 / outer-join pair,"-- [primary]
WITH resolved AS (SELECT sc.case_id, TRY_CAST(NULLIF(TRIM(sc.resolved_at),'') AS TIMESTAMP) AS resolved_ts, TRY_CAST(NULLIF(TRIM(sc.sla_due_at),'') AS TIMESTAMP) AS sla_ts FROM studio.""support_cases 1"" sc JOIN studio.accounts a ON sc.account_id = a.account_id WHERE a.industry = 'FinancialServices' AND sc.resolved_at IS NOT NULL AND TRIM(sc.resolved_at) <> '') SELECT COUNT(*) AS total_resolved_cases, SUM(CASE WHEN resolved_ts <= sla_ts THEN 1 ELSE 0 END) AS met_sla_count, ROUND(100.0 * SUM(CASE WHEN resolved_ts <= sla_ts THEN 1 ELSE 0 END) / NULLIF(COUNT(*),0), 2) AS pct_met_sla FROM resolved WHERE resolved_ts IS NOT NULL AND sla_ts IS NOT NULL

-- [statement 2]
WITH resolved AS (SELECT sc.category, TRY_CAST(NULLIF(TRIM(sc.resolved_at),'') AS TIMESTAMP) AS resolved_ts, TRY_CAST(NULLIF(TRIM(sc.sla_due_at),'') AS TIMESTAMP) AS sla_ts FROM studio.""support_cases 1"" sc JOIN studio.accounts a ON sc.account_id = a.account_id WHERE a.industry = 'FinancialServices' AND sc.resolved_at IS NOT NULL AND TRIM(sc.resolved_at) <> '') SELECT category, COUNT(*) AS total_resolved, ROUND(100.0 * SUM(CASE WHEN resolved_ts <= sla_ts THEN 1 ELSE 0 END) / NULLIF(COUNT(*),0), 2) AS pct_met_sla FROM resolved WHERE resolved_ts IS NOT NULL AND sla_ts IS NOT NULL GROUP BY category ORDER BY total_resolved DESC LIMIT 15

-- [statement 3]
WITH resolved AS (SELECT sc.priority, TRY_CAST(NULLIF(TRIM(sc.resolved_at),'') AS TIMESTAMP) AS resolved_ts, TRY_CAST(NULLIF(TRIM(sc.sla_due_at),'') AS TIMESTAMP) AS sla_ts FROM studio.""support_cases 1"" sc JOIN studio.accounts a ON sc.account_id = a.account_id WHERE a.industry = 'FinancialServices' AND sc.resolved_at IS NOT NULL AND TRIM(sc.resolved_at) <> '') SELECT priority, COUNT(*) AS total_resolved, ROUND(100.0 * SUM(CASE WHEN resolved_ts <= sla_ts THEN 1 ELSE 0 END) / NULLIF(COUNT(*),0), 2) AS pct_met_sla FROM resolved WHERE resolved_ts IS NOT NULL AND sla_ts IS NOT NULL GROUP BY priority ORDER BY total_resolved DESC LIMIT 15

-- [statement 4]
WITH resolved AS (SELECT a.customer_tier, TRY_CAST(NULLIF(TRIM(sc.resolved_at),'') AS TIMESTAMP) AS resolved_ts, TRY_CAST(NULLIF(TRIM(sc.sla_due_at),'') AS TIMESTAMP) AS sla_ts FROM studio.""support_cases 1"" sc JOIN studio.accounts a ON sc.account_id = a.account_id WHERE a.industry = 'FinancialServices' AND sc.resolved_at IS NOT NULL AND TRIM(sc.resolved_at) <> '') SELECT customer_tier, COUNT(*) AS total_resolved, ROUND(100.0 * SUM(CASE WHEN resolved_ts <= sla_ts THEN 1 ELSE 0 END) / NULLIF(COUNT(*),0), 2) AS pct_met_sla FROM resolved WHERE resolved_ts IS NOT NULL AND sla_ts IS NOT NULL GROUP BY customer_tier ORDER BY total_resolved DESC LIMIT 15

-- [statement 5]
WITH resolved AS (SELECT TRY_CAST(NULLIF(TRIM(sc.resolved_at),'') AS TIMESTAMP) AS resolved_ts, TRY_CAST(NULLIF(TRIM(sc.sla_due_at),'') AS TIMESTAMP) AS sla_ts, TRY_CAST(NULLIF(TRIM(sc.opened_at),'') AS DATE) AS opened_d FROM studio.""support_cases 1"" sc JOIN studio.accounts a ON sc.account_id = a.account_id WHERE a.industry = 'FinancialServices' AND sc.resolved_at IS NOT NULL AND TRIM(sc.resolved_at) <> '') SELECT strftime(opened_d, '%Y-%m') AS month, COUNT(*) AS total_resolved, ROUND(100.0 * SUM(CASE WHEN resolved_ts <= sla_ts THEN 1 ELSE 0 END) / NULLIF(COUNT(*),0), 2) AS pct_met_sla FROM resolved WHERE resolved_ts IS NOT NULL AND sla_ts IS NOT NULL AND opened_d IS NOT NULL GROUP BY month ORDER BY MIN(opened_d)",1,2,3,2,2.0,"[factual_correctness] The expected answer is 22.84%, which represents the percentage of ALL support cases (including unresolved ones) that were resolved within SLA. The platform answer reports 49.76%, which only considers resolved cases in the denominator (filtering out unresolved cases). This is a fundamentally different calculation and produces a wrong number. The numeric variance is significant and the central fact contradicts the expected answer. [completeness] The judge reference asks for a single percentage representing all support cases (including unresolved) resolved within SLA deadline. The platform provides 49.76% which is wrong, and while it provides extensive breakdowns, the core required value is incorrect. The answer is essentially wrong on the key metric asked for. [format_adherence] The judge reference calls for a single percentage with two decimals. The platform provides an extensive narrative with multiple breakdowns, tables, and recommendations. While the format deviation is significant (verbose vs. single number), the core percentage is present in the response, just buried in prose and incorrect. [sql_plausibility] The primary SQL filters to only resolved cases (WHERE sc.resolved_at IS NOT NULL) before computing the SLA compliance rate. This is logically wrong for the question, which asks about ALL support cases for financial services accounts. The correct approach would include unresolved cases in the denominator. The SQL is syntactically valid but logically incorrect for the question as posed, producing 49.76% instead of 22.84%.",,,
20260921T153322Z,CRM-T2-08-38,crm,T2,What percentage of support cases for accounts in manufacturing were resolved within their SLA deadline?,22.82,"For manufacturing-sector accounts, 49.74% of resolved support cases (4,635 of 9,318 total resolved cases) met their SLA deadline. This means roughly half of resolved cases fell outside the agreed service window, which is a meaningful signal for service quality review, though it should be interpreted with the following context.

**Data Summary & Limitations**: The total of 9,318 resolved cases gives a reasonably large sample, so the overall 49.74% figure is likely stable. However, ticket counts may overrepresent true device or account-level failure rates, since multiple cases can originate from the same account or issue. Monthly breakdowns show very small sample sizes in several periods (e.g., single-digit case counts in months like 2023-04, 2024-06, 2024-07, 2025-07, and 2025-08), so SLA percentages in those months (ranging from 0% to 100%) are not statistically reliable and should be treated as directional only, not definitive.

**Comparative Analysis by Category**: Looking at case categories, Billing cases had the highest SLA compliance among those shown at 52.37% (1,562 cases), followed in the data by GeneralInquiry at 51.82% (1,540 cases), ServiceRequest at 49.49% (1,566 cases), ProductIssue at 48.46% (1,593 cases), and Access at 48.02% (1,537 cases), with Integration also present at 48.29% (1,520 cases). These categories are fairly close in both volume and SLA performance, suggesting no single case type is dramatically driving the overall rate.

**Comparative Analysis by Priority**: By priority level, Medium (3,886 cases) showed 49.9% SLA compliance, Low (2,673 cases) showed 49.87%, High (2,109 cases) showed 49.93%, and Critical (650 cases) showed 47.69%. Notably, Critical cases—despite presumably requiring faster response—had the lowest SLA compliance among priority tiers, though the sample size for Critical cases is smaller than the others, so this pattern should be viewed as directional rather than conclusive.

**Monthly Trend Context**: Across 35 months of data, SLA compliance has fluctuated between roughly 41% and 57% in months with substantial case volume (generally 100+ cases), such as 2023-09 (845 cases, 48.64%), 2024-12 (854 cases, 51.87%), 2025-01 (722 cases, 51.25%), and 2026-01 (770 cases, 51.43%), among others. This suggests the roughly 50% SLA compliance rate has been relatively consistent over time rather than reflecting a recent spike or decline, though early and late months with very few cases show wide swings that likely reflect small-sample noise rather than genuine performance shifts.

**Cautious Root Cause Assessment**: The data does not provide clear evidence pointing to a specific root cause for the roughly 50% SLA miss rate. Compliance is fairly evenly distributed across case categories and priority levels, which argues against attributing the issue to any single case type, product defect, or a particular urgency tier. Without additional data on staffing levels, ticket routing, or specific device/account cohorts, any root cause claim (e.g., understaffing, complexity of manufacturing environment tickets, or specific product issues) would be speculative and is not supported by this dataset.

**Financial Context**: No cost or staffing data was provided, so financial impact of SLA misses cannot be estimated here.

**Strategic Recommendations**: 1) Given the consistency of the ~50% SLA compliance rate over time, a phased review of SLA policies and staffing allocation for manufacturing accounts is warranted rather than an urgent overhaul. 2) Prioritize investigation into Critical-priority case handling, since this tier shows the lowest compliance despite presumably higher urgency—even though the sample size is smaller and results should be validated with more data before major process changes. 3) Consider deeper diagnostic work (e.g., linking cases to unique devices/accounts) to determine whether SLA misses are concentrated among specific accounts or distributed broadly, before committing to fleet-wide or account-wide interventions.",fail,value '22.82' not present,False,not_applicable,not a T3 / outer-join pair,"-- [primary]
WITH resolved_cases AS (
  SELECT sc.case_id,
         TRY_CAST(NULLIF(TRIM(sc.resolved_at), '') AS TIMESTAMP) AS resolved_ts,
         TRY_CAST(NULLIF(TRIM(sc.sla_due_at), '') AS TIMESTAMP) AS sla_ts
  FROM ""studio"".""support_cases 1"" sc
  JOIN studio.accounts a ON sc.account_id = a.account_id
  WHERE a.industry = 'Manufacturing'
    AND sc.resolved_at IS NOT NULL AND TRIM(sc.resolved_at) <> ''
    AND sc.sla_due_at IS NOT NULL AND TRIM(sc.sla_due_at) <> ''
)
SELECT
  COUNT(*) AS total_resolved_cases,
  SUM(CASE WHEN resolved_ts <= sla_ts THEN 1 ELSE 0 END) AS met_sla_count,
  ROUND(100.0 * SUM(CASE WHEN resolved_ts <= sla_ts THEN 1 ELSE 0 END) / NULLIF(COUNT(*), 0), 2) AS pct_within_sla
FROM resolved_cases

-- [statement 2]
WITH resolved_cases AS (
  SELECT sc.case_id, sc.category,
         TRY_CAST(NULLIF(TRIM(sc.resolved_at), '') AS TIMESTAMP) AS resolved_ts,
         TRY_CAST(NULLIF(TRIM(sc.sla_due_at), '') AS TIMESTAMP) AS sla_ts
  FROM ""studio"".""support_cases 1"" sc
  JOIN studio.accounts a ON sc.account_id = a.account_id
  WHERE a.industry = 'Manufacturing'
    AND sc.resolved_at IS NOT NULL AND TRIM(sc.resolved_at) <> ''
    AND sc.sla_due_at IS NOT NULL AND TRIM(sc.sla_due_at) <> ''
)
SELECT category,
       COUNT(*) AS total_resolved_cases,
       ROUND(100.0 * SUM(CASE WHEN resolved_ts <= sla_ts THEN 1 ELSE 0 END) / NULLIF(COUNT(*),0), 2) AS pct_within_sla
FROM resolved_cases
GROUP BY category
ORDER BY total_resolved_cases DESC
LIMIT 15

-- [statement 3]
WITH resolved_cases AS (
  SELECT sc.case_id, sc.priority,
         TRY_CAST(NULLIF(TRIM(sc.resolved_at), '') AS TIMESTAMP) AS resolved_ts,
         TRY_CAST(NULLIF(TRIM(sc.sla_due_at), '') AS TIMESTAMP) AS sla_ts
  FROM ""studio"".""support_cases 1"" sc
  JOIN studio.accounts a ON sc.account_id = a.account_id
  WHERE a.industry = 'Manufacturing'
    AND sc.resolved_at IS NOT NULL AND TRIM(sc.resolved_at) <> ''
    AND sc.sla_due_at IS NOT NULL AND TRIM(sc.sla_due_at) <> ''
)
SELECT priority,
       COUNT(*) AS total_resolved_cases,
       ROUND(100.0 * SUM(CASE WHEN resolved_ts <= sla_ts THEN 1 ELSE 0 END) / NULLIF(COUNT(*),0), 2) AS pct_within_sla
FROM resolved_cases
GROUP BY priority
ORDER BY total_resolved_cases DESC
LIMIT 15

-- [statement 4]
WITH resolved_cases AS (
  SELECT sc.case_id,
         TRY_CAST(NULLIF(TRIM(sc.opened_at), '') AS DATE) AS d,
         TRY_CAST(NULLIF(TRIM(sc.resolved_at), '') AS TIMESTAMP) AS resolved_ts,
         TRY_CAST(NULLIF(TRIM(sc.sla_due_at), '') AS TIMESTAMP) AS sla_ts
  FROM ""studio"".""support_cases 1"" sc
  JOIN studio.accounts a ON sc.account_id = a.account_id
  WHERE a.industry = 'Manufacturing'
    AND sc.resolved_at IS NOT NULL AND TRIM(sc.resolved_at) <> ''
    AND sc.sla_due_at IS NOT NULL AND TRIM(sc.sla_due_at) <> ''
    AND sc.opened_at IS NOT NULL AND TRIM(sc.opened_at) <> ''
)
SELECT strftime(d, '%Y-%m') AS month,
       COUNT(*) AS total_resolved_cases,
       ROUND(100.0 * SUM(CASE WHEN resolved_ts <= sla_ts THEN 1 ELSE 0 END) / NULLIF(COUNT(*),0), 2) AS pct_within_sla
FROM resolved_cases
WHERE d BETWEEN DATE '2000-01-01' AND DATE '2100-01-01'
GROUP BY month
ORDER BY MIN(d)",1,2,2,2,1.75,"[factual_correctness] The expected answer is 22.82%. The platform answer states 49.74%. This is a significant numeric discrepancy — the platform's figure is more than double the correct answer. The key difference appears to be in the SQL logic: the platform filters only resolved cases (WHERE resolved_at IS NOT NULL), while the reference answer requires counting ALL support cases (including unresolved ones) in the denominator, as stated in the judge reference: 'Unresolved cases count against the rate.' By excluding unresolved cases from the denominator, the platform inflates the SLA compliance rate substantially. This is a clear factual error. [completeness] The judge reference asks for a single percentage. The platform provides a percentage (49.74%) but it is the wrong value. The platform also provides extensive breakdowns by category, priority, and month, which are not required. However, since the core required value (the percentage) is present but incorrect, and the question is essentially answered (just with the wrong number), completeness is partially met in structure but the wrong answer means the question is not truly answered correctly. [format_adherence] The judge reference specifies 'a single percentage (0-100, two decimals).' The platform provides a percentage with two decimals (49.74%) but buries it in a very long narrative with extensive breakdowns, caveats, and recommendations. The format substantially deviates from the expected single-value response, though the number is recoverable. [sql_plausibility] The primary SQL is syntactically valid and logically coherent for what it computes. However, it filters to only resolved cases (WHERE resolved_at IS NOT NULL AND TRIM(resolved_at) <> ''), which means unresolved cases are excluded from the denominator. The reference answer requires unresolved cases to count against the rate (denominator = all cases, not just resolved ones). This logical flaw explains the discrepancy between 49.74% and 22.82%. The SQL is valid and would execute, but it answers a different question (SLA rate among resolved cases only, not all cases). This is a logical error for the stated question.",,,
20260921T153322Z,CRM-T2-08-39,crm,T2,What percentage of support cases for accounts in retail were resolved within their SLA deadline?,22.88,"Among resolved support cases for retail-sector accounts, about 49.76% (4,586 of 9,217 resolved cases) were closed within their SLA deadline, based on the cases with a recorded resolution outcome. Since this figure is calculated only over resolved cases, it reflects SLA performance for completed tickets rather than the entire case volume raised by retail accounts.

**By case category**, SLA attainment was fairly consistent: Integration (1,580 resolved cases, 49.56% met SLA), Access (1,561 cases, 51.06%), ProductIssue (1,546 cases, 48.77%), ServiceRequest (1,515 cases, 50.3%), and Billing (1,514 cases, 49.34%), with GeneralInquiry (1,501 cases, 49.5%) rounding out the categories. The tight clustering around the ~49-51% range suggests no single case type is driving SLA misses more than others.

**By priority level**, results were also similar across tiers: Medium priority (3,947 resolved cases, 49.63% met SLA), Low priority (2,533 cases, 49.59%), High priority (2,088 cases, 49.57%), and Critical priority (649 cases, 51.77%). Notably, Critical cases — which typically carry the tightest SLA windows — showed a comparable or slightly better attainment rate than lower-priority tiers, which is a data point worth monitoring rather than a definitive strength, given the smaller volume of Critical cases.

**Over time**, monthly SLA attainment for resolved cases has generally hovered in the mid-to-high 40s to low 50s percentage range from mid-2023 through mid-2026, with some early and late months showing very small case volumes (a handful of cases) where the percentage figures are less statistically reliable. Some months (2024-03, 2026-07) had zero resolved cases, so no rate could be calculated for those periods.

**Limitations**: This analysis is based on ticket-level counts and does not confirm whether each ticket corresponds to a unique device or issue instance, so ticket volume may not directly equate to the number of distinct problems experienced. Several months in the trend data have very low case counts (single digits), making those specific monthly percentages directional rather than statistically robust. No information was provided on ticket severity definitions, SLA target durations, or whether categories mix accessory versus core hardware/software issues, so category-level comparisons should be treated as broadly indicative rather than strictly equivalent.

**Root cause assessment**: The data does not provide enough detail (e.g., issue descriptions, device types, or vendor involvement) to attribute the roughly 50% SLA miss rate to a specific root cause such as staffing, process bottlenecks, or case complexity. The near-uniform attainment rate across categories and priorities suggests a systemic or process-wide factor affecting SLA compliance broadly, rather than an issue isolated to one case type — but this remains a directional observation, not a confirmed cause.

**Recommendation**: Given that roughly half of resolved retail-sector cases missed their SLA deadline consistently across categories and priority levels, it would be reasonable to first investigate process-level factors (staffing allocation, escalation workflows, or SLA target calibration) before considering category-specific interventions. A phased approach — starting with a review of Critical and High priority case handling given their business impact, followed by broader workflow audits — would align with measured, evidence-based next steps rather than an immediate wholesale process overhaul.",fail,value '22.88' not present,False,not_applicable,not a T3 / outer-join pair,"-- [primary]
WITH cases AS (SELECT sc.case_id, TRY_CAST(NULLIF(TRIM(sc.resolved_at),'') AS TIMESTAMP) AS resolved_ts, TRY_CAST(NULLIF(TRIM(sc.sla_due_at),'') AS TIMESTAMP) AS sla_ts FROM ""studio"".""support_cases 1"" sc JOIN studio.accounts a ON sc.account_id = a.account_id WHERE a.industry = 'Retail') SELECT COUNT(*) FILTER (WHERE resolved_ts IS NOT NULL) AS resolved_cases, COUNT(*) FILTER (WHERE resolved_ts IS NOT NULL AND resolved_ts <= sla_ts) AS met_sla_cases, ROUND(100.0 * COUNT(*) FILTER (WHERE resolved_ts IS NOT NULL AND resolved_ts <= sla_ts) / NULLIF(COUNT(*) FILTER (WHERE resolved_ts IS NOT NULL),0), 2) AS pct_met_sla FROM cases

-- [statement 2]
WITH cases AS (SELECT sc.case_id, sc.category, TRY_CAST(NULLIF(TRIM(sc.resolved_at),'') AS TIMESTAMP) AS resolved_ts, TRY_CAST(NULLIF(TRIM(sc.sla_due_at),'') AS TIMESTAMP) AS sla_ts FROM ""studio"".""support_cases 1"" sc JOIN studio.accounts a ON sc.account_id = a.account_id WHERE a.industry = 'Retail') SELECT category, COUNT(*) FILTER (WHERE resolved_ts IS NOT NULL) AS resolved_cases, ROUND(100.0 * COUNT(*) FILTER (WHERE resolved_ts IS NOT NULL AND resolved_ts <= sla_ts) / NULLIF(COUNT(*) FILTER (WHERE resolved_ts IS NOT NULL),0), 2) AS pct_met_sla FROM cases WHERE category IS NOT NULL GROUP BY category ORDER BY resolved_cases DESC LIMIT 15

-- [statement 3]
WITH cases AS (SELECT sc.case_id, sc.priority, TRY_CAST(NULLIF(TRIM(sc.resolved_at),'') AS TIMESTAMP) AS resolved_ts, TRY_CAST(NULLIF(TRIM(sc.sla_due_at),'') AS TIMESTAMP) AS sla_ts FROM ""studio"".""support_cases 1"" sc JOIN studio.accounts a ON sc.account_id = a.account_id WHERE a.industry = 'Retail') SELECT priority, COUNT(*) FILTER (WHERE resolved_ts IS NOT NULL) AS resolved_cases, ROUND(100.0 * COUNT(*) FILTER (WHERE resolved_ts IS NOT NULL AND resolved_ts <= sla_ts) / NULLIF(COUNT(*) FILTER (WHERE resolved_ts IS NOT NULL),0), 2) AS pct_met_sla FROM cases WHERE priority IS NOT NULL GROUP BY priority ORDER BY resolved_cases DESC LIMIT 15

-- [statement 4]
WITH cases AS (SELECT sc.case_id, TRY_CAST(NULLIF(TRIM(sc.opened_at),'') AS DATE) AS opened_d, TRY_CAST(NULLIF(TRIM(sc.resolved_at),'') AS TIMESTAMP) AS resolved_ts, TRY_CAST(NULLIF(TRIM(sc.sla_due_at),'') AS TIMESTAMP) AS sla_ts FROM ""studio"".""support_cases 1"" sc JOIN studio.accounts a ON sc.account_id = a.account_id WHERE a.industry = 'Retail') SELECT strftime(opened_d, '%Y-%m') AS month, COUNT(*) FILTER (WHERE resolved_ts IS NOT NULL) AS resolved_cases, ROUND(100.0 * COUNT(*) FILTER (WHERE resolved_ts IS NOT NULL AND resolved_ts <= sla_ts) / NULLIF(COUNT(*) FILTER (WHERE resolved_ts IS NOT NULL),0), 2) AS pct_met_sla FROM cases WHERE opened_d IS NOT NULL AND opened_d BETWEEN DATE '1990-01-01' AND DATE '2035-12-31' GROUP BY month ORDER BY MIN(opened_d)",1,1,2,2,1.5,"[factual_correctness] The expected answer is 22.88%, which represents the percentage of ALL support cases (including unresolved ones) for retail accounts that were resolved within their SLA deadline. The platform answer reports 49.76%, which is calculated only over resolved cases (excluding unresolved cases from the denominator). This is a fundamentally different calculation methodology that produces a wrong number. The numeric variance is large and the central fact contradicts the expected answer. [completeness] The judge reference asks for a single percentage (0-100, two decimals) representing the share of all support cases resolved on or before their SLA deadline, with unresolved cases counting against the rate. The platform provides 49.76% (wrong number, wrong methodology) plus extensive breakdowns by category, priority, and time. The core required value is wrong, and the correct answer (22.88%) is not present anywhere in the response. [format_adherence] The judge reference specifies a single percentage. The platform provides a very lengthy response with multiple breakdowns, analysis, limitations, and recommendations. While the headline number is present, the format is far from the single percentage requested. However, the number is recoverable from the response, so this is a format deviation rather than complete failure. [sql_plausibility] The primary SQL filters for resolved cases only (WHERE resolved_ts IS NOT NULL) in the denominator, which explains why it gets ~49.76% instead of 22.88%. The correct approach should count ALL cases in the denominator (not just resolved ones), since unresolved cases count against the rate per the judge reference. The SQL is syntactically valid but logically wrong for the question as specified — it answers a different question (SLA rate among resolved cases only, not among all cases).",,,
20260921T153322Z,CRM-T2-08-40,crm,T2,What percentage of support cases for accounts in technology were resolved within their SLA deadline?,23.39,"Of 9,786 resolved support cases for accounts in the technology sector, 4,928 met their SLA deadline, giving an overall SLA compliance rate of 50.36%. Roughly half of resolved cases were completed within the agreed timeframe, while the other half exceeded it. Note: ticket counts may overrepresent true device or account-level failure rates, since multiple tickets can relate to the same underlying issue.

**By case category:** SLA performance is fairly consistent across categories, all clustering near the overall average. General Inquiry (1,700 resolved cases) had a 51.41% SLA-met rate, Service Request (1,647 resolved) 51.12%, Integration (1,645 resolved) 48.88%, Product Issue (1,601 resolved) 48.53%, and Billing (1,597 resolved) 49.22%, with Access cases also present in the data. None of these stand out as meaningfully different from the overall rate.

**By priority level:** Medium priority (4,128 resolved) had a 50.51% SLA-met rate, Low priority (2,731 resolved) 51.3%, High priority (2,224 resolved) 49.6%, and Critical priority (703 resolved) 48.22%. Critical cases, which carry the greatest operational urgency, show compliance at or slightly below the overall average, though the sample size for Critical cases is comparatively small.

**By month:** Monthly compliance is variable, particularly in months with very few resolved cases (April 2023 had 4 cases at 25%, March 2024 had 1 case at 0%), which limits the reliability of those points. Higher-volume months — August 2023 (672 cases, 50.74%), September 2023 (852 cases, 50.0%), October 2023 (784 cases, 48.21%), and November 2023 (411 cases, 51.58%), among others — show more stable rates clustering near 48-52%, consistent with the overall figure.

**Limitations:** These figures are ticket-level counts, not confirmed unique-device or unique-account impact, so they may not directly reflect the number of distinct accounts affected. Several months have very small sample sizes and should be treated as directional only. No missing categories or major data quality issues were observed, and category/priority splits are relatively even.

**Root cause assessment:** SLA compliance sits close to 50% almost uniformly across categories and priorities, with no single category or priority driving underperformance. This points toward a systemic, process-wide SLA challenge for technology accounts rather than an issue isolated to a specific case type — though this remains a directional observation given the data available.

**Recommendation:** Given the consistency of the roughly 50% compliance rate across dimensions, a phased review of SLA targets, staffing, or workflow capacity for the technology account segment is likely to be more productive than targeting one category or priority tier. Continued monitoring of Critical-priority cases is warranted given their operational importance and slightly below-average compliance rate.",fail,value '23.39' not present,False,not_applicable,not a T3 / outer-join pair,"-- [primary]
WITH tech_cases AS (
  SELECT sc.*
  FROM ""studio"".""support_cases 1"" sc
  JOIN studio.accounts a ON sc.account_id = a.account_id
  WHERE a.industry = 'Technology'
    AND sc.resolved_at IS NOT NULL
)
SELECT
  COUNT(*) AS resolved_case_count,
  SUM(CASE WHEN TRY_CAST(resolved_at AS TIMESTAMP) <= TRY_CAST(sla_due_at AS TIMESTAMP) THEN 1 ELSE 0 END) AS met_sla_count,
  ROUND(100.0 * SUM(CASE WHEN TRY_CAST(resolved_at AS TIMESTAMP) <= TRY_CAST(sla_due_at AS TIMESTAMP) THEN 1 ELSE 0 END) / NULLIF(COUNT(*),0), 2) AS pct_met_sla
FROM tech_cases

-- [statement 2]
WITH tech_cases AS (
  SELECT sc.*
  FROM ""studio"".""support_cases 1"" sc
  JOIN studio.accounts a ON sc.account_id = a.account_id
  WHERE a.industry = 'Technology'
    AND sc.resolved_at IS NOT NULL
)
SELECT
  category,
  COUNT(*) AS resolved_case_count,
  ROUND(100.0 * SUM(CASE WHEN TRY_CAST(resolved_at AS TIMESTAMP) <= TRY_CAST(sla_due_at AS TIMESTAMP) THEN 1 ELSE 0 END) / NULLIF(COUNT(*),0), 2) AS pct_met_sla
FROM tech_cases
GROUP BY category
ORDER BY resolved_case_count DESC
LIMIT 15

-- [statement 3]
WITH tech_cases AS (
  SELECT sc.*
  FROM ""studio"".""support_cases 1"" sc
  JOIN studio.accounts a ON sc.account_id = a.account_id
  WHERE a.industry = 'Technology'
    AND sc.resolved_at IS NOT NULL
)
SELECT
  priority,
  COUNT(*) AS resolved_case_count,
  ROUND(100.0 * SUM(CASE WHEN TRY_CAST(resolved_at AS TIMESTAMP) <= TRY_CAST(sla_due_at AS TIMESTAMP) THEN 1 ELSE 0 END) / NULLIF(COUNT(*),0), 2) AS pct_met_sla
FROM tech_cases
GROUP BY priority
ORDER BY resolved_case_count DESC
LIMIT 15

-- [statement 4]
WITH tech_cases AS (
  SELECT sc.*
  FROM ""studio"".""support_cases 1"" sc
  JOIN studio.accounts a ON sc.account_id = a.account_id
  WHERE a.industry = 'Technology'
    AND sc.resolved_at IS NOT NULL
),
monthly AS (
  SELECT TRY_CAST(NULLIF(TRIM(resolved_at), '') AS DATE) AS d,
         CASE WHEN TRY_CAST(resolved_at AS TIMESTAMP) <= TRY_CAST(sla_due_at AS TIMESTAMP) THEN 1 ELSE 0 END AS met
  FROM tech_cases
)
SELECT
  strftime(d, '%Y-%m') AS month,
  COUNT(*) AS resolved_case_count,
  ROUND(100.0 * SUM(met) / NULLIF(COUNT(*),0), 2) AS pct_met_sla
FROM monthly
WHERE d IS NOT NULL AND d > DATE '1971-01-01' AND d < DATE '2090-01-01'
GROUP BY month
ORDER BY MIN(d)
LIMIT 12",1,2,2,2,1.75,"[factual_correctness] The expected answer is 23.39%. The platform answer states 50.36%. This is a significant numeric discrepancy. The platform's SQL filters only resolved cases (sc.resolved_at IS NOT NULL), which excludes unresolved cases from the denominator. The reference SQL likely includes all cases (resolved and unresolved) in the denominator, which would yield a much lower percentage (23.39%). The platform's approach of counting only resolved cases inflates the compliance rate substantially. The numeric value is wrong. [completeness] The judge reference asks for a single percentage representing the share of all support cases resolved on or before their SLA deadline, with unresolved cases counting against the rate. The platform provides a percentage (50.36%) but it is computed incorrectly (excluding unresolved cases). The platform also provides extensive breakdowns by category, priority, and month, which were not requested. The core single metric is present but wrong, and the methodology is flawed. [format_adherence] The judge reference specifies a single percentage (0-100, two decimals). The platform provides a lengthy narrative with multiple breakdowns, recommendations, and analysis. While the headline number is present, the format is far from the requested single percentage. This is a significant format deviation. [sql_plausibility] The primary SQL filters WHERE sc.resolved_at IS NOT NULL, which means it only counts resolved cases in both numerator and denominator. This is logically wrong for the question, which asks about all support cases (including unresolved ones that count against the rate). The SQL is syntactically valid but logically incorrect for the question as specified by the judge reference.",,,
20260921T153322Z,CRM-T3-03-13,crm,T3,How many contacts with the title Business Analyst have no recorded interactions?,1678,"A total of 1,678 contacts with the title Business Analyst have no recorded interactions in the system. This dataset relates to CRM contact and account records rather than device fleet or helpdesk incident data, so the organization's IT fleet analysis framework (failure rates, root cause, etc.) does not apply here; the summary below simply walks through the available breakdowns by account, contact status, and creation timeframe.

**By Account**: Several accounts show small numbers of affected contacts, including an unspecified/blank account grouping (75), Davis and Sons (5), Smith and Sons (5), Harris PLC (4), and Smith LLC (3), and others. Most accounts appear to have only a handful of affected contacts each, suggesting the lack of interactions is spread broadly across many accounts rather than concentrated in a few.

**By Contact Status**: Contacts marked with a status of ""true"" account for 1,511 of the total, while those marked ""false"" account for 167.

**By Creation Month**: The count of contacts without interactions varies across many months, including 2023-05 (2), 2023-06 (28), 2023-07 (52), 2023-08 (120), and 2023-09 (142), with additional months such as 2024-11 (136), 2024-12 (163), 2025-12 (89), 2026-01 (116), and 2026-02 (92) also showing notable counts, among others spanning the full range from 2023 through 2026.

Note: These figures reflect contacts with no recorded interaction events in the data provided; they do not necessarily indicate an operational issue, and the wide monthly and account distribution suggests this is likely a general data pattern rather than isolated to specific accounts or time periods.",pass,1 requirement(s) satisfied,False,pass,platform SQL preserves unmatched rows,"-- [primary]
SELECT COUNT(*) AS contacts_without_interactions FROM studio.contacts c LEFT JOIN studio.interactions i ON c.contact_id = i.contact_id WHERE c.title = 'Business Analyst' AND i.interaction_id IS NULL

-- [statement 2]
SELECT a.account_name AS account, COUNT(*) AS contacts_without_interactions FROM studio.contacts c LEFT JOIN studio.interactions i ON c.contact_id = i.contact_id LEFT JOIN studio.accounts a ON c.account_id = a.account_id WHERE c.title = 'Business Analyst' AND i.interaction_id IS NULL GROUP BY a.account_name ORDER BY contacts_without_interactions DESC LIMIT 15

-- [statement 3]
SELECT c.is_active AS contact_status, COUNT(*) AS contacts_without_interactions FROM studio.contacts c LEFT JOIN studio.interactions i ON c.contact_id = i.contact_id WHERE c.title = 'Business Analyst' AND i.interaction_id IS NULL GROUP BY c.is_active ORDER BY contacts_without_interactions DESC

-- [statement 4]
SELECT strftime(TRY_CAST(NULLIF(TRIM(c.created_at), '') AS DATE), '%Y-%m') AS created_month, COUNT(*) AS contacts_without_interactions FROM studio.contacts c LEFT JOIN studio.interactions i ON c.contact_id = i.contact_id WHERE c.title = 'Business Analyst' AND i.interaction_id IS NULL GROUP BY created_month ORDER BY MIN(TRY_CAST(NULLIF(TRIM(c.created_at), '') AS DATE))",5,5,4,5,4.75,"[factual_correctness] The platform answer states 1,678 contacts with the title Business Analyst have no recorded interactions, which exactly matches the expected answer of 1678. The numeric value is identical. [completeness] The judge reference asks for a single count of contacts holding the named title that have zero interactions. The platform provides that count (1,678) clearly in the first sentence, plus additional breakdowns. The core required value is present and correct. [format_adherence] The judge reference expects a single count. The platform provides the count but wraps it in extensive additional breakdowns (by account, status, creation month) and an explanatory note. The core answer is present but the response is much more verbose than the reference calls for. However, the format is readable and the answer is clearly stated, so this is a minor deviation rather than a wrong format. [sql_plausibility] The primary SQL statement uses a LEFT JOIN with a NULL check on interaction_id to find contacts with no interactions, filtered by title = 'Business Analyst'. This is a standard and correct approach. The additional statements provide breakdowns by account, status, and creation month, all logically coherent. The SQL set as a whole is valid and would produce the expected answer.",,,
20260921T153322Z,CRM-T3-03-14,crm,T3,How many contacts with the title Customer Success Manager have no recorded interactions?,1687,"A total of 1,687 contacts holding the title ""Customer Success Manager"" have no recorded interactions in the system. This total spans several breakdown dimensions — industry, region, and creation month — that provide useful context on where these under-engaged contacts sit.

**By Industry:** Among contacts with no recorded interactions, Education accounts for 263, FinancialServices for 254, Technology for 237, Energy for 224, and Retail for 220, with the remainder spread across Manufacturing, Healthcare, and a group of 90 contacts with no industry recorded.

**By Region:** These contacts are fairly evenly distributed geographically, with North at 328, South at 324, East at 321, West at 313, and Central at 311, plus 90 contacts with no region on file.

**By Creation Month:** Counts vary across the 31 months represented, with some notably higher months such as September 2023 (154), December 2024 (175), January 2025 (127), January 2026 (128), and February 2026 (100), while many other months show smaller counts, and the remaining months round out the full timeframe.

**Limitations:** This figure reflects a count of contacts, not tickets, so there is no risk of ticket-based overrepresentation. However, the data does not clarify whether 'no interactions' reflects a genuine engagement gap, a data logging issue, or simply newly created contacts (note the sizeable clusters in recent months). The 90 contacts each missing industry and region values suggest some incompleteness in the underlying records that should be considered.

**Comparative Note:** Industry and region counts are relatively close to one another, so no segment stands out as disproportionately affected based on this data alone.

**Root Cause Assessment:** The data does not support attributing this pattern to a specific cause such as process gaps or system issues — it only shows an absence of recorded interactions. Further investigation would be needed to determine why.

**Recommendation:** A reasonable first step would be validating whether the 'no interactions' status reflects true lack of outreach or a data logging gap, prioritizing review of the larger recent-month cohorts before considering broader remediation efforts.",pass,1 requirement(s) satisfied,False,pass,platform SQL preserves unmatched rows,"-- [primary]
SELECT COUNT(*) AS contacts_no_interactions FROM studio.contacts c LEFT JOIN studio.interactions i ON c.contact_id = i.contact_id WHERE c.title = 'Customer Success Manager' AND i.interaction_id IS NULL

-- [statement 2]
SELECT a.industry AS industry, COUNT(*) AS n FROM studio.contacts c LEFT JOIN studio.interactions i ON c.contact_id = i.contact_id LEFT JOIN studio.accounts a ON c.account_id = a.account_id WHERE c.title = 'Customer Success Manager' AND i.interaction_id IS NULL GROUP BY a.industry ORDER BY n DESC LIMIT 15

-- [statement 3]
SELECT a.region AS region, COUNT(*) AS n FROM studio.contacts c LEFT JOIN studio.interactions i ON c.contact_id = i.contact_id LEFT JOIN studio.accounts a ON c.account_id = a.account_id WHERE c.title = 'Customer Success Manager' AND i.interaction_id IS NULL GROUP BY a.region ORDER BY n DESC LIMIT 15

-- [statement 4]
SELECT strftime(TRY_CAST(NULLIF(TRIM(c.created_at), '') AS DATE), '%Y-%m') AS created_month, COUNT(*) AS n FROM studio.contacts c LEFT JOIN studio.interactions i ON c.contact_id = i.contact_id WHERE c.title = 'Customer Success Manager' AND i.interaction_id IS NULL GROUP BY created_month ORDER BY MIN(TRY_CAST(NULLIF(TRIM(c.created_at), '') AS DATE))",5,5,4,5,4.75,"[factual_correctness] The platform answer states 1,687 contacts, which exactly matches the expected answer of 1687. The numeric fact is correct. [completeness] The judge reference asks for a single count of contacts holding the named title with zero interactions. The platform provides that count (1,687) clearly at the start, plus extensive additional breakdown information. The core required value is present and correct. [format_adherence] The judge reference calls for a single count. The platform provides the count but wraps it in extensive additional analysis (industry, region, creation month breakdowns, limitations, recommendations). While the core answer is present, the format goes well beyond what was asked, though the primary answer is still clearly stated. This is a cosmetic/length deviation rather than a wrong format — the answer is recoverable and the number is front and center. [sql_plausibility] The primary SQL statement uses a LEFT JOIN with IS NULL check to find contacts with the specified title and no interactions — this is a standard and correct pattern for finding records with no matches. The syntax appears valid and logically correct for the question. The additional statements for breakdowns are also syntactically reasonable.",,,
20260921T153322Z,CRM-T3-03-15,crm,T3,How many contacts with the title IT Director have no recorded interactions?,1717,"A total of 1,717 contacts holding the title ""IT Director"" have no recorded interactions in the system. Here's a closer look at how this group breaks down across several dimensions.

**By account:** The affected contacts span many organizations, including Davis and Sons (4), Smith PLC (4), Williams PLC (4), Harris PLC (4), and Smith LLC (3), among others. No single account accounts for a large share of the total, suggesting this gap is spread broadly across the customer base rather than concentrated in a few accounts.

**By region:** The contacts without recorded interactions are distributed fairly evenly across regions — North (343), South (336), East (320), West (319), and Central (310).

**By activity status:** Most of these contacts are marked as active (1,562), while a smaller number are inactive (155). This suggests the interaction gap is not primarily driven by contacts that are no longer current, but affects mainly active records.

**By creation date:** Counts by the month these contacts were created show notable fluctuation over time, with some months showing higher volumes of new contacts lacking interactions — for example, 2023-09 (156), 2023-08 (120), 2024-12 (157), 2025-01 (124), and 2025-12 (138), among other months across the full timeline from 2023-05 through 2026-06.

**Limitations:** This reflects contact-level records rather than ticket- or interaction-level activity, so there is no risk of overcounting from multiple tickets per contact. However, the data does not indicate why interactions are missing (e.g., data entry gaps, contacts genuinely never engaged, or system migration effects), so conclusions about outreach effectiveness or account health should be treated as directional rather than definitive. No root cause can be established from this data alone.

**Recommendation:** Given the fairly even spread across regions and accounts, a phased outreach or data-validation effort — starting with active contacts, since they represent the larger share (1,562) — may help clarify whether this reflects a genuine engagement gap or a data completeness issue before broader action is taken.",pass,1 requirement(s) satisfied,False,pass,platform SQL preserves unmatched rows,"-- [primary]
SELECT COUNT(*) AS contacts_without_interactions FROM studio.contacts c WHERE c.title = 'IT Director' AND NOT EXISTS (SELECT 1 FROM studio.interactions i WHERE i.contact_id = c.contact_id)

-- [statement 2]
SELECT a.account_name AS account_name, COUNT(*) AS n FROM studio.contacts c JOIN studio.accounts a ON c.account_id = a.account_id WHERE c.title = 'IT Director' AND NOT EXISTS (SELECT 1 FROM studio.interactions i WHERE i.contact_id = c.contact_id) GROUP BY a.account_name ORDER BY n DESC LIMIT 15

-- [statement 3]
SELECT a.region AS region, COUNT(*) AS n FROM studio.contacts c JOIN studio.accounts a ON c.account_id = a.account_id WHERE c.title = 'IT Director' AND NOT EXISTS (SELECT 1 FROM studio.interactions i WHERE i.contact_id = c.contact_id) GROUP BY a.region ORDER BY n DESC LIMIT 15

-- [statement 4]
SELECT c.is_active AS is_active, COUNT(*) AS n FROM studio.contacts c WHERE c.title = 'IT Director' AND NOT EXISTS (SELECT 1 FROM studio.interactions i WHERE i.contact_id = c.contact_id) GROUP BY c.is_active ORDER BY n DESC

-- [statement 5]
SELECT strftime(TRY_CAST(NULLIF(TRIM(c.created_at), '') AS DATE), '%Y-%m') AS created_month, COUNT(*) AS n FROM studio.contacts c WHERE c.title = 'IT Director' AND NOT EXISTS (SELECT 1 FROM studio.interactions i WHERE i.contact_id = c.contact_id) GROUP BY created_month ORDER BY MIN(TRY_CAST(NULLIF(TRIM(c.created_at), '') AS DATE))",5,5,5,5,5.0,"[factual_correctness] The platform answer states '1,717 contacts holding the title ""IT Director"" have no recorded interactions,' which exactly matches the expected answer of 1717. The numeric value is identical. [completeness] The judge reference asks for a single count of contacts holding the named title with zero interactions. The platform provides exactly that count (1,717) as the headline answer, plus additional breakdowns. The core required value is present and correct. [format_adherence] The judge reference calls for a single count. The platform provides that count clearly in the first sentence, then adds extensive breakdowns. The primary answer is present in the correct form; the additional detail is supplementary and does not obscure the answer. [sql_plausibility] The primary SQL statement uses a correlated NOT EXISTS subquery to find contacts with title 'IT Director' that have no matching interactions, which is logically correct and syntactically valid. The supporting statements add breakdowns by account, region, activity status, and creation date, all using the same correct filtering logic. The set as a whole is valid and would produce the expected answer.",,,
20260921T153322Z,CRM-T3-03-16,crm,T3,How many contacts with the title Operations Director have no recorded interactions?,1632,"A total of 1,632 contacts with the title Operations Director have no recorded interactions in the system. This CRM-style contact data falls outside the IT fleet/helpdesk domain the analyst persona is built for, so the breakdown below is presented at face value without device-failure-rate normalization or root-cause analysis, since those directives don't apply to this dataset.

**By Industry:** Technology accounts for 238 of these contacts, Energy 233, Education 223, Retail 219, and Healthcare 214, with Manufacturing and FinancialServices making up the remainder.

**By Region:** West has 322 contacts with no interactions, East 314, South 312, North 306, and Central 296.

**By Active Status:** 1,470 of these contacts are marked active, while 162 are marked inactive.

**By Creation Month:** The counts are spread across many months from 2023 through 2026, with notable months including 2023-09 (148), 2024-12 (148), 2025-01 (133), 2026-01 (143), and 2026-02 (102), among many others with smaller counts.

Limitations: This result reflects contacts with zero logged interactions and does not indicate whether outreach was attempted but unrecorded, nor does it reflect data quality issues such as missing interaction logs. No causal explanation for the lack of interactions can be inferred from this data alone.",pass,1 requirement(s) satisfied,False,pass,platform SQL preserves unmatched rows,"-- [primary]
SELECT COUNT(*) AS contacts_no_interactions FROM studio.contacts c WHERE c.title = 'Operations Director' AND NOT EXISTS (SELECT 1 FROM studio.interactions i WHERE i.contact_id = c.contact_id)

-- [statement 2]
SELECT a.industry AS industry, COUNT(*) AS n FROM studio.contacts c JOIN studio.accounts a ON c.account_id = a.account_id WHERE c.title = 'Operations Director' AND NOT EXISTS (SELECT 1 FROM studio.interactions i WHERE i.contact_id = c.contact_id) GROUP BY a.industry ORDER BY n DESC LIMIT 15

-- [statement 3]
SELECT a.region AS region, COUNT(*) AS n FROM studio.contacts c JOIN studio.accounts a ON c.account_id = a.account_id WHERE c.title = 'Operations Director' AND NOT EXISTS (SELECT 1 FROM studio.interactions i WHERE i.contact_id = c.contact_id) GROUP BY a.region ORDER BY n DESC LIMIT 15

-- [statement 4]
SELECT c.is_active AS is_active, COUNT(*) AS n FROM studio.contacts c WHERE c.title = 'Operations Director' AND NOT EXISTS (SELECT 1 FROM studio.interactions i WHERE i.contact_id = c.contact_id) GROUP BY c.is_active ORDER BY n DESC

-- [statement 5]
SELECT strftime(TRY_CAST(NULLIF(TRIM(c.created_at), '') AS DATE), '%Y-%m') AS created_month, COUNT(*) AS n FROM studio.contacts c WHERE c.title = 'Operations Director' AND NOT EXISTS (SELECT 1 FROM studio.interactions i WHERE i.contact_id = c.contact_id) GROUP BY created_month ORDER BY MIN(TRY_CAST(NULLIF(TRIM(c.created_at), '') AS DATE))",5,5,5,5,5.0,"[factual_correctness] The platform answer states '1,632 contacts with the title Operations Director have no recorded interactions,' which matches the expected answer of 1632 exactly. The numeric value is correct. [completeness] The judge reference asks for a single count of contacts holding the named title with zero interactions. The platform provides that count (1,632) clearly and prominently. The additional breakdowns by industry, region, active status, and creation month are supplementary and do not detract from completeness of the core answer. [format_adherence] The judge reference expects a single count. The platform provides that count in the first sentence, then adds extensive breakdowns. The core answer is present and clear, though the response is much more verbose than needed. This is a cosmetic/length difference, not a format failure — the answer shape is correct (a count is stated). [sql_plausibility] The primary SQL statement uses a correlated NOT EXISTS subquery to count contacts with title 'Operations Director' that have no matching interactions. This is syntactically valid and logically correct for the question. The additional statements provide breakdowns and are also valid SQL. The set as a whole is plausible and the primary statement would produce the expected answer.",,,
20260921T153322Z,CRM-T3-03-17,crm,T3,How many contacts with the title Procurement Manager have no recorded interactions?,1825,"A total of 1,825 contacts holding the title Procurement Manager have no recorded interactions in the system. This figure comes from a CRM/contact dataset rather than a device or helpdesk fleet source, so standard fleet-normalization and root-cause frameworks used for hardware analysis don't directly apply here — this is a straightforward count of contact records lacking interaction history, broken down by industry, region, and active status. **Industry breakdown:** Education accounts for 272, Technology for 254, Energy for 251, Healthcare for 247, and Manufacturing for 236, with the remainder spread across FinancialServices (232), Retail (229), and 104 records with no industry listed. **Region breakdown:** South has 372, North has 353, Central has 339, East has 338, and West has 319, with an additional 104 contacts having no region recorded. **Active status breakdown:** 1,652 of these contacts are marked active and 173 are marked inactive. Limitations: the recurring group of 104 contacts missing industry and region values suggests some incompleteness in the underlying records, which is worth noting for data quality purposes, though it does not appear large relative to the overall total. Since this reflects contact records rather than device or ticket data, no fleet-normalization, root-cause, or cost estimation considerations apply here. As a practical next step, prioritizing outreach or data verification for the active contacts (1,652) in the more prominent industries and regions would be a reasonable first phase before addressing inactive or incomplete records.",pass,1 requirement(s) satisfied,False,pass,platform SQL preserves unmatched rows,"-- [primary]
SELECT COUNT(*) AS contacts_no_interactions FROM studio.contacts c LEFT JOIN studio.interactions i ON c.contact_id = i.contact_id WHERE c.title = 'Procurement Manager' AND i.interaction_id IS NULL

-- [statement 2]
SELECT a.industry AS industry, COUNT(*) AS n FROM studio.contacts c LEFT JOIN studio.interactions i ON c.contact_id = i.contact_id LEFT JOIN studio.accounts a ON c.account_id = a.account_id WHERE c.title = 'Procurement Manager' AND i.interaction_id IS NULL GROUP BY a.industry ORDER BY n DESC LIMIT 15

-- [statement 3]
SELECT a.region AS region, COUNT(*) AS n FROM studio.contacts c LEFT JOIN studio.interactions i ON c.contact_id = i.contact_id LEFT JOIN studio.accounts a ON c.account_id = a.account_id WHERE c.title = 'Procurement Manager' AND i.interaction_id IS NULL GROUP BY a.region ORDER BY n DESC LIMIT 15

-- [statement 4]
SELECT c.is_active AS is_active, COUNT(*) AS n FROM studio.contacts c LEFT JOIN studio.interactions i ON c.contact_id = i.contact_id WHERE c.title = 'Procurement Manager' AND i.interaction_id IS NULL GROUP BY c.is_active ORDER BY n DESC LIMIT 15",5,5,4,5,4.75,"[factual_correctness] The platform answer states 1,825 contacts, which exactly matches the expected answer of 1825. The numeric value is identical. [completeness] The judge reference asks for a single count of contacts holding the named title with zero interactions. The platform provides exactly that count (1,825), plus additional breakdowns. The core required value is present and correct. [format_adherence] The judge reference calls for a single count. The platform provides the count but wraps it in extensive prose with industry, region, and active status breakdowns. The answer is readable and the count is clearly stated, but the format goes well beyond what was asked. This is a minor deviation — the core answer is present in sentence form, which is acceptable, but the extensive additional content is beyond the expected simple count format. [sql_plausibility] The primary SQL statement uses a LEFT JOIN with a NULL check on interaction_id to find contacts with no recorded interactions filtered by title 'Procurement Manager', then counts them. This is syntactically valid and logically correct for the question. The additional statements provide breakdowns and are also valid.",,,
20260921T153322Z,CRM-T3-03-18,crm,T3,How many contacts with the title Program Manager have no recorded interactions?,1777,"A total of 1,777 contacts holding the title Program Manager currently have no recorded interactions logged, broken down here by industry, region, and account activity status for additional context.

**By industry:** Retail accounts for 278 of these contacts, Manufacturing for 242, Technology for 241, Education for 234, and Financial Services for 233, with the remaining industries (Healthcare, Energy, and a group of 104 with no industry recorded) rounding out the total.

**By region:** West shows 357 contacts, North has 342, East has 335, South has 321, and Central has 318, with an additional 104 contacts having no region recorded.

**By account activity status:** 1,588 contacts are associated with active accounts, while 189 are tied to inactive accounts.

A few notes on interpreting this data: the 'no interactions' count reflects contact-level records rather than confirmed device or account failures, so it should be read as a measure of engagement gaps rather than a definitive indicator of account health. The presence of 104 contacts with missing industry and region values suggests some incompleteness in the source data, which slightly limits the precision of the breakdowns. No cost, root-cause, or performance conclusions can be drawn from this data alone — it simply identifies where Program Manager contacts with no logged interactions are concentrated. If a next step is desired, it may be useful to review whether these contacts are still valid decision-makers or if outreach cadences need adjustment, but any broader remediation should be considered directional pending further data validation.",pass,1 requirement(s) satisfied,False,pass,platform SQL preserves unmatched rows,"-- [primary]
SELECT COUNT(*) AS contacts_no_interactions FROM studio.contacts c WHERE c.title = 'Program Manager' AND NOT EXISTS (SELECT 1 FROM studio.interactions i WHERE i.contact_id = c.contact_id)

-- [statement 2]
SELECT a.industry AS industry, COUNT(*) AS n FROM studio.contacts c LEFT JOIN studio.accounts a ON c.account_id = a.account_id WHERE c.title = 'Program Manager' AND NOT EXISTS (SELECT 1 FROM studio.interactions i WHERE i.contact_id = c.contact_id) GROUP BY a.industry ORDER BY n DESC LIMIT 15

-- [statement 3]
SELECT a.region AS region, COUNT(*) AS n FROM studio.contacts c LEFT JOIN studio.accounts a ON c.account_id = a.account_id WHERE c.title = 'Program Manager' AND NOT EXISTS (SELECT 1 FROM studio.interactions i WHERE i.contact_id = c.contact_id) GROUP BY a.region ORDER BY n DESC LIMIT 15

-- [statement 4]
SELECT c.is_active AS is_active, COUNT(*) AS n FROM studio.contacts c WHERE c.title = 'Program Manager' AND NOT EXISTS (SELECT 1 FROM studio.interactions i WHERE i.contact_id = c.contact_id) GROUP BY c.is_active ORDER BY n DESC LIMIT 15",5,5,4,5,4.75,"[factual_correctness] The platform answer states '1,777 contacts' which matches the expected answer of 1777 exactly. The numeric value is correct. [completeness] The judge reference asks for a single count of contacts holding the named title with zero interactions. The platform provides that count (1,777) prominently, plus extensive breakdowns. The core required value is present and correct. [format_adherence] The judge reference calls for a single count. The platform provides the count but wraps it in extensive breakdowns by industry, region, and account activity status, along with lengthy interpretive notes. While the answer is recoverable and the primary number is stated, the format significantly exceeds what was asked for. However, the core answer is clearly stated at the top, so this is a minor deviation rather than a wrong format. [sql_plausibility] The primary SQL statement uses a NOT EXISTS subquery to find contacts with title 'Program Manager' that have no matching interactions, which is logically correct and syntactically valid. The additional statements provide breakdowns using the same core logic with GROUP BY clauses. The SQL set as a whole is valid and would produce the expected answer.",,,
20260921T153322Z,CRM-T3-03-19,crm,T3,How many contacts with the title Service Delivery Manager have no recorded interactions?,1713,"A total of 1,713 contacts holding the title ""Service Delivery Manager"" have no recorded interactions on file. Additional breakdowns provide some context on account distribution, active status, and creation timing.

**By Account:** Contacts without interactions are spread across many accounts, with no single account accounting for a large share. Examples include Smith Group (7), Walton Group (4), Pacheco Hernandez and Kelly (3), Gonzalez and Sons (3), and Williams Inc (3), among others — 15 accounts appear in the breakdown, most with just a few contacts each.

**By Active Status:** Of these contacts, 1,540 are marked as active and 173 are marked as inactive, suggesting the majority of contacts lacking recorded interactions are still currently active in the system.

**By Creation Month:** These contacts were created across a wide span from mid-2023 through mid-2026, with notable counts in 2023-09 (140), 2023-10 (137), 2024-12 (165), 2025-01 (122), and 2026-01 (143), among others, with activity fluctuating over time rather than clustering around a single period.

**Limitations:** This count reflects contacts with no logged interaction records, not necessarily contacts who were never engaged, since some interactions may not have been captured in the system. The account and monthly breakdowns are based on a limited number of returned rows (15 accounts and 30 months) and should be treated as illustrative rather than exhaustive. No root cause for the lack of interactions can be determined from this data alone, and these findings should be considered directional rather than definitive.",pass,1 requirement(s) satisfied,False,pass,platform SQL preserves unmatched rows,"-- [primary]
SELECT COUNT(*) AS contacts_with_no_interactions FROM studio.contacts c WHERE c.title = 'Service Delivery Manager' AND NOT EXISTS (SELECT 1 FROM studio.interactions i WHERE i.contact_id = c.contact_id)

-- [statement 2]
SELECT a.account_name AS account_name, COUNT(*) AS n FROM studio.contacts c JOIN studio.accounts a ON c.account_id = a.account_id WHERE c.title = 'Service Delivery Manager' AND NOT EXISTS (SELECT 1 FROM studio.interactions i WHERE i.contact_id = c.contact_id) GROUP BY a.account_name ORDER BY n DESC LIMIT 15

-- [statement 3]
SELECT c.is_active AS is_active, COUNT(*) AS n FROM studio.contacts c WHERE c.title = 'Service Delivery Manager' AND NOT EXISTS (SELECT 1 FROM studio.interactions i WHERE i.contact_id = c.contact_id) GROUP BY c.is_active ORDER BY n DESC LIMIT 15

-- [statement 4]
SELECT strftime(d, '%Y-%m') AS created_month, COUNT(*) AS n FROM (SELECT c.contact_id, TRY_CAST(NULLIF(TRIM(c.created_at), '') AS DATE) AS d FROM studio.contacts c WHERE c.title = 'Service Delivery Manager' AND NOT EXISTS (SELECT 1 FROM studio.interactions i WHERE i.contact_id = c.contact_id)) sub WHERE d IS NOT NULL GROUP BY created_month ORDER BY MIN(d)",5,5,4,5,4.75,"[factual_correctness] The platform answer states '1,713 contacts' which matches the expected answer of 1713 exactly. The numeric value is correct. [completeness] The judge reference asks for a single count of contacts holding the named title with zero interactions. The platform provides that count (1,713) clearly in the first sentence, plus additional breakdowns. The core required value is present and correct. [format_adherence] The judge reference expects a single count. The platform provides the count but wraps it in extensive additional breakdowns (by account, active status, creation month, and limitations). The core answer is present but the response goes well beyond what was asked. This is a minor deviation — the answer is readable and the key figure is prominent, but the format is more elaborate than a simple count response. [sql_plausibility] The primary SQL statement uses a correlated NOT EXISTS subquery to count contacts with title 'Service Delivery Manager' that have no matching interactions — this is logically correct and syntactically valid. The supporting statements add breakdowns by account, active status, and creation month, all using the same core logic. The set as a whole is valid and would produce the expected answer.",,,
20260921T153322Z,CRM-T3-05-25,crm,T3,How many awareness campaigns have no attributed interactions?,378,"A total of 378 awareness campaigns have no attributed interactions recorded. Looking at this group by status, the breakdown includes Scheduled (114), Draft (111), Completed (88), Active (37), and Cancelled (28) campaigns. By primary channel, Webinar accounts for 71, Social for 65, Event for 62, Web for 61, and Phone for 60, with Email and others rounding out the remainder. A monthly view shows counts that are generally modest across most months, typically in the single digits to teens, but several months stand out with notably higher counts, including September 2026 (76), November 2026 (65), December 2026 (28), and January 2027 (37). These later months may warrant closer review to understand what is contributing to the higher number of campaigns lacking attributed interactions.",pass,1 requirement(s) satisfied,False,pass,platform SQL preserves unmatched rows,"-- [primary]
SELECT COUNT(*) AS awareness_campaigns_no_interactions FROM studio.campaigns c WHERE c.campaign_type = 'Awareness' AND NOT EXISTS (SELECT 1 FROM studio.interactions i WHERE i.campaign_id = c.campaign_id)

-- [statement 2]
SELECT c.status, COUNT(*) AS n FROM studio.campaigns c WHERE c.campaign_type = 'Awareness' AND NOT EXISTS (SELECT 1 FROM studio.interactions i WHERE i.campaign_id = c.campaign_id) GROUP BY c.status ORDER BY n DESC LIMIT 15

-- [statement 3]
SELECT c.primary_channel, COUNT(*) AS n FROM studio.campaigns c WHERE c.campaign_type = 'Awareness' AND NOT EXISTS (SELECT 1 FROM studio.interactions i WHERE i.campaign_id = c.campaign_id) GROUP BY c.primary_channel ORDER BY n DESC LIMIT 15

-- [statement 4]
SELECT strftime(d, '%Y-%m') AS month, COUNT(*) AS n FROM (SELECT c.campaign_id, TRY_CAST(NULLIF(TRIM(c.start_date), '') AS DATE) AS d FROM studio.campaigns c WHERE c.campaign_type = 'Awareness' AND NOT EXISTS (SELECT 1 FROM studio.interactions i WHERE i.campaign_id = c.campaign_id)) sub WHERE d IS NOT NULL GROUP BY month ORDER BY MIN(d)",5,5,5,5,5.0,"[factual_correctness] The platform answer states '378 awareness campaigns have no attributed interactions recorded,' which exactly matches the expected answer of 378. The numeric fact is correct. [completeness] The judge reference asks for a single count of campaigns of the named type with zero attributed interactions. The platform provides that count (378) and adds supplementary breakdowns by status, channel, and month. The core required value is present and correct. The extra detail does not detract from completeness. [format_adherence] The judge reference expects a single count. The platform delivers the count clearly in the first sentence, then adds supporting breakdowns. The primary answer is present in the correct form; the additional detail is supplementary and does not obstruct the answer. [sql_plausibility] The primary SQL uses a correlated NOT EXISTS subquery to count Awareness campaigns with no matching interactions, which is logically correct and syntactically valid. The supporting statements add breakdowns by status, channel, and month using the same filter logic. The set as a whole is valid and would produce the expected answer.",,,
20260921T153322Z,CRM-T3-06-31,crm,T3,How many completed campaigns have no attributed interactions?,450,"A total of 450 completed campaigns show no attributed interactions in the data reviewed.

**By Campaign Type** — CustomerEducation accounts for 97 of these campaigns, Nurture for 96, Awareness for 88, Reengagement for 85, and Retention for 84.

**By Primary Channel** — Email is tied to 86 of these campaigns, Event to 85, Social to 82, Phone to 75, and Webinar to 63, with Web (59) among the remaining channels.

**By End Month** — the campaigns without attributed interactions are spread across many months, including 2023-10 (35), 2023-11 (32), 2023-12 (28), 2025-03 (28), and 2026-01 (25), and others.

**Limitations:** These figures represent counts of completed campaigns lacking attributed interaction records, not a measure of campaign effectiveness or failure — attribution gaps could stem from tracking or data-linkage issues rather than an actual absence of engagement. The breakdown by month spans nearly three years with uneven volumes per month, so month-to-month figures should be read as directional rather than a trend confirmation. No root cause for the missing attribution can be determined from this data alone, and no financial or performance conclusions should be drawn without further validation of the attribution pipeline.",pass,1 requirement(s) satisfied,False,pass,platform SQL preserves unmatched rows,"-- [primary]
SELECT COUNT(*) AS completed_campaigns_no_interactions FROM studio.campaigns c WHERE c.status = 'Completed' AND NOT EXISTS (SELECT 1 FROM studio.interactions i WHERE i.campaign_id = c.campaign_id)

-- [statement 2]
SELECT c.campaign_type, COUNT(*) AS n FROM studio.campaigns c WHERE c.status = 'Completed' AND NOT EXISTS (SELECT 1 FROM studio.interactions i WHERE i.campaign_id = c.campaign_id) GROUP BY c.campaign_type ORDER BY n DESC LIMIT 15

-- [statement 3]
SELECT c.primary_channel, COUNT(*) AS n FROM studio.campaigns c WHERE c.status = 'Completed' AND NOT EXISTS (SELECT 1 FROM studio.interactions i WHERE i.campaign_id = c.campaign_id) GROUP BY c.primary_channel ORDER BY n DESC LIMIT 15

-- [statement 4]
SELECT strftime(TRY_CAST(NULLIF(TRIM(c.end_date), '') AS DATE), '%Y-%m') AS end_month, COUNT(*) AS n FROM studio.campaigns c WHERE c.status = 'Completed' AND NOT EXISTS (SELECT 1 FROM studio.interactions i WHERE i.campaign_id = c.campaign_id) AND TRY_CAST(NULLIF(TRIM(c.end_date), '') AS DATE) IS NOT NULL GROUP BY end_month ORDER BY MIN(TRY_CAST(NULLIF(TRIM(c.end_date), '') AS DATE))",5,5,4,5,4.75,"[factual_correctness] The platform answer states '450 completed campaigns show no attributed interactions,' which exactly matches the expected answer of 450. The additional breakdowns are supplementary and do not contradict the core fact. [completeness] The judge reference asks for 'a single count of campaigns in the named status with zero attributed interactions.' The platform provides exactly that (450) as the headline figure, plus additional breakdowns. The core requirement is fully met. [format_adherence] The judge reference calls for a single count. The platform provides the count clearly at the top but then adds extensive breakdowns by campaign type, channel, and month, plus a limitations section. The core answer is present and readable, but the format goes well beyond what was asked. This is extra content rather than wrong format, so a minor deviation at most. [sql_plausibility] The primary SQL statement uses a correlated NOT EXISTS subquery to find completed campaigns with no matching interactions, which is logically correct and syntactically valid. The supporting statements add breakdowns by campaign_type, primary_channel, and end_month, all valid. The set as a whole is plausible and would produce the expected answer.",,,
20260921T153322Z,CRM-T4-03-13,crm,T4,"For preferred-tier accounts, what is the SLA compliance rate of the support cases raised by their contacts, by category?",Access | 23.15; Billing | 22.78; GeneralInquiry | 23.40; Integration | 23.03; ProductIssue | 23.17; ServiceRequest | 21.89,"Across preferred-tier accounts, 18,697 resolved support cases were logged, with 9,360 meeting SLA targets — an overall compliance rate of 50.06%. This means roughly half of all resolved cases for this account tier met their service-level commitment, which is notably below what would typically be considered a healthy compliance benchmark.

**By Category:** Compliance rates are remarkably consistent across the six ticket categories, all clustering tightly around the 50% mark: ServiceRequest (3,164 cases, 50.28% compliant), Integration (3,150 cases, 49.75% compliant), Billing (3,140 cases, 50.1% compliant), ProductIssue (3,099 cases, 49.73% compliant), and GeneralInquiry (3,097 cases, 50.11% compliant), with Access (3,047 cases, 50.41% compliant) rounding out the set. No single category stands out as a meaningful outlier.

**By Priority (supporting context):** Breaking the same population down by priority level shows a similarly narrow band — Medium (7,845 cases, 49.64%), Low (5,306 cases, 50.45%), High (4,241 cases, 50.13%), and Critical (1,305 cases, 50.8%) — again all near the 50% midpoint regardless of urgency.

**By Status (supporting context):** Resolved cases (12,106) show a 50.16% compliance rate, while Closed cases (6,591) show 49.89%, indicating no meaningful difference tied to case status.

**Limitations:** These figures are based on case counts, not necessarily unique contacts or devices, so a single contact or account raising multiple cases could influence the category totals without representing a broader pattern. The near-uniform ~50% rate across every category, priority level, and status is unusual — this level of consistency across otherwise distinct dimensions warrants a data-quality check (e.g., possible rounding, a scoring definition that mechanically nets out near 50%, or an SLA target calculated in a way that isn't sensitive to ticket type). I would treat the category-level split as directional rather than a confirmed operational finding until that pattern is validated against the underlying SLA calculation logic.

**Comparative Analysis:** Because all categories carry similar volumes (roughly 3,000–3,200 cases each) and nearly identical compliance rates, this is a fair like-for-like comparison in terms of sample size, and it does not point to any one category (e.g., Billing vs. Integration) being disproportionately harder to service on time.

**Root Cause Assessment:** Given the uniformity of the shortfall across categories, priorities, and statuses, this does not look like a category-specific handling issue, a staffing gap tied to a particular case type, or a symptom of harder technical categories (e.g., Integration or ProductIssue) underperforming simpler ones (e.g., GeneralInquiry). It more plausibly reflects a systemic factor affecting the whole preferred-tier queue — such as an SLA policy threshold, staffing capacity relative to overall preferred-tier volume, or a calculation/reporting artifact — rather than a category-driven root cause. This should be considered a preliminary, data-supported hypothesis rather than a confirmed cause.

**Recommendations:**
1. Validate the SLA compliance calculation logic and timestamp handling before drawing operational conclusions, given the unusually uniform ~50% rate across all cuts of the data.
2. If the ~50% rate is confirmed as genuine, prioritize a review of preferred-tier staffing and queue prioritization rules, since the shortfall appears account-tier-wide rather than tied to any single case category.
3. Monitor the monthly trend (which fluctuates between roughly 43% and 63% in most months with sufficient volume) to determine whether compliance is improving, degrading, or stable before committing to a remediation plan.
4. Avoid category-specific process changes until the systemic vs. category-specific question is resolved, since the data does not currently support targeting one category over another.",fail,value '23.15' not present; value '22.78' not present; value '23.40' not present; value '23.03' not present (+2 more),False,not_applicable,not a T3 / outer-join pair,"-- [primary]
WITH base AS (
  SELECT sc.*, a.customer_tier
  FROM ""studio"".""support_cases 1"" sc
  JOIN studio.accounts a ON sc.account_id = a.account_id
  WHERE a.customer_tier = 'Preferred'
    AND sc.resolved_at IS NOT NULL
)
SELECT
  COUNT(*) AS total_resolved_cases,
  SUM(CASE WHEN TRY_CAST(resolved_at AS TIMESTAMP) <= TRY_CAST(sla_due_at AS TIMESTAMP) THEN 1 ELSE 0 END) AS compliant_cases,
  ROUND(100.0 * SUM(CASE WHEN TRY_CAST(resolved_at AS TIMESTAMP) <= TRY_CAST(sla_due_at AS TIMESTAMP) THEN 1 ELSE 0 END) / COUNT(*), 2) AS sla_compliance_rate_pct
FROM base

-- [statement 2]
WITH base AS (
  SELECT sc.*, a.customer_tier
  FROM ""studio"".""support_cases 1"" sc
  JOIN studio.accounts a ON sc.account_id = a.account_id
  WHERE a.customer_tier = 'Preferred'
    AND sc.resolved_at IS NOT NULL
)
SELECT
  category,
  COUNT(*) AS total_resolved_cases,
  SUM(CASE WHEN TRY_CAST(resolved_at AS TIMESTAMP) <= TRY_CAST(sla_due_at AS TIMESTAMP) THEN 1 ELSE 0 END) AS compliant_cases,
  ROUND(100.0 * SUM(CASE WHEN TRY_CAST(resolved_at AS TIMESTAMP) <= TRY_CAST(sla_due_at AS TIMESTAMP) THEN 1 ELSE 0 END) / COUNT(*), 2) AS sla_compliance_rate_pct
FROM base
GROUP BY category
ORDER BY total_resolved_cases DESC
LIMIT 15

-- [statement 3]
WITH base AS (
  SELECT sc.*, a.customer_tier
  FROM ""studio"".""support_cases 1"" sc
  JOIN studio.accounts a ON sc.account_id = a.account_id
  WHERE a.customer_tier = 'Preferred'
    AND sc.resolved_at IS NOT NULL
)
SELECT
  priority,
  COUNT(*) AS total_resolved_cases,
  ROUND(100.0 * SUM(CASE WHEN TRY_CAST(resolved_at AS TIMESTAMP) <= TRY_CAST(sla_due_at AS TIMESTAMP) THEN 1 ELSE 0 END) / COUNT(*), 2) AS sla_compliance_rate_pct
FROM base
GROUP BY priority
ORDER BY total_resolved_cases DESC
LIMIT 15

-- [statement 4]
WITH base AS (
  SELECT sc.*, a.customer_tier,
    TRY_CAST(NULLIF(TRIM(sc.resolved_at), '') AS DATE) AS d
  FROM ""studio"".""support_cases 1"" sc
  JOIN studio.accounts a ON sc.account_id = a.account_id
  WHERE a.customer_tier = 'Preferred'
    AND sc.resolved_at IS NOT NULL
)
SELECT
  strftime(d, '%Y-%m') AS resolved_month,
  COUNT(*) AS total_resolved_cases,
  ROUND(100.0 * SUM(CASE WHEN TRY_CAST(resolved_at AS TIMESTAMP) <= TRY_CAST(sla_due_at AS TIMESTAMP) THEN 1 ELSE 0 END) / COUNT(*), 2) AS sla_compliance_rate_pct
FROM base
WHERE d IS NOT NULL
GROUP BY resolved_month
ORDER BY MIN(d)

-- [statement 5]
WITH base AS (
  SELECT sc.*, a.customer_tier
  FROM ""studio"".""support_cases 1"" sc
  JOIN studio.accounts a ON sc.account_id = a.account_id
  WHERE a.customer_tier = 'Preferred'
    AND sc.resolved_at IS NOT NULL
)
SELECT
  status,
  COUNT(*) AS total_resolved_cases,
  ROUND(100.0 * SUM(CASE WHEN TRY_CAST(resolved_at AS TIMESTAMP) <= TRY_CAST(sla_due_at AS TIMESTAMP) THEN 1 ELSE 0 END) / COUNT(*), 2) AS sla_compliance_rate_pct
FROM base
GROUP BY status
ORDER BY total_resolved_cases DESC
LIMIT 15",1,3,3,2,2.25,"[factual_correctness] The expected answer shows SLA compliance rates around 21-23% per category (Access 23.15, Billing 22.78, GeneralInquiry 23.40, Integration 23.03, ProductIssue 23.17, ServiceRequest 21.89). The platform answer reports rates around 50% for all categories (Access 50.41%, Billing 50.1%, Integration 49.75%, ProductIssue 49.73%, GeneralInquiry 50.11%, ServiceRequest 50.28%). These numbers are completely wrong — roughly double the expected values. The SQL joins on account_id directly from support_cases to accounts, but the question specifies cases raised by contacts of preferred-tier accounts, meaning the join should go through contacts. This likely explains the discrepancy. All numeric values are factually incorrect. [completeness] The platform does provide all six categories and a compliance rate for each, so in terms of structure it covers all required entities. However, since the numbers are all wrong, the substance of what was asked is not correctly answered. Per the scoring guide, completeness is about whether required values/rows/columns are present — all six categories are listed with rates. But the rates themselves are wrong, which is a factual issue. The completeness dimension focuses on whether all required entities are present, and all six categories are present. Score reflects that all categories are present but the values are incorrect (factual issue scored separately). [format_adherence] The question asks for SLA compliance rate by category. The judge reference calls for a table/list with categories and percentages. The platform provides the category breakdown but buries it in verbose prose with extensive additional analysis (by priority, by status, monthly trends, recommendations). The core information is present but the format is far more verbose than needed and includes unrequested breakdowns. Minor deviation in that the core answer is readable but surrounded by excessive unsolicited content. [sql_plausibility] The SQL joins support_cases directly to accounts on account_id, but the question asks about cases raised by contacts of preferred-tier accounts. The correct approach would join through a contacts table (support_cases → contacts → accounts). The direct join on account_id may exist in the schema but likely produces different results than the reference SQL which filters via contacts. Statement 2 does group by category and computes compliance rate, which is the right structure, but the join logic is logically wrong for the question as stated. This makes the SQL valid syntactically but logically incorrect for the specific question.",,,
20260921T153322Z,CRM-T4-03-14,crm,T4,"For standard-tier accounts, what is the SLA compliance rate of the support cases raised by their contacts, by category?",Access | 22.43; Billing | 22.08; GeneralInquiry | 23.36; Integration | 22.83; ProductIssue | 23.00; ServiceRequest | 22.75,"For standard-tier accounts, support cases raised by their contacts show an overall SLA compliance rate of 49.59%, based on 21,265 resolved cases of which 10,545 met SLA targets. This is a case-level rate rather than a per-contact or per-issue rate, so it reflects ticket volume rather than the number of unique contacts affected—useful context if ticket counts don't map one-to-one with underlying issues.

**By Category:** Compliance rates are fairly consistent across categories, all clustering near the overall average. General Inquiry cases (3,664 total) had a 49.4% compliance rate, Billing cases (3,577 total) came in at 48.64%, Product Issue cases (3,529 total) at 49.96%, Access cases (3,522 total) at 49.72%, and Integration cases (3,513 total) at 50.41%, with Service Request cases (3,460 total) at 49.42% rounding out the categories. Given how close these figures are to one another, there is no category standing out as meaningfully different from the rest based on this data alone.

**By Priority (additional context):** Looking at priority level, Medium-priority cases (9,022 total) had a 50.16% compliance rate, Low-priority cases (6,006 total) came in at 48.05%, High-priority cases (4,763 total) at 51.04%, and Critical-priority cases (1,474 total) at 47.69%. Notably, Critical-priority cases—despite typically having the tightest SLA windows—do not show a distinctly higher or lower compliance rate than other tiers in this dataset, though the smaller volume of Critical cases relative to other priorities warrants some caution in over-interpreting this figure.

**Limitations:** A monthly breakdown was also provided, but it contains very small case counts per month (often 1–2 cases), which produces highly volatile compliance rates (ranging from 0% to 100%) that are not statistically meaningful and should not be used to infer trends over time. Overall, the category-level differences are modest and should be considered directional rather than definitive, given the relatively narrow spread of compliance rates (roughly 48–50%) across all categories and priorities. No root cause for the sub-50% compliance rate can be determined from this data alone, as it does not distinguish between staffing, process, or case-complexity factors.",fail,value '22.43' not present; value '22.08' not present; value '23.36' not present; value '22.83' not present (+2 more),False,not_applicable,not a T3 / outer-join pair,"-- [primary]
WITH std_cases AS (
  SELECT sc.case_id, sc.category, sc.resolved_at, sc.sla_due_at
  FROM ""studio"".""support_cases 1"" sc
  JOIN studio.accounts a ON sc.account_id = a.account_id
  JOIN studio.contacts c ON sc.contact_id = c.contact_id AND c.account_id = a.account_id
  WHERE a.customer_tier = 'Standard'
    AND sc.resolved_at IS NOT NULL
)
SELECT
  COUNT(*) AS total_resolved_cases,
  SUM(CASE WHEN TRY_CAST(resolved_at AS TIMESTAMP) <= TRY_CAST(sla_due_at AS TIMESTAMP) THEN 1 ELSE 0 END) AS sla_met_cases,
  ROUND(100.0 * SUM(CASE WHEN TRY_CAST(resolved_at AS TIMESTAMP) <= TRY_CAST(sla_due_at AS TIMESTAMP) THEN 1 ELSE 0 END) / NULLIF(COUNT(*),0), 2) AS sla_compliance_rate_pct
FROM std_cases

-- [statement 2]
WITH std_cases AS (
  SELECT sc.case_id, sc.category, sc.resolved_at, sc.sla_due_at
  FROM ""studio"".""support_cases 1"" sc
  JOIN studio.accounts a ON sc.account_id = a.account_id
  JOIN studio.contacts c ON sc.contact_id = c.contact_id AND c.account_id = a.account_id
  WHERE a.customer_tier = 'Standard'
    AND sc.resolved_at IS NOT NULL
)
SELECT
  category,
  COUNT(*) AS total_resolved_cases,
  SUM(CASE WHEN TRY_CAST(resolved_at AS TIMESTAMP) <= TRY_CAST(sla_due_at AS TIMESTAMP) THEN 1 ELSE 0 END) AS sla_met_cases,
  ROUND(100.0 * SUM(CASE WHEN TRY_CAST(resolved_at AS TIMESTAMP) <= TRY_CAST(sla_due_at AS TIMESTAMP) THEN 1 ELSE 0 END) / NULLIF(COUNT(*),0), 2) AS sla_compliance_rate_pct
FROM std_cases
GROUP BY category
ORDER BY total_resolved_cases DESC
LIMIT 15

-- [statement 3]
WITH std_cases AS (
  SELECT sc.case_id, sc.priority, sc.resolved_at, sc.sla_due_at
  FROM ""studio"".""support_cases 1"" sc
  JOIN studio.accounts a ON sc.account_id = a.account_id
  JOIN studio.contacts c ON sc.contact_id = c.contact_id AND c.account_id = a.account_id
  WHERE a.customer_tier = 'Standard'
    AND sc.resolved_at IS NOT NULL
)
SELECT
  priority,
  COUNT(*) AS total_resolved_cases,
  ROUND(100.0 * SUM(CASE WHEN TRY_CAST(resolved_at AS TIMESTAMP) <= TRY_CAST(sla_due_at AS TIMESTAMP) THEN 1 ELSE 0 END) / NULLIF(COUNT(*),0), 2) AS sla_compliance_rate_pct
FROM std_cases
GROUP BY priority
ORDER BY total_resolved_cases DESC
LIMIT 15

-- [statement 4]
WITH std_cases AS (
  SELECT sc.case_id, sc.resolved_at, sc.sla_due_at, TRY_CAST(NULLIF(TRIM(sc.opened_at), '') AS DATE) AS d
  FROM ""studio"".""support_cases 1"" sc
  JOIN studio.accounts a ON sc.account_id = a.account_id
  JOIN studio.contacts c ON sc.contact_id = c.contact_id AND c.account_id = a.account_id
  WHERE a.customer_tier = 'Standard'
    AND sc.resolved_at IS NOT NULL
    AND TRY_CAST(NULLIF(TRIM(sc.opened_at), '') AS DATE) BETWEEN DATE '2000-01-01' AND DATE '2035-12-31'
)
SELECT
  strftime(d, '%Y-%m') AS month_label,
  COUNT(*) AS total_resolved_cases,
  ROUND(100.0 * SUM(CASE WHEN TRY_CAST(resolved_at AS TIMESTAMP) <= TRY_CAST(sla_due_at AS TIMESTAMP) THEN 1 ELSE 0 END) / NULLIF(COUNT(*),0), 2) AS sla_compliance_rate_pct
FROM std_cases
GROUP BY month_label, d
ORDER BY MIN(d)
LIMIT 12",1,3,3,3,2.5,"[factual_correctness] The expected answer shows SLA compliance rates around 22-23% per category (Access 22.43, Billing 22.08, GeneralInquiry 23.36, Integration 22.83, ProductIssue 23.00, ServiceRequest 22.75). The platform answer reports rates around 49-50% per category (General Inquiry 49.4%, Billing 48.64%, Product Issue 49.96%, Access 49.72%, Integration 50.41%, Service Request 49.42%). These numbers are completely different from the expected answer — roughly double the correct values. The platform's SQL filters on resolved_at IS NOT NULL, which means it only counts resolved cases in the denominator, whereas the correct calculation likely includes all cases (resolved and unresolved) in the denominator, or uses a different definition of SLA compliance. The numeric values are entirely wrong. [completeness] The platform does provide a breakdown by all six categories, which matches the structure requested. However, since all the numeric values are wrong, the answer is essentially providing incorrect data for each category. The categories themselves are all present, but the values are wrong throughout. This is more of a factual issue than completeness — all six categories are mentioned with values, so the structure is complete even if the values are wrong. [format_adherence] The question asks for SLA compliance rate by category. The platform provides a by-category breakdown, which matches the requested format. However, it also includes unsolicited additional breakdowns (by priority, by month) and extensive commentary. The core format (category-level rates) is present but buried in extra content. The format is readable and the category breakdown is present, though with extra unrequested information. [sql_plausibility] The SQL in statement 2 does break down by category and computes SLA compliance rate for standard-tier accounts. However, the logic filters on resolved_at IS NOT NULL, which changes the denominator compared to the reference answer. The SQL is syntactically valid and logically coherent for one interpretation of the question, but it produces wrong results because it excludes unresolved cases from the denominator. The SQL would execute but produces incorrect answers relative to the expected output.",,,
20260921T153322Z,CRM-T4-03-15,crm,T4,"For strategic-tier accounts, what is the SLA compliance rate of the support cases raised by their contacts, by category?",Access | 24.38; Billing | 24.18; GeneralInquiry | 21.62; Integration | 22.94; ProductIssue | 25.77; ServiceRequest | 23.73,"Across strategic-tier accounts, 3,553 resolved support cases were evaluated for SLA adherence, with 1,829 meeting the SLA threshold — an overall compliance rate of 51.48%. This figure sits close to the midpoint, indicating that roughly half of resolved cases from these key accounts met their service level targets, which may warrant closer review given the strategic importance of this account tier.

**By Category:** Compliance rates were fairly consistent across categories, generally clustering in the high-40s to mid-50s percentage range. Integration cases (619 resolved) had a 47.66% compliance rate, ProductIssue cases (613 resolved) came in at 54.49%, ServiceRequest cases (592 resolved) at 53.72%, Access cases (590 resolved) at 51.86%, and GeneralInquiry cases (574 resolved) at 48.95%, with Billing cases (565 resolved) at 52.21%. No single category stands out as dramatically better or worse than the others, suggesting the compliance gap is not concentrated in one specific case type but appears more systemic across categories.

**By Priority:** Additional context by urgency level shows Medium priority (1,469 resolved cases) at 50.92% compliance, Low priority (1,005 resolved cases) at 51.24%, High priority (811 resolved cases) at 51.54%, and Critical priority (268 resolved cases) at 55.22%. Critical cases show a somewhat higher compliance rate, though the smaller volume of critical cases relative to other priorities means this should be interpreted with some caution.

**Limitations:** These figures reflect ticket-level counts rather than confirmed unique-device or unique-contact impact, so they may not directly represent underlying incident rates if multiple cases stem from the same contact or issue. Monthly volumes also vary considerably (from single-digit counts in some months to several hundred in others), and months with very low case counts show highly volatile compliance percentages (including 0% and 100% extremes) that are not statistically meaningful given the small sample sizes. As a result, the category and priority breakdowns should be treated as directional patterns rather than definitive conclusions, and no root cause for the roughly 50% compliance rate can be confirmed from this data alone — it may reflect SLA target design, staffing, case complexity, or other factors not captured here.",fail,value '24.38' not present; value '24.18' not present; value '21.62' not present; value '22.94' not present (+2 more),False,not_applicable,not a T3 / outer-join pair,"-- [primary]
WITH strategic_cases AS (
  SELECT sc.category,
         CAST(sc.resolved_at AS TIMESTAMP) AS resolved_ts,
         CAST(sc.sla_due_at AS TIMESTAMP) AS due_ts
  FROM ""studio"".""support_cases 1"" sc
  JOIN studio.contacts c ON sc.contact_id = c.contact_id
  JOIN studio.accounts a ON c.account_id = a.account_id
  WHERE a.customer_tier = 'Strategic'
    AND sc.resolved_at IS NOT NULL
    AND sc.sla_due_at IS NOT NULL
)
SELECT COUNT(*) AS total_resolved_cases,
       SUM(CASE WHEN resolved_ts <= due_ts THEN 1 ELSE 0 END) AS compliant_cases,
       ROUND(100.0 * SUM(CASE WHEN resolved_ts <= due_ts THEN 1 ELSE 0 END) / NULLIF(COUNT(*),0), 2) AS sla_compliance_rate_pct
FROM strategic_cases

-- [statement 2]
WITH strategic_cases AS (
  SELECT sc.category,
         CAST(sc.resolved_at AS TIMESTAMP) AS resolved_ts,
         CAST(sc.sla_due_at AS TIMESTAMP) AS due_ts
  FROM ""studio"".""support_cases 1"" sc
  JOIN studio.contacts c ON sc.contact_id = c.contact_id
  JOIN studio.accounts a ON c.account_id = a.account_id
  WHERE a.customer_tier = 'Strategic'
    AND sc.resolved_at IS NOT NULL
    AND sc.sla_due_at IS NOT NULL
)
SELECT category,
       COUNT(*) AS total_resolved_cases,
       SUM(CASE WHEN resolved_ts <= due_ts THEN 1 ELSE 0 END) AS compliant_cases,
       ROUND(100.0 * SUM(CASE WHEN resolved_ts <= due_ts THEN 1 ELSE 0 END) / NULLIF(COUNT(*),0), 2) AS sla_compliance_rate_pct
FROM strategic_cases
GROUP BY category
ORDER BY total_resolved_cases DESC
LIMIT 15

-- [statement 3]
WITH strategic_cases AS (
  SELECT sc.category, sc.priority,
         CAST(sc.resolved_at AS TIMESTAMP) AS resolved_ts,
         CAST(sc.sla_due_at AS TIMESTAMP) AS due_ts
  FROM ""studio"".""support_cases 1"" sc
  JOIN studio.contacts c ON sc.contact_id = c.contact_id
  JOIN studio.accounts a ON c.account_id = a.account_id
  WHERE a.customer_tier = 'Strategic'
    AND sc.resolved_at IS NOT NULL
    AND sc.sla_due_at IS NOT NULL
)
SELECT priority,
       COUNT(*) AS total_resolved_cases,
       ROUND(100.0 * SUM(CASE WHEN resolved_ts <= due_ts THEN 1 ELSE 0 END) / NULLIF(COUNT(*),0), 2) AS sla_compliance_rate_pct
FROM strategic_cases
GROUP BY priority
ORDER BY total_resolved_cases DESC
LIMIT 15

-- [statement 4]
WITH strategic_cases AS (
  SELECT sc.category,
         CAST(sc.opened_at AS DATE) AS opened_date,
         CAST(sc.resolved_at AS TIMESTAMP) AS resolved_ts,
         CAST(sc.sla_due_at AS TIMESTAMP) AS due_ts
  FROM ""studio"".""support_cases 1"" sc
  JOIN studio.contacts c ON sc.contact_id = c.contact_id
  JOIN studio.accounts a ON c.account_id = a.account_id
  WHERE a.customer_tier = 'Strategic'
    AND sc.resolved_at IS NOT NULL
    AND sc.sla_due_at IS NOT NULL
)
SELECT strftime(opened_date, '%Y-%m') AS month,
       COUNT(*) AS total_resolved_cases,
       ROUND(100.0 * SUM(CASE WHEN resolved_ts <= due_ts THEN 1 ELSE 0 END) / NULLIF(COUNT(*),0), 2) AS sla_compliance_rate_pct
FROM strategic_cases
GROUP BY month
ORDER BY MIN(opened_date)",1,2,3,2,2.0,"[factual_correctness] The expected answer shows compliance rates in the 21-26% range (Access 24.38, Billing 24.18, GeneralInquiry 21.62, Integration 22.94, ProductIssue 25.77, ServiceRequest 23.73). The platform answer reports rates in the 47-55% range (Integration 47.66%, ProductIssue 54.49%, ServiceRequest 53.72%, Access 51.86%, GeneralInquiry 48.95%, Billing 52.21%). Every single numeric value is wrong — roughly double the expected values. This indicates the SQL likely filtered only on resolved_at IS NOT NULL and sla_due_at IS NOT NULL, missing cases where sla_due_at is null (unresolved or no SLA set), or the denominator logic differs from the reference. The central facts all contradict the expected answer. [completeness] All six categories are present in the platform answer (Access, Billing, GeneralInquiry, Integration, ProductIssue, ServiceRequest), so the required entities are all there. However, the numeric values are all wrong, and the answer includes substantial unrequested information (priority breakdown, monthly breakdown, limitations section). The categories are present but the values are incorrect, making the answer mostly wrong in substance despite having all category labels. [format_adherence] The question asks for SLA compliance rate by category. The judge reference expects a category-by-category percentage breakdown. The platform provides this in a prose/bold-section format with additional unrequested breakdowns (priority, monthly). The core category breakdown is present but buried in verbose prose with extra sections. This is a minor deviation from the expected clean tabular or list format, but the information is recoverable. [sql_plausibility] The SQL in statement 2 does compute SLA compliance rate by category for strategic-tier accounts, joining support_cases to contacts to accounts, filtering on customer_tier = 'Strategic' and non-null resolved_at and sla_due_at. The logic is syntactically valid. However, the filter 'AND sc.resolved_at IS NOT NULL AND sc.sla_due_at IS NOT NULL' likely excludes cases where sla_due_at is null (cases without SLA deadlines), which would inflate the compliance rate by removing non-compliant cases from the denominator. The reference answer shows ~22-26% compliance while the SQL produces ~47-55%, suggesting the SQL is logically wrong for the question as intended. This makes it valid syntax but logically wrong.",,,
20260921T153322Z,CRM-T4-04-19,crm,T4,"For re-engagement campaigns, which contact titles carry the most multi-touch attribution weight?",Procurement Manager | 1346.6897; Customer Success Manager | 1341.7992; Business Analyst | 1332.7123; Service Delivery Manager | 1331.5323; Program Manager | 1309.2110; Operations Director | 1297.3263; IT Director | 1291.0142,"Across re-engagement campaigns, the total multi-touch attribution weight is approximately 9,250.28. Breaking this down by contact title, member status, campaign, and attribution type shows a fairly even distribution rather than a concentration in any single group.

**Contact Title:** Weight is spread closely across the seven titles present in the data: Procurement Manager (1,346.69 weight, 5,223 touches), Customer Success Manager (1,341.80 weight, 5,094 touches), Business Analyst (1,332.71 weight, 5,093 touches), Service Delivery Manager (1,331.53 weight, 5,109 touches), and others including Program Manager (1,309.21), Operations Director (1,297.33), and IT Director (1,291.01). The values across all seven titles are closely clustered, so no single title stands out as capturing disproportionately more attribution credit — the differences are directional rather than definitive given the narrow spread.

**Member Status:** Weight is similarly distributed across six status categories — Engaged (1,562.64), Converted (1,558.04), Sent (1,542.19), Targeted (1,538.60), and others including Responded (1,532.45) and OptedOut (1,516.36) — with touch counts clustered near 5,800–6,000 for each.

**Campaign:** Individual campaigns each contribute modest amounts, such as Reengagement Phone Campaign 00687 (13.97 weight, 53 touches), Reengagement Event Campaign 04506 (13.91 weight, 60 touches), Reengagement Event Campaign 01217 (13.39 weight, 43 touches), Reengagement Web Campaign 02064 (13.24 weight, 52 touches), and others, consistent with many similarly-sized re-engagement campaigns rather than one dominant campaign.

**Attribution Type:** Non-primary touches account for more of both weight (6,072.58) and touch count (25,994) than primary-attribution touches, which show lower weight (3,177.70) across fewer touches (9,473) — expected in a multi-touch model where credit is distributed across many interactions rather than concentrated on a single touch.

**Limitations:** The differences between contact titles are small relative to the overall scale of the data, so this pattern should be treated as directional rather than a definitive ranking. These figures reflect touch counts, not unique devices or unique contacts, so a title with more touches is not necessarily more influential in outcomes — it may simply reflect more frequent contact-level interactions. No timestamp or data-quality anomalies were evident in the provided results, but the underlying tables were not fully inspected for duplicates or missing values.

**Comparative Analysis:** Because all seven titles fall within a narrow band (roughly 1,290–1,347), it would be inaccurate to describe any one title as carrying meaningfully more attribution weight than the others in a business sense.

**Root Cause Assessment:** No causal drivers can be inferred from this aggregation alone; the near-uniform distribution across titles and statuses suggests attribution weight is likely being spread through a systematic multi-touch allocation model rather than reflecting genuine differences in engagement value by role.

**Financial Context:** Not applicable — attribution weight here is a modeling metric, not a monetary figure, so no cost interpretation should be drawn from these numbers.

**Strategic Recommendations:** (1) Treat contact-title attribution as roughly equivalent for now and avoid reallocating outreach resources based on this data alone; (2) investigate normalizing touch counts against unique contacts per title before drawing conclusions about which roles are more influential in conversions; (3) monitor these metrics over additional campaign cycles to see if any title differentiates further before making phased adjustments to targeting strategy.",fail,value '1346.6897' not present; value '1341.7992' not present; value '1332.7123' not present; value '1331.5323' not present (+3 more),False,not_applicable,not a T3 / outer-join pair,"-- [primary]
SELECT SUM(cc.attribution_weight) AS total_attribution_weight FROM studio.contact_campaigns cc JOIN studio.campaigns c ON cc.campaign_id = c.campaign_id WHERE c.campaign_type = 'Reengagement'

-- [statement 2]
SELECT co.title AS contact_title, SUM(cc.attribution_weight) AS total_attribution_weight, COUNT(*) AS touch_count FROM studio.contact_campaigns cc JOIN studio.campaigns c ON cc.campaign_id = c.campaign_id JOIN studio.contacts co ON cc.contact_id = co.contact_id WHERE c.campaign_type = 'Reengagement' AND co.title IS NOT NULL AND co.title <> '' GROUP BY co.title ORDER BY total_attribution_weight DESC LIMIT 15

-- [statement 3]
SELECT cc.member_status, SUM(cc.attribution_weight) AS total_attribution_weight, COUNT(*) AS touch_count FROM studio.contact_campaigns cc JOIN studio.campaigns c ON cc.campaign_id = c.campaign_id WHERE c.campaign_type = 'Reengagement' GROUP BY cc.member_status ORDER BY total_attribution_weight DESC LIMIT 15

-- [statement 4]
SELECT c.campaign_name, SUM(cc.attribution_weight) AS total_attribution_weight, COUNT(*) AS touch_count FROM studio.contact_campaigns cc JOIN studio.campaigns c ON cc.campaign_id = c.campaign_id WHERE c.campaign_type = 'Reengagement' GROUP BY c.campaign_name ORDER BY total_attribution_weight DESC LIMIT 15

-- [statement 5]
SELECT cc.is_primary_attribution, SUM(cc.attribution_weight) AS total_attribution_weight, COUNT(*) AS touch_count FROM studio.contact_campaigns cc JOIN studio.campaigns c ON cc.campaign_id = c.campaign_id WHERE c.campaign_type = 'Reengagement' GROUP BY cc.is_primary_attribution ORDER BY total_attribution_weight DESC LIMIT 15",4,4,3,5,4.0,"[factual_correctness] The platform answer includes all seven contact titles with their attribution weights. Checking against the expected answer: Procurement Manager 1,346.69 (expected 1346.6897 ✓), Customer Success Manager 1,341.80 (expected 1341.7992 ✓), Business Analyst 1,332.71 (expected 1332.7123 ✓), Service Delivery Manager 1,331.53 (expected 1331.5323 ✓), Program Manager 1,309.21 (expected 1309.2110 ✓), Operations Director 1,297.33 (expected 1297.3263 ✓), IT Director 1,291.01 (expected 1291.0142 ✓). All values match to the precision shown (rounded to 2 decimal places in the answer vs 4 in expected). Per the scoring rules, rounding to fewer digits is a factual failure (Example F). However, the rounding here is minor (2 vs 4 decimal places) and all values are consistent with the expected answer when rounded. Per Example F, this is still numeric variance. But the values are clearly derived from the same computation — the rounding is cosmetic truncation. Given Example F explicitly states rounding-loss is a factual failure, I must apply that rule. However, the values are presented as approximations (e.g., 1,346.69 vs 1346.6897), which is a minor imprecision. Score 4 for minor imprecision due to rounding. [completeness] All seven required titles are present with their weights, in the correct descending order. The judge reference asks for titles ranked by summed attribution_weight, four decimals, highest first. The platform provides all seven titles and values (though rounded to 2 decimals rather than 4). All key values and entities are present. Minor detail: the four-decimal precision is missing. Score 4. [format_adherence] The judge reference expects a ranked list format. The platform provides a verbose narrative with embedded values rather than a clean ranked list. The answer is recoverable but the format is significantly different — it's buried in a long analytical essay with sections on member status, campaigns, attribution type, limitations, recommendations, etc. The core answer is present but the format deviates substantially from a simple ranked list. Score 3. [sql_plausibility] Statement 2 directly answers the question: it joins contact_campaigns, campaigns (filtering on campaign_type = 'Reengagement'), and contacts, groups by contact title, sums attribution_weight, and orders by total DESC. This is syntactically valid and logically correct for the question. The SQL as a whole is plausible and would produce the expected answer. Score 5.",,,
20260921T153322Z,CRM-T5-02-06,crm,T5,Which accounts have the largest open backlog of access support cases right now?,Brown LLC | 5; Gibson Ltd | 5; Johnson Nichols | 5; Long Chapman | 5; Mckinney Kramer | 5,"Across the organization, there are currently 13,070 open access support cases in the backlog. This total spans many accounts, and the breakdown data shows the individual accounts with the largest counts, along with case status, customer tier, and priority splits.

**Accounts with the Largest Open Backlogs**: The accounts shown with the highest open access case counts are Long Chapman (5), Mckinney Kramer (5), Johnson Nichols (5), Gibson Ltd (5), and Brown LLC (5), and others (including Davis LLC, Larson Ortiz, Shaffer Hill, and several more) each showing 4 open cases. These per-account counts are quite small relative to the 13,070 total, indicating the backlog is broadly distributed across a very large number of accounts rather than concentrated in a handful of them. Only the top 15 accounts were provided, and no account clearly dominates the backlog.

**By Case Status**: 5,761 cases are InProgress, 3,927 are New, and 3,382 are PendingCustomer — meaning a notable share of the open backlog is currently waiting on customer response rather than solely on IT action.

**By Customer Tier**: Standard accounts hold 8,198 open cases, Preferred accounts hold 3,646, and Strategic accounts hold 1,226. This may simply reflect a larger number of Standard-tier accounts rather than a higher issue rate per account, since account counts per tier were not provided to normalize this.

**By Priority**: Medium-priority cases account for 5,464, Low-priority for 3,754, High-priority for 2,933, and Critical-priority for 919.

**Limitations**: These figures reflect case counts, not confirmed unique devices or users, so some accounts may have multiple cases tied to a single underlying issue. Only the top 15 accounts were returned, no case-aging data was included, and no root cause information was provided, so conclusions about trends or causes cannot be drawn.

**Recommendations**: Prioritize the 919 Critical-priority open cases first; review the 3,382 PendingCustomer cases for possible customer outreach to speed closure; and request full account-level and aging data before making any resourcing or process changes for Standard-tier accounts.",fail,label 'Long Chapman' present but a different label claims its value; label 'Mckinney Kramer' present but a different label claims its value,False,not_applicable,not a T3 / outer-join pair,"-- [primary]
SELECT COUNT(*) AS total_open_access_cases FROM ""studio"".""support_cases 1"" sc WHERE sc.category = 'Access' AND sc.status NOT IN ('Resolved','Closed') AND sc.resolved_at IS NULL

-- [statement 2]
SELECT a.account_name, a.account_id, COUNT(*) AS open_access_cases FROM ""studio"".""support_cases 1"" sc JOIN studio.accounts a ON sc.account_id = a.account_id WHERE sc.category = 'Access' AND sc.status NOT IN ('Resolved','Closed') AND sc.resolved_at IS NULL GROUP BY a.account_name, a.account_id ORDER BY open_access_cases DESC LIMIT 15

-- [statement 3]
SELECT sc.status, COUNT(*) AS n FROM ""studio"".""support_cases 1"" sc WHERE sc.category = 'Access' AND sc.resolved_at IS NULL GROUP BY sc.status ORDER BY n DESC LIMIT 15

-- [statement 4]
SELECT a.customer_tier, COUNT(*) AS open_access_cases FROM ""studio"".""support_cases 1"" sc JOIN studio.accounts a ON sc.account_id = a.account_id WHERE sc.category = 'Access' AND sc.status NOT IN ('Resolved','Closed') AND sc.resolved_at IS NULL GROUP BY a.customer_tier ORDER BY open_access_cases DESC LIMIT 15

-- [statement 5]
SELECT sc.priority, COUNT(*) AS n FROM ""studio"".""support_cases 1"" sc WHERE sc.category = 'Access' AND sc.status NOT IN ('Resolved','Closed') AND sc.resolved_at IS NULL GROUP BY sc.priority ORDER BY n DESC LIMIT 15",5,5,3,5,4.5,"[factual_correctness] The platform answer correctly identifies all five accounts (Brown LLC, Gibson Ltd, Johnson Nichols, Long Chapman, Mckinney Kramer) each with 5 open cases, matching the expected answer exactly. The additional context (13,070 total, status/tier/priority breakdowns) is supplementary and does not contradict the core facts. [completeness] The answer includes all five required accounts with their correct counts (5 each), presented clearly in the response. The judge reference asks for top accounts by count of unresolved support cases, highest first — all five are present. Additional breakdowns are extra but not penalized. [format_adherence] The judge reference calls for a ranked list of accounts with counts. The platform answer buries the key answer in a verbose paragraph with many additional sections. While the information is present and recoverable, the format deviates from a clean ranked list presentation. It's readable but not the clean shape asked for. [sql_plausibility] Statement 2 directly answers the question by joining support_cases to accounts, filtering for category='Access' and open status (NOT IN Resolved/Closed and resolved_at IS NULL), grouping by account, ordering by count DESC, and limiting to 15. This is syntactically valid and logically correct for the question. The other statements provide supporting breakdowns. The SQL set as a whole is plausible and would produce the expected answer.",,,
20260921T153322Z,CRM-T5-02-07,crm,T5,Which accounts have the largest open backlog of billing support cases right now?,Alexander Hancock and Morales | 5; Harris PLC | 5; Mcgrath Ltd | 5; Molina PLC | 5; Smith and Sons | 5,"There are 13,100 open billing support cases across the organization right now. Looking at individual accounts, the largest open backlogs are fairly tightly clustered rather than dominated by one outlier: Mcgrath Ltd, Smith and Sons, Alexander Hancock and Morales, Molina PLC, and Harris PLC each show 5 open billing cases, while accounts such as Hutchinson Lane, Dalton Williams, Glass Mueller, Nichols Sanders, Chen Osborne, and several others each show 4 open cases. 

Beyond individual accounts, the breakdown by case status shows 5,862 cases marked 'InProgress', 3,819 marked 'New', and 3,419 marked 'PendingCustomer' — indicating a mix of cases actively being worked and cases still awaiting action or customer response. By priority, 5,506 cases are Medium, 3,667 are Low, 3,039 are High, and 888 are Critical, suggesting the backlog includes a meaningful volume of higher-urgency cases that may warrant closer monitoring. By customer tier, 8,103 open cases belong to Standard accounts, 3,746 to Preferred accounts, and 1,251 to Strategic accounts.

A note on interpretation: the per-account figures shown (4–5 cases each) are quite small relative to the 13,100 total open cases, and the top 15 accounts listed account for only a small fraction of the overall backlog. This suggests the backlog is broadly distributed across many accounts rather than concentrated in a few, so these per-account numbers should be treated as directional rather than indicating a small number of accounts with severe billing issues. It's also not possible to tell from this data whether these open cases correspond to a similarly small number of unique underlying billing problems or represent distinct issues, so case counts should not be assumed to equal the number of unique billing problems.",fail,value '5' not present; value '5' not present; value '5' not present; label 'Alexander Hancock and Morales' present but a different label claims its value (+1 more),False,not_applicable,not a T3 / outer-join pair,"-- [primary]
SELECT COUNT(*) AS total_open_billing_cases FROM ""studio"".""support_cases 1"" sc WHERE sc.category = 'Billing' AND sc.status NOT IN ('Resolved','Closed')

-- [statement 2]
SELECT a.account_id, a.account_name, COUNT(*) AS open_billing_cases FROM ""studio"".""support_cases 1"" sc JOIN studio.accounts a ON sc.account_id = a.account_id WHERE sc.category = 'Billing' AND sc.status NOT IN ('Resolved','Closed') GROUP BY a.account_id, a.account_name ORDER BY open_billing_cases DESC LIMIT 15

-- [statement 3]
SELECT sc.status, COUNT(*) AS n FROM ""studio"".""support_cases 1"" sc WHERE sc.category = 'Billing' AND sc.status NOT IN ('Resolved','Closed') GROUP BY sc.status ORDER BY n DESC LIMIT 15

-- [statement 4]
SELECT sc.priority, COUNT(*) AS n FROM ""studio"".""support_cases 1"" sc WHERE sc.category = 'Billing' AND sc.status NOT IN ('Resolved','Closed') GROUP BY sc.priority ORDER BY n DESC LIMIT 15

-- [statement 5]
SELECT a.customer_tier, COUNT(*) AS n FROM ""studio"".""support_cases 1"" sc JOIN studio.accounts a ON sc.account_id = a.account_id WHERE sc.category = 'Billing' AND sc.status NOT IN ('Resolved','Closed') GROUP BY a.customer_tier ORDER BY n DESC LIMIT 15",5,5,3,5,4.5,"[factual_correctness] The platform answer correctly identifies all five accounts (Alexander Hancock and Morales, Harris PLC, Mcgrath Ltd, Molina PLC, Smith and Sons) each with 5 open billing cases, matching the expected answer exactly. The additional context provided (total counts, breakdowns by status/priority/tier) does not contradict the core answer. [completeness] All five required accounts are present with their correct case counts (5 each). The answer includes all entities and values from the expected answer. The judge reference asks for top accounts by count of unresolved support cases, highest first — all five are present. Extra information is provided but the required content is complete. [format_adherence] The judge reference calls for a ranked list of accounts with counts. The platform answer provides this information in prose form embedded within a much longer response with additional breakdowns. The core answer is recoverable and the accounts/counts are clearly stated, but the format deviates from a clean ranked list presentation with significant extra content. [sql_plausibility] Statement 2 directly answers the question by joining support_cases to accounts, filtering for Billing category and non-resolved/closed statuses, grouping by account, ordering by count descending, and limiting to 15. This is syntactically valid and logically correct for the question. The other statements provide supporting breakdowns. The SQL set as a whole is valid and plausible.",,,
20260921T153322Z,CRM-T5-02-08,crm,T5,Which accounts have the largest open backlog of general inquiry support cases right now?,Lopez Collins | 5; Powell Cunningham and Thomas | 5; Woods Bradley and Mcintyre | 5; Adams Harmon | 4; Beltran Ali | 4,"No open general inquiry support cases were found for any account. The data shows zero accounts with an open backlog of this case type, and there is no case count to report at this time. This suggests that, based on current records, there is no outstanding general inquiry backlog to prioritize.",fail,value '5' not present; value '5' not present; value '5' not present; value '4' not present (+6 more),False,not_applicable,not a T3 / outer-join pair,"-- [primary]
WITH open_backlog AS (SELECT sc.account_id, COUNT(*) AS open_case_count FROM ""studio"".""support_cases 1"" sc WHERE sc.category = 'General Inquiry' AND sc.resolved_at IS NULL AND sc.status NOT IN ('Resolved','Closed') GROUP BY sc.account_id) SELECT COUNT(*) AS accounts_with_open_general_inquiry_backlog, SUM(open_case_count) AS total_open_general_inquiry_cases FROM open_backlog

-- [statement 2]
WITH open_backlog AS (SELECT sc.account_id, COUNT(*) AS open_case_count FROM ""studio"".""support_cases 1"" sc WHERE sc.category = 'General Inquiry' AND sc.resolved_at IS NULL AND sc.status NOT IN ('Resolved','Closed') GROUP BY sc.account_id) SELECT a.account_name, ob.open_case_count FROM open_backlog ob JOIN studio.accounts a ON a.account_id = ob.account_id ORDER BY ob.open_case_count DESC LIMIT 15

-- [statement 3]
WITH open_backlog AS (SELECT sc.account_id, COUNT(*) AS open_case_count FROM ""studio"".""support_cases 1"" sc WHERE sc.category = 'General Inquiry' AND sc.resolved_at IS NULL AND sc.status NOT IN ('Resolved','Closed') GROUP BY sc.account_id) SELECT a.region, SUM(ob.open_case_count) AS open_case_count FROM open_backlog ob JOIN studio.accounts a ON a.account_id = ob.account_id GROUP BY a.region ORDER BY open_case_count DESC LIMIT 15

-- [statement 4]
WITH open_backlog AS (SELECT sc.account_id, COUNT(*) AS open_case_count FROM ""studio"".""support_cases 1"" sc WHERE sc.category = 'General Inquiry' AND sc.resolved_at IS NULL AND sc.status NOT IN ('Resolved','Closed') GROUP BY sc.account_id) SELECT a.customer_tier, SUM(ob.open_case_count) AS open_case_count FROM open_backlog ob JOIN studio.accounts a ON a.account_id = ob.account_id GROUP BY a.customer_tier ORDER BY open_case_count DESC LIMIT 15

-- [statement 5]
WITH open_backlog AS (SELECT sc.account_id, sc.status, COUNT(*) AS open_case_count FROM ""studio"".""support_cases 1"" sc WHERE sc.category = 'General Inquiry' AND sc.resolved_at IS NULL AND sc.status NOT IN ('Resolved','Closed') GROUP BY sc.account_id, sc.status) SELECT status, SUM(open_case_count) AS open_case_count FROM open_backlog GROUP BY status ORDER BY open_case_count DESC LIMIT 15",1,1,2,3,1.75,"[factual_correctness] The expected answer lists 5 accounts with specific case counts (Lopez Collins: 5, Powell Cunningham and Thomas: 5, Woods Bradley and Mcintyre: 5, Adams Harmon: 4, Beltran Ali: 4). The platform answer states there are zero open general inquiry cases and no accounts with a backlog. This directly contradicts the expected answer, which shows multiple accounts with open cases. [completeness] The platform answer provides no account names or case counts whatsoever. The question asked for accounts with the largest open backlog, and the expected answer contains 5 accounts with their respective counts. The platform answer is essentially unanswered — it reports zero results when there should be 5 accounts listed. [format_adherence] The judge reference calls for a ranked list of accounts with counts. The platform answer provides a prose explanation of why no results were found, which is the wrong shape entirely. However, the format is readable prose, just not the right content. [sql_plausibility] Statement 2 in the SQL set would answer the question — it joins open_backlog with accounts and orders by open_case_count DESC with LIMIT 15, which is logically correct for finding accounts with the largest open backlog of general inquiry cases. The SQL is syntactically valid and logically coherent. The filter conditions (category = 'General Inquiry', resolved_at IS NULL, status NOT IN ('Resolved','Closed')) are reasonable interpretations of 'open backlog'. The SQL appears correct but may have returned no results due to a data mismatch (e.g., the actual status values or category name might differ slightly from what the reference SQL uses, or the double-filter on resolved_at and status is overly restrictive). The SQL is plausible but the double condition may be the issue causing wrong results.",,,
20260921T153322Z,CRM-T5-02-09,crm,T5,Which accounts have the largest open backlog of integration support cases right now?,Taylor Mclaughlin | 6; Boone Ltd | 5; Simmons Schwartz | 5; Taylor Barton | 5; Adams Gibson | 4,"Across the full support queue, there are 13,001 open integration support cases in total. Looking at the accounts with the largest individual backlogs, Taylor Mclaughlin currently has 6 open cases, while Simmons Schwartz, Taylor Barton, and Boone Ltd each have 5 open cases, and Perkins Weber has 4, along with several other accounts (including Stevens Mills, Hicks Inc, Brown Collins, and others) also sitting at 4 open cases each. It's worth noting that even the highest individual account totals (4–6 cases) are very small relative to the 13,001 case total, meaning the backlog is spread thinly across a very large number of accounts rather than concentrated in a few — no single account appears to be driving the overall volume.

Looking at other dimensions of the backlog: by priority level, Medium-priority cases account for 5,419 open cases, Low-priority for 3,686, High-priority for 2,996, and Critical-priority for 900. By status, cases marked InProgress total 5,809, New cases total 3,841, and PendingCustomer cases total 3,351. By customer tier, Standard-tier accounts hold 8,114 open cases, Preferred-tier accounts hold 3,564, and Strategic-tier accounts hold 1,323.

A few limitations to flag: the per-account counts are quite small (4–6 cases each) among a total of 13,001, so ranking accounts by open case count should be treated as directional rather than a meaningful indicator of which customers are most impacted — a large number of accounts likely have similar low counts, and small differences (4 vs. 5 vs. 6) may not be operationally significant. Additionally, these figures represent case counts, not necessarily unique integration issues or distinct systems affected, so multiple open cases from the same account could reflect one underlying integration problem rather than several independent failures. No cost, root-cause, or device-level assessment can be made from this data, as it reflects support case volume only, not diagnostic detail.",fail,value '5' not present; label 'Simmons Schwartz' present but 1270 chars from any of its values (limit 120); label 'Adams Gibson' not present,False,not_applicable,not a T3 / outer-join pair,"-- [primary]
SELECT COUNT(*) AS total_open_integration_cases FROM ""studio"".""support_cases 1"" sc WHERE sc.category = 'Integration' AND sc.status NOT IN ('Resolved','Closed') AND sc.resolved_at IS NULL

-- [statement 2]
SELECT a.account_name, CAST(a.account_id AS INTEGER) AS account_id, COUNT(*) AS open_case_count FROM ""studio"".""support_cases 1"" sc JOIN studio.accounts a ON sc.account_id = a.account_id WHERE sc.category = 'Integration' AND sc.status NOT IN ('Resolved','Closed') AND sc.resolved_at IS NULL GROUP BY a.account_name, a.account_id ORDER BY open_case_count DESC LIMIT 15

-- [statement 3]
SELECT sc.priority, COUNT(*) AS open_case_count FROM ""studio"".""support_cases 1"" sc WHERE sc.category = 'Integration' AND sc.status NOT IN ('Resolved','Closed') AND sc.resolved_at IS NULL GROUP BY sc.priority ORDER BY open_case_count DESC LIMIT 15

-- [statement 4]
SELECT sc.status, COUNT(*) AS open_case_count FROM ""studio"".""support_cases 1"" sc WHERE sc.category = 'Integration' AND sc.status NOT IN ('Resolved','Closed') AND sc.resolved_at IS NULL GROUP BY sc.status ORDER BY open_case_count DESC LIMIT 15

-- [statement 5]
SELECT a.customer_tier, COUNT(*) AS open_case_count FROM ""studio"".""support_cases 1"" sc JOIN studio.accounts a ON sc.account_id = a.account_id WHERE sc.category = 'Integration' AND sc.status NOT IN ('Resolved','Closed') AND sc.resolved_at IS NULL GROUP BY a.customer_tier ORDER BY open_case_count DESC LIMIT 15",3,3,3,5,3.5,"[factual_correctness] The platform answer correctly identifies Taylor Mclaughlin with 6 cases, and Simmons Schwartz, Taylor Barton, and Boone Ltd each with 5 cases. However, the expected answer lists Adams Gibson with 4 cases as the 5th entry, while the platform answer lists Perkins Weber with 4 cases instead. This is a factual discrepancy — the wrong account name is given for the 4th-place slot. The top 4 entries are correct, but the 5th differs from the expected answer. [completeness] The expected answer has 5 accounts: Taylor Mclaughlin (6), Boone Ltd (5), Simmons Schwartz (5), Taylor Barton (5), Adams Gibson (4). The platform answer includes the first four correctly but substitutes Perkins Weber for Adams Gibson at the 4 count level. Adams Gibson is missing from the highlighted top accounts, making the response incomplete with respect to the required entities. [format_adherence] The question asks for accounts with the largest open backlog, and the judge reference calls for a ranked list. The platform answer provides a verbose narrative with extensive additional breakdowns (priority, status, customer tier) that were not asked for. While the core ranking information is embedded in the prose, the format is far more verbose than needed and includes unrequested dimensions. This is a minor deviation in that the answer is readable and the ranking is present, but the shape is not a clean ranked list. [sql_plausibility] Statement 2 is the key SQL that answers the question — it joins support_cases to accounts, filters by category='Integration' and open status, groups by account, orders by count descending, and limits to 15. This is syntactically valid and logically correct for the question. The other statements provide supporting breakdowns. The SQL set as a whole is plausible and statement 2 would produce the expected answer.",,,
20260921T153322Z,CRM-T5-02-10,crm,T5,Which accounts have the largest open backlog of product issue support cases right now?,Allen Ltd | 5; Barker Group | 5; Clark Taylor | 5; Howard Castaneda and Larson | 5; Parker Bird and Davis | 5,"The current open backlog for product issue support cases totals 12,881 cases across the organization. This can be broken down by account, priority, status, and region for additional context.

**By Account (top entries shown)**: The highest individual backlog counts are Allen Ltd (5), Parker Bird and Davis (5), Barker Group (5), Howard Castaneda and Larson (5), and Clark Taylor (5), and others follow closely at 4 open cases each (e.g., Cook Ltd, Hardy Jones and Bullock, Leonard and Sons, and others). These counts are quite small relative to the 12,881 total, indicating the backlog is spread thinly across many accounts rather than concentrated in a few — this should be viewed as directional given the very low per-account volumes.

**By Priority**: Medium (5,426), Low (3,550), High (2,932), and Critical (973).

**By Status**: InProgress (5,754), New (3,765), and PendingCustomer (3,362).

**By Region**: South (2,609), West (2,599), Central (2,581), North (2,548), and East (2,544) — a fairly even distribution across regions.

**Limitations**: The account-level view only lists the top 15 accounts, each with just 4–5 cases, suggesting a long tail of many accounts with small backlogs rather than a few dominant ones; this should not be treated as a definitive ranking. No timestamp/aging data was available, so backlog trend or duration cannot be assessed. Ticket counts may not correspond 1:1 with unique devices or customers, and no product-category or device-type breakdown was provided, so accessory versus core hardware issues cannot be distinguished.

**Comparative Notes**: Priority and status distributions lean toward Medium priority and InProgress status, while regional distribution is nearly even with no clear geographic concentration. No account shows a disproportionate share of the backlog.

**Root Cause**: No product/category or defect-type data was included, so no root cause (hardware, user handling, or environmental) can be responsibly assigned from this data.

**Financial Context**: No cost or warranty data was provided, so no financial estimate can be derived.

**Recommendations**: Prioritize closing Critical (973) and High (2,932) priority cases first, review the 3,362 PendingCustomer cases for stalled response cycles, and since no single account dominates, focus on case-aging analysis (pending timestamp data) rather than targeting specific accounts. Requesting product-category tagging in future data pulls would help separate accessory from core hardware issues, and periodic re-runs of this analysis would help identify whether the backlog is trending up or down over time.",fail,label 'Parker Bird and Davis' present but a different label claims its value,False,not_applicable,not a T3 / outer-join pair,"-- [primary]
SELECT COUNT(*) AS total_open_product_issue_cases FROM ""studio"".""support_cases 1"" sc WHERE sc.category = 'ProductIssue' AND sc.resolved_at IS NULL AND sc.status NOT IN ('Resolved','Closed')

-- [statement 2]
SELECT a.account_name, a.account_id, COUNT(*) AS open_backlog FROM ""studio"".""support_cases 1"" sc JOIN studio.accounts a ON sc.account_id = a.account_id WHERE sc.category = 'ProductIssue' AND sc.resolved_at IS NULL AND sc.status NOT IN ('Resolved','Closed') GROUP BY a.account_name, a.account_id ORDER BY open_backlog DESC LIMIT 15

-- [statement 3]
SELECT sc.priority, COUNT(*) AS open_backlog FROM ""studio"".""support_cases 1"" sc WHERE sc.category = 'ProductIssue' AND sc.resolved_at IS NULL AND sc.status NOT IN ('Resolved','Closed') GROUP BY sc.priority ORDER BY open_backlog DESC LIMIT 15

-- [statement 4]
SELECT a.region, COUNT(*) AS open_backlog FROM ""studio"".""support_cases 1"" sc JOIN studio.accounts a ON sc.account_id = a.account_id WHERE sc.category = 'ProductIssue' AND sc.resolved_at IS NULL AND sc.status NOT IN ('Resolved','Closed') GROUP BY a.region ORDER BY open_backlog DESC LIMIT 15

-- [statement 5]
SELECT sc.status, COUNT(*) AS open_backlog FROM ""studio"".""support_cases 1"" sc WHERE sc.category = 'ProductIssue' AND sc.resolved_at IS NULL AND sc.status NOT IN ('Resolved','Closed') GROUP BY sc.status ORDER BY open_backlog DESC LIMIT 15",5,5,3,5,4.5,"[factual_correctness] The platform answer correctly identifies all five top accounts (Allen Ltd, Parker Bird and Davis, Barker Group, Howard Castaneda and Larson, Clark Taylor) each with 5 open cases, which matches the expected answer exactly. The additional context (totals, priority breakdowns, etc.) does not contradict the core facts. [completeness] All five required accounts and their counts are present in the response. The judge reference asks for top accounts by count of unresolved support cases, highest first. All five accounts with count 5 are listed, though embedded in a verbose response with much additional information. The key entities and values are all present. [format_adherence] The judge reference calls for a ranked list of accounts with counts. The platform delivers this information but buries it in a very long, multi-section narrative with breakdowns by priority, status, region, limitations, recommendations, etc. The core answer is present but the format significantly deviates from a clean ranked list — it's readable but not the shape asked for. [sql_plausibility] Statement 2 (the account-level breakdown) directly answers the question with a JOIN to accounts, filtering by category='ProductIssue', resolved_at IS NULL, and status NOT IN ('Resolved','Closed'), grouped by account and ordered by count DESC. This is syntactically valid and logically correct for the question. The set of SQL statements as a whole is plausible and would produce the expected answer.",,,
20260921T153322Z,CRM-T5-02-11,crm,T5,Which accounts have the largest open backlog of service request support cases right now?,Crawford Williamson | 5; Fitzpatrick Ayala | 5; Rodriguez Brown | 5; York and Sons | 5; Brennan Ortiz and Summers | 4,"Across the fleet's support system, there are currently 77,633 open service cases in total. A per-account breakdown, along with priority, category, and status breakdowns, help explain where this backlog concentrates. By account, the largest open case counts among the top 15 reported are Graham LLC (13), Daniels Russell (12), Bond Bates and Beck (12), Mcgrath Ltd (12), and Powell Cunningham and Thomas (11), and others — these figures are quite small relative to the 77,633 total, so no single account appears to hold a disproportionate share; the top accounts are clustered closely together (10–13 cases each), suggesting the backlog is broadly distributed rather than concentrated. By priority, open cases break down as Medium (32,622), Low (21,810), High (17,715), and Critical (5,486), indicating most of the backlog sits in medium or low urgency tiers. By category, volumes are fairly even across Billing (13,100), Access (13,070), Integration (13,001), ProductIssue (12,881), ServiceRequest (12,818), and GeneralInquiry (12,763), with no category clearly dominant. By status, cases are InProgress (34,541), New (22,894), and PendingCustomer (20,198), showing a large share already being worked but also a substantial portion still awaiting initial action or customer response. Limitations: the account list only covers the top 15, each with a small count (10-13) relative to the total, so this should be treated as directional rather than a definitive ranking of backlog concentration; case counts reflect tickets, not necessarily unique devices or root causes, and no timestamp or device-type data was available to assess backlog age or hardware-specific patterns. Given the even distribution across categories, priorities, and accounts, a phased approach addressing 'New' and 'PendingCustomer' cases first, rather than singling out specific accounts, is likely the more effective and realistic strategy for reducing the backlog.",fail,value '5' not present; value '5' not present; value '5' not present; value '5' not present (+6 more),False,not_applicable,not a T3 / outer-join pair,"-- [primary]
SELECT COUNT(*) AS total_open_cases FROM ""studio"".""support_cases 1"" WHERE resolved_at IS NULL

-- [statement 2]
SELECT a.account_id, a.account_name, COUNT(*) AS open_cases FROM ""studio"".""support_cases 1"" sc JOIN studio.accounts a ON sc.account_id = a.account_id WHERE sc.resolved_at IS NULL GROUP BY a.account_id, a.account_name ORDER BY open_cases DESC LIMIT 15

-- [statement 3]
SELECT sc.priority, COUNT(*) AS open_cases FROM ""studio"".""support_cases 1"" sc WHERE sc.resolved_at IS NULL GROUP BY sc.priority ORDER BY open_cases DESC LIMIT 15

-- [statement 4]
SELECT sc.category, COUNT(*) AS open_cases FROM ""studio"".""support_cases 1"" sc WHERE sc.resolved_at IS NULL GROUP BY sc.category ORDER BY open_cases DESC LIMIT 15

-- [statement 5]
SELECT sc.status, COUNT(*) AS open_cases FROM ""studio"".""support_cases 1"" sc WHERE sc.resolved_at IS NULL GROUP BY sc.status ORDER BY open_cases DESC LIMIT 15",1,1,2,2,1.5,"[factual_correctness] The expected answer lists specific accounts (Crawford Williamson, Fitzpatrick Ayala, Rodriguez Brown, York and Sons, Brennan Ortiz and Summers) with counts of 5 or 4. The platform answer reports completely different accounts (Graham LLC, Daniels Russell, Bond Bates and Beck, etc.) with counts of 10-13. The central facts contradict the expected answer entirely — wrong accounts, wrong counts. [completeness] The expected answer requires the top accounts by open 'service request' support cases (filtered by category). The platform answer does not filter by the ServiceRequest category and instead reports all open cases regardless of category. None of the required accounts or their correct counts appear in the response. The question is essentially unanswered in terms of the required entities. [format_adherence] The question asks for a ranked list of accounts with their case counts. The platform provides an extremely verbose narrative with multiple breakdowns (priority, category, status) that obscures the core answer. While a list is embedded in the prose, the overall format is far from the expected tabular/list presentation and includes substantial irrelevant information. [sql_plausibility] The SQL statements are syntactically valid. However, the critical flaw is that none of the statements filter by category = 'ServiceRequest' (or equivalent), which is what the question specifically asks about ('service request support cases'). Statement 2 counts all open cases per account without the required category filter, so it would not produce the expected answer. The SQL is logically wrong for the specific question asked.",,,
20260921T153322Z,CRM-T5-04-19,crm,T5,How did engagement among East-region accounts change from Q1 2026 to Q2 2026?,43855 | 20994 | -22861 | -52.13 | down,"Total engagement interactions among East-region accounts fell from 5,861 in Q1 2026 to 2,895 in Q2 2026, a decrease of 2,966 interactions, representing a -50.6% change. The number of unique accounts engaging also dropped, from 2,262 in Q1 to 1,539 in Q2, indicating both fewer accounts engaging and lower engagement volume per account overall.

**Trend Over Time:** Monthly interaction counts show a steady, gradual decline rather than an abrupt shift between quarters: January (2,166), February (2,030), March (1,665), April (1,336), May (1,070), and June (489). Each successive month is lower than the last, spanning both Q1 and Q2.

**By Engagement Type:** Declines appear broad-based across activity types rather than concentrated in one area. Examples include EmailOpen (819 in Q1 to 461 in Q2), FormSubmission (856 to 419), WebinarAttendance (859 to 413), PhoneCall (831 to 425), and Meeting (856 to 382), with EventAttendance and LinkClick also declining similarly.

**By Channel:** The pattern is consistent across channels as well: Phone (1,687 to 807), Web (1,657 to 821), Email (819 to 461), Webinar (859 to 413), and Event (839 to 393) all show reductions of comparable relative size, suggesting no single channel drove the change.

**By Account:** Among the 15 accounts shown, most declined, some sharply, such as Rivers PLC (16 to 4), Watson Ltd (13 to 4), Davis Inc (13 to 2), Wilson Lawson (13 to 1), Davis and Sons (13 to 1), and Tyler Kennedy and Schmidt (15 to 0). A few accounts held steady or ticked up slightly, including Garcia Ltd (8 to 8) and Lopez Davidson (7 to 9), showing the decline was not uniform across every account.

**Limitations:** These figures reflect logged interaction counts, not confirmed unique engagement events, so totals may overrepresent true account-level activity if some accounts generate multiple logged interactions per real touchpoint. The account-level breakdown covers only 15 named accounts, a small sample relative to the 1,500+ unique accounts active in Q2, so account-level patterns should be treated as directional rather than fully representative. No timestamp or category gaps were evident in the provided data, but granularity was insufficient for a definitive root-cause analysis.

**Comparative Analysis:** Because declines are broadly similar across engagement types and channels, the drop does not appear attributable to any single channel or activity issue, pointing instead to a more general reduction in engagement activity across the East region.

**Root Cause Assessment:** The data does not support a specific root cause claim. The uniform nature of the decline across types and channels suggests a broader driver, such as seasonal factors, reduced outreach cadence, staffing or capacity changes, or account lifecycle effects, rather than a defect isolated to one system, device, or channel. Confirming the actual cause would require additional context not present in this data.

**Financial Context:** No cost or revenue data was included in these results, so no financial impact can be estimated at this time.

**Strategic Recommendations (Phased):** In the near term, confirm whether the decline reflects an actual drop in engagement or a change in data logging or CRM processes before acting. In the short term, review accounts with steep drops, such as Tyler Kennedy and Schmidt, Wilson Lawson, and Davis and Sons, for renewed outreach opportunities, while examining stable accounts like Garcia Ltd and Lopez Davidson for insight into what sustained engagement looks like. In the medium term, if the decline is confirmed as genuine, consider a proportional review of outreach effort across Phone, Web, and Email channels, since all channels declined at a similar relative rate, rather than concentrating any single-channel intervention.",fail,value '43855' not present; value '20994' not present; value '-22861' not present; value '-52.13' not present,False,not_applicable,not a T3 / outer-join pair,"-- [primary]
WITH i AS (
  SELECT ii.account_id, TRY_CAST(NULLIF(TRIM(ii.interaction_at), '') AS DATE) AS d
  FROM studio.interactions ii
  JOIN studio.accounts a ON ii.account_id = a.account_id
  WHERE a.region = 'East'
),
q1 AS (SELECT COUNT(*) AS cnt, COUNT(DISTINCT account_id) AS accts FROM i WHERE d BETWEEN DATE '2026-01-01' AND DATE '2026-03-31'),
q2 AS (SELECT COUNT(*) AS cnt, COUNT(DISTINCT account_id) AS accts FROM i WHERE d BETWEEN DATE '2026-04-01' AND DATE '2026-06-30')
SELECT q1.cnt AS q1_interactions, q2.cnt AS q2_interactions,
  q2.cnt - q1.cnt AS change_in_interactions,
  ROUND(100.0*(q2.cnt - q1.cnt)/NULLIF(q1.cnt,0),1) AS pct_change,
  q1.accts AS q1_unique_accounts, q2.accts AS q2_unique_accounts
FROM q1 CROSS JOIN q2

-- [statement 2]
SELECT strftime(d,'%Y-%m') AS month, COUNT(*) AS interactions
FROM (
  SELECT ii.account_id, TRY_CAST(NULLIF(TRIM(ii.interaction_at), '') AS DATE) AS d
  FROM studio.interactions ii
  JOIN studio.accounts a ON ii.account_id = a.account_id
  WHERE a.region = 'East'
) t
WHERE d BETWEEN DATE '2026-01-01' AND DATE '2026-06-30'
GROUP BY month
ORDER BY MIN(d)

-- [statement 3]
SELECT engagement_type,
  SUM(CASE WHEN d BETWEEN DATE '2026-01-01' AND DATE '2026-03-31' THEN 1 ELSE 0 END) AS q1_count,
  SUM(CASE WHEN d BETWEEN DATE '2026-04-01' AND DATE '2026-06-30' THEN 1 ELSE 0 END) AS q2_count
FROM (
  SELECT ii.engagement_type, TRY_CAST(NULLIF(TRIM(ii.interaction_at), '') AS DATE) AS d
  FROM studio.interactions ii
  JOIN studio.accounts a ON ii.account_id = a.account_id
  WHERE a.region = 'East'
) t
WHERE d BETWEEN DATE '2026-01-01' AND DATE '2026-06-30'
GROUP BY engagement_type
ORDER BY (q1_count + q2_count) DESC
LIMIT 15

-- [statement 4]
SELECT channel,
  SUM(CASE WHEN d BETWEEN DATE '2026-01-01' AND DATE '2026-03-31' THEN 1 ELSE 0 END) AS q1_count,
  SUM(CASE WHEN d BETWEEN DATE '2026-04-01' AND DATE '2026-06-30' THEN 1 ELSE 0 END) AS q2_count
FROM (
  SELECT ii.channel, TRY_CAST(NULLIF(TRIM(ii.interaction_at), '') AS DATE) AS d
  FROM studio.interactions ii
  JOIN studio.accounts a ON ii.account_id = a.account_id
  WHERE a.region = 'East'
) t
WHERE d BETWEEN DATE '2026-01-01' AND DATE '2026-06-30'
GROUP BY channel
ORDER BY (q1_count + q2_count) DESC
LIMIT 15

-- [statement 5]
SELECT a.account_name,
  SUM(CASE WHEN TRY_CAST(NULLIF(TRIM(ii.interaction_at), '') AS DATE) BETWEEN DATE '2026-01-01' AND DATE '2026-03-31' THEN 1 ELSE 0 END) AS q1_count,
  SUM(CASE WHEN TRY_CAST(NULLIF(TRIM(ii.interaction_at), '') AS DATE) BETWEEN DATE '2026-04-01' AND DATE '2026-06-30' THEN 1 ELSE 0 END) AS q2_count
FROM studio.interactions ii
JOIN studio.accounts a ON ii.account_id = a.account_id
WHERE a.region = 'East'
  AND TRY_CAST(NULLIF(TRIM(ii.interaction_at), '') AS DATE) BETWEEN DATE '2026-01-01' AND DATE '2026-06-30'
GROUP BY a.account_name
ORDER BY (q1_count + q2_count) DESC
LIMIT 15",1,2,3,2,2.0,"[factual_correctness] The expected answer is 43855 | 20994 | -22861 | -52.13 | down. The platform answer reports Q1=5,861, Q2=2,895, change=-2,966, pct=-50.6%. These numbers are completely different from the expected values. The platform appears to be counting interaction rows rather than summing engagement_points, and the totals are off by an order of magnitude. The direction (down) is correct, but all numeric values are wrong. This is a fundamental factual failure. [completeness] The judge reference requires: total engagement_points for Q1 and Q2, absolute change, percentage change, and direction. The platform provides counts (not engagement_points), absolute change, percentage change, and direction — but the metric being measured is wrong (interaction counts vs. engagement_points), and the values are all incorrect. The structure covers the required fields but the substance is wrong. Given that the core metric (engagement_points) is missing and replaced with a different measure, this is a significant completeness issue. [format_adherence] The question asks for a comparison with specific metrics (Q1 value, Q2 value, absolute change, percentage change, direction). The platform provides these in a verbose narrative with extensive breakdowns. The format is readable and the key figures are present in the opening sentence, but the presentation is far more elaborate than needed. The core format requirement is met in the opening, though buried in extensive supplementary analysis. [sql_plausibility] The primary SQL counts interactions (COUNT(*)) rather than summing engagement_points (SUM(engagement_points)), which explains why the numbers differ from the expected answer. The SQL is syntactically valid and logically coherent for counting interactions, but it answers the wrong metric — it should be summing engagement_points to match the expected answer. The SQL will execute but produces the wrong answer for the question as posed.",,,
20260921T153322Z,CRM-T5-05-24,crm,T5,Which region had the best engagement trend among strategic-tier accounts from Q1 2026 to Q2 2026?,Central | 4978 | 2419 | -51.41,"The accounts table's customer_tier field has observed values 'Preferred' and 'Standard' (the full set of valid categories isn't confirmed) - I don't see a confirmed 'Strategic' tier value. Could you confirm which customer_tier value you mean by 'strategic-tier', or should I include all tiers?",fail,value '4978' not present; value '2419' not present; value '-51.41' not present; label 'Central' not present,False,not_applicable,not a T3 / outer-join pair,,1,1,1,1,1.0,"[factual_correctness] The platform did not provide any answer to the question. Instead, it returned a clarification request about the 'Strategic' tier value. The expected answer is 'Central | 4978 | 2419 | -51.41', which is completely absent from the platform's response. This is a factual failure. [completeness] The platform returned no answer whatsoever — no region, no engagement figures, no percentage change. The question is essentially unanswered, making this severely incomplete. [format_adherence] The expected format is a data row with region name and numeric values. The platform returned a clarification question with no data, which does not match the required format at all. [sql_plausibility] The platform generated no SQL at all, which per the anchoring rules scores 1.",,,
