campaign_id,campaign_name,campaign_type,primary_channel,status,start_date,end_date,budget_amount,currency_code,created_at
1,Reengagement Event Campaign 00001,Reengagement,Event,Completed,2026-03-30,2026-06-09,7543.71,USD,2026-03-27T00:00:00
2,Awareness Phone Campaign 00002,Awareness,Phone,Active,2026-02-07,,6857.40,USD,2025-12-31T00:00:00
3,Awareness Event Campaign 00003,Awareness,Event,Completed,2023-10-30,2024-02-23,9958.38,USD,2023-09-26T00:00:00
4,Reengagement Email Campaign 00004,Reengagement,Email,Active,2026-03-26,,37955.98,USD,2026-01-16T00:00:00
5,CustomerEducation Email Campaign 00005,CustomerEducation,Email,Completed,2023-11-21,2023-12-23,,USD,2023-10-13T00:00:00
6,Reengagement Phone Campaign 00006,Reengagement,Phone,Completed,2025-11-24,2025-12-07,,USD,2025-10-10T00:00:00
7,Retention Email Campaign 00007,Retention,Email,Completed,2025-12-20,2026-01-26,,USD,2025-08-31T00:00:00
8,Awareness Email Campaign 00008,Awareness,Email,Cancelled,2023-09-15,2023-12-31,9419.66,USD,2023-05-24T00:00:00
9,CustomerEducation Social Campaign 00009,CustomerEducation,Social,Scheduled,2027-01-02,2027-02-01,7299.99,USD,2026-09-24T00:00:00
10,CustomerEducation Email Campaign 00010,CustomerEducation,Email,Completed,2025-01-25,2025-05-06,9496.80,USD,2024-11-12T00:00:00
11,Retention Webinar Campaign 00011,Retention,Webinar,Completed,2026-02-09,2026-05-28,,USD,2025-12-22T00:00:00
12,Reengagement Event Campaign 00012,Reengagement,Event,Draft,2026-09-13,,6408.92,USD,2026-08-21T00:00:00
13,Awareness Social Campaign 00013,Awareness,Social,Completed,2026-01-23,2026-04-15,7737.42,USD,2025-11-23T00:00:00
14,Reengagement Social Campaign 00014,Reengagement,Social,Scheduled,2026-11-08,2026-12-08,10508.33,USD,2026-10-09T00:00:00
15,Retention Social Campaign 00015,Retention,Social,Completed,2026-02-27,2026-05-27,6161.17,USD,2026-01-10T00:00:00
16,Awareness Event Campaign 00016,Awareness,Event,Active,2025-01-20,,29925.17,USD,2024-12-11T00:00:00
17,CustomerEducation Email Campaign 00017,CustomerEducation,Email,Completed,2025-11-17,2025-12-21,7935.28,USD,2025-10-02T00:00:00
18,Awareness Email Campaign 00018,Awareness,Email,Active,2023-09-15,,,USD,2023-07-20T00:00:00
19,Retention Event Campaign 00019,Retention,Event,Completed,2026-04-10,2026-05-30,5023.00,USD,2026-02-20T00:00:00
20,Awareness Web Campaign 00020,Awareness,Web,Completed,2025-01-24,2025-04-24,,USD,2025-01-04T00:00:00
21,Nurture Social Campaign 00021,Nurture,Social,Completed,2024-11-04,2025-01-19,12009.23,USD,2024-10-26T00:00:00
22,Retention Social Campaign 00022,Retention,Social,Active,2023-09-05,,8322.65,USD,2023-06-17T00:00:00
23,Retention Email Campaign 00023,Retention,Email,Completed,2023-08-18,2023-09-20,209623.55,USD,2023-06-15T00:00:00
24,CustomerEducation Email Campaign 00024,CustomerEducation,Email,Active,2023-06-27,,7308.05,USD,2023-04-19T00:00:00
25,Awareness Event Campaign 00025,Awareness,Event,Completed,2025-02-27,2025-06-02,91776.99,USD,2024-11-16T00:00:00
26,Retention Event Campaign 00026,Retention,Event,Draft,2026-12-27,,6217.51,USD,2026-12-06T00:00:00
27,Retention Social Campaign 00027,Retention,Social,Completed,2023-08-24,2023-10-20,86709.45,USD,2023-08-14T00:00:00
28,Awareness Webinar Campaign 00028,Awareness,Webinar,Completed,2025-12-27,2026-01-29,12323.20,USD,2025-10-07T00:00:00
29,Awareness Email Campaign 00029,Awareness,Email,Active,2026-03-21,,5031.38,USD,2026-02-15T00:00:00
30,Retention Email Campaign 00030,Retention,Email,Draft,2026-09-07,,45604.12,USD,2026-06-09T00:00:00
31,CustomerEducation Event Campaign 00031,CustomerEducation,Event,Completed,2023-11-05,2023-12-26,8328.43,USD,2023-08-05T00:00:00
32,CustomerEducation Email Campaign 00032,CustomerEducation,Email,Completed,2025-01-04,2025-04-09,155984.25,USD,2024-11-09T00:00:00
33,Reengagement Phone Campaign 00033,Reengagement,Phone,Completed,2023-09-25,2023-12-22,6854.99,USD,2023-07-06T00:00:00
34,Reengagement Phone Campaign 00034,Reengagement,Phone,Draft,2026-12-26,,9542.60,USD,2026-10-26T00:00:00
35,Awareness Phone Campaign 00035,Awareness,Phone,Completed,2025-01-15,2025-05-07,,USD,2024-11-14T00:00:00
36,Retention Social Campaign 00036,Retention,Social,Completed,2024-12-05,2025-01-26,9927.57,USD,2024-10-16T00:00:00
37,Nurture Event Campaign 00037,Nurture,Event,Completed,2024-11-09,2025-01-07,5180.51,USD,2024-07-19T00:00:00
38,Nurture Webinar Campaign 00038,Nurture,Webinar,Completed,2023-08-18,2023-10-15,14560.71,USD,2023-05-15T00:00:00
39,Awareness Email Campaign 00039,Awareness,Email,Active,2024-12-23,,21178.04,USD,2024-10-03T00:00:00
40,Retention Web Campaign 00040,Retention,Web,Completed,2025-12-14,2026-02-04,29060.14,USD,2025-10-07T00:00:00
41,Nurture Webinar Campaign 00041,Nurture,Webinar,Completed,2023-07-14,2023-09-30,68298.25,USD,2023-05-24T00:00:00
42,Retention Social Campaign 00042,Retention,Social,Scheduled,2026-11-01,2027-02-24,8068.18,USD,2026-07-19T00:00:00
43,Retention Phone Campaign 00043,Retention,Phone,Cancelled,2023-08-14,2023-10-12,40857.87,USD,2023-05-25T00:00:00
44,CustomerEducation Web Campaign 00044,CustomerEducation,Web,Active,2023-10-24,,6939.52,USD,2023-10-01T00:00:00
45,Reengagement Email Campaign 00045,Reengagement,Email,Active,2025-10-29,,5846.74,USD,2025-10-25T00:00:00
46,Awareness Phone Campaign 00046,Awareness,Phone,Draft,2027-01-11,,6935.87,USD,2026-10-20T00:00:00
47,Awareness Email Campaign 00047,Awareness,Email,Completed,2023-10-29,2023-12-19,6172.56,USD,2023-09-28T00:00:00
48,CustomerEducation Phone Campaign 00048,CustomerEducation,Phone,Completed,2023-12-28,2024-01-26,8741.14,USD,2023-10-23T00:00:00
49,Reengagement Social Campaign 00049,Reengagement,Social,Active,2026-02-11,,7045.94,USD,2025-10-26T00:00:00
50,Awareness Event Campaign 00050,Awareness,Event,Draft,2026-09-18,,10212.59,USD,2026-06-08T00:00:00
51,CustomerEducation Web Campaign 00051,CustomerEducation,Web,Cancelled,2026-03-01,2026-05-19,9037.66,USD,2025-12-26T00:00:00
52,Retention Social Campaign 00052,Retention,Social,Cancelled,2025-12-16,2026-03-04,1371497.83,USD,2025-09-19T00:00:00
53,Reengagement Webinar Campaign 00053,Reengagement,Webinar,Active,2023-10-04,,7208.62,USD,2023-06-27T00:00:00
54,Reengagement Event Campaign 00054,Reengagement,Event,Active,2024-12-08,,5721.91,USD,2024-10-19T00:00:00
55,Retention Email Campaign 00055,Retention,Email,Completed,2026-01-11,2026-01-28,51203.14,USD,2025-11-14T00:00:00
56,Nurture Social Campaign 00056,Nurture,Social,Completed,2025-01-18,2025-04-10,5748.57,USD,2024-12-22T00:00:00
57,Reengagement Phone Campaign 00057,Reengagement,Phone,Active,2025-03-19,,28870.79,USD,2025-01-11T00:00:00
58,Retention Phone Campaign 00058,Retention,Phone,Active,2025-01-08,,5491.61,USD,2024-12-29T00:00:00
59,Reengagement Webinar Campaign 00059,Reengagement,Webinar,Active,2025-12-09,,21781.20,USD,2025-11-21T00:00:00
60,Retention Phone Campaign 00060,Retention,Phone,Scheduled,2026-09-05,2026-10-05,7355.94,USD,2026-08-08T00:00:00
61,CustomerEducation Phone Campaign 00061,CustomerEducation,Phone,Active,2023-12-26,,11761.12,USD,2023-09-12T00:00:00
62,Reengagement Webinar Campaign 00062,Reengagement,Webinar,Cancelled,2025-01-29,2025-02-22,34987.71,USD,2024-12-02T00:00:00
63,Retention Webinar Campaign 00063,Retention,Webinar,Completed,2024-12-30,2025-04-01,6292.84,USD,2024-11-28T00:00:00
64,CustomerEducation Web Campaign 00064,CustomerEducation,Web,Cancelled,2024-09-23,2024-10-18,,USD,2024-08-24T00:00:00
65,CustomerEducation Email Campaign 00065,CustomerEducation,Email,Completed,2023-09-04,2023-10-11,31115.21,USD,2023-08-24T00:00:00
66,Retention Phone Campaign 00066,Retention,Phone,Cancelled,2026-03-20,2026-04-07,512630.17,USD,2025-12-04T00:00:00
67,Nurture Web Campaign 00067,Nurture,Web,Active,2024-12-25,,6881.38,USD,2024-11-20T00:00:00
68,Retention Event Campaign 00068,Retention,Event,Completed,2025-01-13,2025-01-29,6465.84,USD,2024-09-16T00:00:00
69,Awareness Webinar Campaign 00069,Awareness,Webinar,Completed,2026-02-01,2026-03-03,,USD,2026-01-13T00:00:00
70,Reengagement Web Campaign 00070,Reengagement,Web,Scheduled,2026-11-13,2027-03-07,41607.90,USD,2026-09-04T00:00:00
71,Reengagement Phone Campaign 00071,Reengagement,Phone,Completed,2026-03-03,2026-07-01,8974.68,USD,2026-01-13T00:00:00
72,Retention Email Campaign 00072,Retention,Email,Completed,2023-12-08,2024-01-08,5745.72,USD,2023-08-21T00:00:00
73,Retention Event Campaign 00073,Retention,Event,Draft,2026-09-04,,,USD,2026-07-16T00:00:00
74,CustomerEducation Social Campaign 00074,CustomerEducation,Social,Draft,2026-09-08,,17737.22,USD,2026-05-19T00:00:00
75,Awareness Phone Campaign 00075,Awareness,Phone,Active,2026-03-31,,,USD,2026-03-17T00:00:00
76,Retention Social Campaign 00076,Retention,Social,Completed,2025-02-09,2025-04-08,48799.05,USD,2025-01-14T00:00:00
77,Nurture Social Campaign 00077,Nurture,Social,Completed,2023-08-07,2023-11-08,13803.81,USD,2023-06-25T00:00:00
78,Awareness Email Campaign 00078,Awareness,Email,Completed,2026-01-12,2026-03-14,5162.22,USD,2025-11-10T00:00:00
79,Retention Social Campaign 00079,Retention,Social,Completed,2025-03-10,2025-06-28,8833.35,USD,2025-02-03T00:00:00
80,Reengagement Webinar Campaign 00080,Reengagement,Webinar,Completed,2026-01-31,2026-02-08,14781.23,USD,2025-10-19T00:00:00
81,Awareness Webinar Campaign 00081,Awareness,Webinar,Scheduled,2026-09-02,2026-11-02,5954.39,USD,2026-06-07T00:00:00
82,Awareness Web Campaign 00082,Awareness,Web,Scheduled,2026-09-05,2026-10-31,8719.39,USD,2026-06-04T00:00:00
83,Retention Phone Campaign 00083,Retention,Phone,Draft,2026-09-11,,5896.04,USD,2026-07-29T00:00:00
84,Retention Email Campaign 00084,Retention,Email,Completed,2024-12-20,2025-03-20,107871.55,USD,2024-10-03T00:00:00
85,Nurture Web Campaign 00085,Nurture,Web,Active,2023-09-18,,10759.96,USD,2023-06-18T00:00:00
86,Reengagement Web Campaign 00086,Reengagement,Web,Active,2025-11-14,,14044.98,USD,2025-09-10T00:00:00
87,Nurture Email Campaign 00087,Nurture,Email,Active,2025-01-21,,7545.94,USD,2025-01-10T00:00:00
88,Awareness Webinar Campaign 00088,Awareness,Webinar,Draft,2026-12-31,,16553.25,USD,2026-12-11T00:00:00
89,Awareness Phone Campaign 00089,Awareness,Phone,Completed,2023-11-12,2024-02-11,13161.53,USD,2023-09-30T00:00:00
90,Reengagement Email Campaign 00090,Reengagement,Email,Completed,2024-10-08,2025-01-25,,USD,2024-08-12T00:00:00
91,CustomerEducation Phone Campaign 00091,CustomerEducation,Phone,Completed,2024-10-01,2024-11-30,27372.70,USD,2024-07-09T00:00:00
92,Awareness Event Campaign 00092,Awareness,Event,Completed,2023-09-18,2023-12-19,15319.06,USD,2023-06-08T00:00:00
93,Nurture Social Campaign 00093,Nurture,Social,Active,2025-01-12,,5318.02,USD,2025-01-08T00:00:00
94,CustomerEducation Social Campaign 00094,CustomerEducation,Social,Completed,2023-09-19,2023-09-30,9075.53,USD,2023-06-23T00:00:00
95,Awareness Social Campaign 00095,Awareness,Social,Active,2024-10-27,,1256964.77,USD,2024-08-02T00:00:00
96,CustomerEducation Event Campaign 00096,CustomerEducation,Event,Scheduled,2026-11-10,2027-01-23,9544.06,USD,2026-08-04T00:00:00
97,Nurture Event Campaign 00097,Nurture,Event,Completed,2023-12-01,2023-12-27,5091.15,USD,2023-11-13T00:00:00
98,CustomerEducation Phone Campaign 00098,CustomerEducation,Phone,Active,2025-02-07,,,USD,2024-12-19T00:00:00
99,CustomerEducation Webinar Campaign 00099,CustomerEducation,Webinar,Cancelled,2026-01-24,2026-04-09,5021.12,USD,2025-09-26T00:00:00
100,Retention Web Campaign 00100,Retention,Web,Draft,2026-09-10,,9188.31,USD,2026-07-06T00:00:00
101,Awareness Social Campaign 00101,Awareness,Social,Draft,2026-09-14,,8556.94,USD,2026-06-06T00:00:00
102,Nurture Web Campaign 00102,Nurture,Web,Active,2023-07-27,,38022.96,USD,2023-04-25T00:00:00
103,Nurture Event Campaign 00103,Nurture,Event,Completed,2024-12-27,2025-01-20,5251.76,USD,2024-12-26T00:00:00
104,Awareness Webinar Campaign 00104,Awareness,Webinar,Scheduled,2026-11-13,2026-12-13,7908.07,USD,2026-10-06T00:00:00
105,Reengagement Social Campaign 00105,Reengagement,Social,Active,2026-02-06,,,USD,2025-10-24T00:00:00
106,Retention Phone Campaign 00106,Retention,Phone,Completed,2024-11-18,2025-01-12,5136.78,USD,2024-09-05T00:00:00
107,Awareness Event Campaign 00107,Awareness,Event,Completed,2023-08-14,2023-12-10,54826.96,USD,2023-05-18T00:00:00
108,Nurture Phone Campaign 00108,Nurture,Phone,Active,2023-06-27,,8113.58,USD,2023-03-03T00:00:00
109,Reengagement Webinar Campaign 00109,Reengagement,Webinar,Scheduled,2026-11-08,2026-12-09,5749.82,USD,2026-09-20T00:00:00
110,Reengagement Phone Campaign 00110,Reengagement,Phone,Completed,2026-01-26,2026-05-09,5977.13,USD,2025-12-19T00:00:00
111,Reengagement Webinar Campaign 00111,Reengagement,Webinar,Completed,2024-12-16,2025-02-27,6109.64,USD,2024-11-30T00:00:00
112,Awareness Web Campaign 00112,Awareness,Web,Completed,2023-08-23,2023-10-28,47750.91,USD,2023-05-18T00:00:00
113,Reengagement Email Campaign 00113,Reengagement,Email,Draft,2026-09-20,,8361.03,USD,2026-08-04T00:00:00
114,CustomerEducation Webinar Campaign 00114,CustomerEducation,Webinar,Completed,2023-08-04,2023-10-18,7230.21,USD,2023-05-01T00:00:00
115,Nurture Social Campaign 00115,Nurture,Social,Active,2025-11-29,,,USD,2025-08-18T00:00:00
116,Reengagement Event Campaign 00116,Reengagement,Event,Cancelled,2024-11-25,2025-01-29,23720.05,USD,2024-11-22T00:00:00
117,Reengagement Phone Campaign 00117,Reengagement,Phone,Completed,2025-02-05,2025-02-27,26826.07,USD,2024-10-14T00:00:00
118,Retention Web Campaign 00118,Retention,Web,Cancelled,2023-10-14,2023-12-04,10046.13,USD,2023-08-02T00:00:00
119,Retention Event Campaign 00119,Retention,Event,Completed,2023-10-11,2024-01-12,7063.22,USD,2023-07-23T00:00:00
120,Reengagement Web Campaign 00120,Reengagement,Web,Scheduled,2026-11-07,2026-12-31,6688.84,USD,2026-09-06T00:00:00
121,CustomerEducation Email Campaign 00121,CustomerEducation,Email,Scheduled,2026-09-05,2027-01-01,5011.50,USD,2026-06-08T00:00:00
122,Retention Web Campaign 00122,Retention,Web,Completed,2026-02-10,2026-05-11,9685.48,USD,2025-11-25T00:00:00
123,CustomerEducation Social Campaign 00123,CustomerEducation,Social,Scheduled,2026-08-27,2026-09-29,14605.23,USD,2026-05-29T00:00:00
124,Retention Webinar Campaign 00124,Retention,Webinar,Draft,2026-12-29,,6115.52,USD,2026-12-13T00:00:00
125,Nurture Web Campaign 00125,Nurture,Web,Completed,2025-12-29,2026-02-20,6942.50,USD,2025-12-20T00:00:00
126,CustomerEducation Web Campaign 00126,CustomerEducation,Web,Cancelled,2025-11-25,2025-12-25,17913.09,USD,2025-09-16T00:00:00
127,CustomerEducation Phone Campaign 00127,CustomerEducation,Phone,Active,2025-01-07,,7629.34,USD,2024-09-16T00:00:00
128,Reengagement Phone Campaign 00128,Reengagement,Phone,Active,2024-08-23,,21877.21,USD,2024-07-06T00:00:00
129,Reengagement Webinar Campaign 00129,Reengagement,Webinar,Completed,2023-09-21,2023-11-20,17620.13,USD,2023-06-17T00:00:00
130,Retention Email Campaign 00130,Retention,Email,Completed,2023-11-23,2023-12-03,6664.65,USD,2023-08-18T00:00:00
131,Awareness Phone Campaign 00131,Awareness,Phone,Completed,2025-01-10,2025-02-08,31827.32,USD,2024-09-23T00:00:00
132,Nurture Email Campaign 00132,Nurture,Email,Active,2024-11-28,,23197.21,USD,2024-09-26T00:00:00
133,Awareness Event Campaign 00133,Awareness,Event,Active,2024-10-28,,8442.94,USD,2024-10-27T00:00:00
134,Awareness Social Campaign 00134,Awareness,Social,Completed,2025-01-22,2025-04-08,54390.21,USD,2024-11-29T00:00:00
135,CustomerEducation Phone Campaign 00135,CustomerEducation,Phone,Completed,2025-01-21,2025-02-01,8234.08,USD,2025-01-07T00:00:00
136,Reengagement Social Campaign 00136,Reengagement,Social,Completed,2024-12-05,2025-01-16,17362.64,USD,2024-12-01T00:00:00
137,Retention Web Campaign 00137,Retention,Web,Active,2026-03-03,,5106.37,USD,2025-11-11T00:00:00
138,Awareness Email Campaign 00138,Awareness,Email,Completed,2025-01-22,2025-04-18,8553.60,USD,2024-12-03T00:00:00
139,Awareness Phone Campaign 00139,Awareness,Phone,Completed,2023-08-20,2023-10-23,,USD,2023-05-09T00:00:00
140,Awareness Email Campaign 00140,Awareness,Email,Completed,2026-03-01,2026-06-14,8860.71,USD,2026-02-19T00:00:00
141,Retention Social Campaign 00141,Retention,Social,Active,2025-01-10,,15703.42,USD,2024-10-14T00:00:00
142,Nurture Phone Campaign 00142,Nurture,Phone,Completed,2026-05-06,2026-06-30,43456.02,USD,2026-03-18T00:00:00
143,Reengagement Webinar Campaign 00143,Reengagement,Webinar,Scheduled,2027-01-07,2027-04-09,12287.19,USD,2026-12-06T00:00:00
144,Retention Webinar Campaign 00144,Retention,Webinar,Cancelled,2023-08-25,2023-11-02,73349.28,USD,2023-06-20T00:00:00
145,Awareness Webinar Campaign 00145,Awareness,Webinar,Active,2025-02-13,,8835.54,USD,2024-11-10T00:00:00
146,Retention Webinar Campaign 00146,Retention,Webinar,Completed,2023-10-06,2023-12-27,8705.21,USD,2023-08-24T00:00:00
147,Reengagement Event Campaign 00147,Reengagement,Event,Cancelled,2023-11-29,2024-02-15,39617.72,USD,2023-10-17T00:00:00
148,Awareness Social Campaign 00148,Awareness,Social,Completed,2024-12-04,2025-01-22,6467.85,USD,2024-10-14T00:00:00
149,Reengagement Phone Campaign 00149,Reengagement,Phone,Completed,2023-07-24,2023-10-24,14684.61,USD,2023-04-11T00:00:00
150,CustomerEducation Social Campaign 00150,CustomerEducation,Social,Draft,2026-11-23,,,USD,2026-10-29T00:00:00
151,CustomerEducation Email Campaign 00151,CustomerEducation,Email,Completed,2026-01-17,2026-03-22,5533.65,USD,2025-09-20T00:00:00
152,Retention Web Campaign 00152,Retention,Web,Completed,2025-12-20,2026-03-21,10110.83,USD,2025-09-30T00:00:00
153,Retention Social Campaign 00153,Retention,Social,Completed,2024-12-28,2025-01-19,14912.73,USD,2024-09-29T00:00:00
154,CustomerEducation Social Campaign 00154,CustomerEducation,Social,Completed,2025-01-04,2025-02-28,449317.21,USD,2024-10-07T00:00:00
155,Awareness Webinar Campaign 00155,Awareness,Webinar,Active,2023-08-21,,22701.78,USD,2023-05-03T00:00:00
156,Retention Social Campaign 00156,Retention,Social,Scheduled,2026-09-05,2026-10-26,5405.36,USD,2026-08-23T00:00:00
157,Reengagement Social Campaign 00157,Reengagement,Social,Completed,2023-08-28,2023-12-06,6519.82,USD,2023-06-18T00:00:00
158,Awareness Social Campaign 00158,Awareness,Social,Active,2023-10-16,,80986.31,USD,2023-07-19T00:00:00
159,Awareness Social Campaign 00159,Awareness,Social,Completed,2023-11-24,2024-02-01,5436.72,USD,2023-10-04T00:00:00
160,Retention Social Campaign 00160,Retention,Social,Active,2023-10-07,,5808.88,USD,2023-08-07T00:00:00
161,Reengagement Social Campaign 00161,Reengagement,Social,Scheduled,2026-11-08,2027-01-31,5526.03,USD,2026-09-16T00:00:00
162,Nurture Webinar Campaign 00162,Nurture,Webinar,Active,2023-10-19,,17523.34,USD,2023-07-02T00:00:00
163,Retention Event Campaign 00163,Retention,Event,Completed,2025-03-10,2025-04-04,17254.39,USD,2024-12-31T00:00:00
164,Nurture Event Campaign 00164,Nurture,Event,Cancelled,2026-01-24,2026-05-02,19603.94,USD,2025-11-26T00:00:00
165,Reengagement Email Campaign 00165,Reengagement,Email,Completed,2025-01-08,2025-04-06,14465.08,USD,2024-10-16T00:00:00
166,CustomerEducation Phone Campaign 00166,CustomerEducation,Phone,Active,2025-02-14,,5085.32,USD,2024-10-20T00:00:00
167,Nurture Web Campaign 00167,Nurture,Web,Completed,2023-11-11,2023-12-13,9606.79,USD,2023-08-17T00:00:00
168,Nurture Web Campaign 00168,Nurture,Web,Active,2023-10-24,,15129.78,USD,2023-08-15T00:00:00
169,Reengagement Web Campaign 00169,Reengagement,Web,Completed,2024-12-10,2025-03-10,15342.31,USD,2024-09-10T00:00:00
170,CustomerEducation Email Campaign 00170,CustomerEducation,Email,Draft,2027-01-07,,8547.40,USD,2026-10-12T00:00:00
171,CustomerEducation Event Campaign 00171,CustomerEducation,Event,Cancelled,2026-03-25,2026-07-16,5773.89,USD,2026-03-24T00:00:00
172,CustomerEducation Event Campaign 00172,CustomerEducation,Event,Cancelled,2024-12-30,2025-01-27,19405.97,USD,2024-09-06T00:00:00
173,Reengagement Event Campaign 00173,Reengagement,Event,Cancelled,2026-01-01,2026-04-17,5868.18,USD,2025-10-17T00:00:00
174,Reengagement Social Campaign 00174,Reengagement,Social,Scheduled,2026-10-30,2026-11-29,11029.05,USD,2026-08-31T00:00:00
175,Retention Email Campaign 00175,Retention,Email,Scheduled,2026-10-27,2027-01-11,7944.19,USD,2026-07-31T00:00:00
176,Reengagement Webinar Campaign 00176,Reengagement,Webinar,Active,2024-12-19,,5311.98,USD,2024-11-23T00:00:00
177,CustomerEducation Social Campaign 00177,CustomerEducation,Social,Active,2023-10-02,,,USD,2023-09-12T00:00:00
178,Retention Event Campaign 00178,Retention,Event,Completed,2023-10-10,2024-02-06,7512.20,USD,2023-07-25T00:00:00
179,CustomerEducation Event Campaign 00179,CustomerEducation,Event,Completed,2024-12-30,2025-03-28,5728.02,USD,2024-09-09T00:00:00
180,Reengagement Social Campaign 00180,Reengagement,Social,Completed,2024-12-31,2025-04-06,5856.45,USD,2024-12-27T00:00:00
181,Retention Webinar Campaign 00181,Retention,Webinar,Active,2025-11-24,,24961.87,USD,2025-09-08T00:00:00
182,CustomerEducation Webinar Campaign 00182,CustomerEducation,Webinar,Completed,2026-01-30,2026-02-08,6533.08,USD,2026-01-04T00:00:00
183,CustomerEducation Web Campaign 00183,CustomerEducation,Web,Active,2024-11-30,,6335.74,USD,2024-10-21T00:00:00
184,Nurture Social Campaign 00184,Nurture,Social,Completed,2025-10-08,2026-01-01,5399.64,USD,2025-09-11T00:00:00
185,Awareness Web Campaign 00185,Awareness,Web,Completed,2025-02-19,2025-05-05,,USD,2024-12-16T00:00:00
186,CustomerEducation Web Campaign 00186,CustomerEducation,Web,Scheduled,2026-11-14,2027-01-14,6423.84,USD,2026-10-29T00:00:00
187,Reengagement Webinar Campaign 00187,Reengagement,Webinar,Completed,2023-08-27,2023-09-09,17957.73,USD,2023-08-17T00:00:00
188,Reengagement Social Campaign 00188,Reengagement,Social,Scheduled,2026-11-14,2027-02-01,8804.48,USD,2026-07-20T00:00:00
189,Nurture Event Campaign 00189,Nurture,Event,Scheduled,2026-11-14,2027-01-30,6820.61,USD,2026-08-17T00:00:00
190,Awareness Phone Campaign 00190,Awareness,Phone,Completed,2024-12-02,2024-12-17,15792.18,USD,2024-09-20T00:00:00
191,Awareness Event Campaign 00191,Awareness,Event,Active,2026-01-14,,32398.53,USD,2026-01-12T00:00:00
192,Reengagement Email Campaign 00192,Reengagement,Email,Draft,2027-01-01,,6957.41,USD,2026-10-14T00:00:00
193,Nurture Event Campaign 00193,Nurture,Event,Completed,2026-03-06,2026-07-02,5169.70,USD,2025-12-18T00:00:00
194,Retention Social Campaign 00194,Retention,Social,Scheduled,2026-09-06,2026-12-18,10522.14,USD,2026-05-10T00:00:00
195,Reengagement Phone Campaign 00195,Reengagement,Phone,Draft,2026-12-30,,,USD,2026-12-01T00:00:00
196,Awareness Social Campaign 00196,Awareness,Social,Scheduled,2026-11-02,2026-12-24,,USD,2026-10-05T00:00:00
197,Nurture Email Campaign 00197,Nurture,Email,Draft,2026-12-30,,7688.92,USD,2026-10-28T00:00:00
198,Awareness Email Campaign 00198,Awareness,Email,Completed,2025-01-09,2025-04-03,8014.72,USD,2024-12-21T00:00:00
199,Reengagement Webinar Campaign 00199,Reengagement,Webinar,Completed,2023-09-16,2023-11-19,14495.87,USD,2023-07-18T00:00:00
200,Awareness Web Campaign 00200,Awareness,Web,Scheduled,2027-01-07,2027-02-06,14832.29,USD,2026-12-19T00:00:00
201,Awareness Email Campaign 00201,Awareness,Email,Draft,2026-11-09,,16165.50,USD,2026-09-01T00:00:00
202,Retention Email Campaign 00202,Retention,Email,Completed,2024-12-29,2025-01-29,21657.34,USD,2024-12-18T00:00:00
203,CustomerEducation Phone Campaign 00203,CustomerEducation,Phone,Draft,2026-12-31,,17430.57,USD,2026-10-01T00:00:00
204,CustomerEducation Web Campaign 00204,CustomerEducation,Web,Completed,2023-08-22,2023-12-18,7882.48,USD,2023-07-02T00:00:00
205,CustomerEducation Email Campaign 00205,CustomerEducation,Email,Active,2024-10-05,,11108.15,USD,2024-08-28T00:00:00
206,CustomerEducation Phone Campaign 00206,CustomerEducation,Phone,Active,2025-11-16,,9144.24,USD,2025-08-09T00:00:00
207,Nurture Web Campaign 00207,Nurture,Web,Completed,2023-09-19,2023-10-04,85995.91,USD,2023-05-28T00:00:00
208,Retention Social Campaign 00208,Retention,Social,Completed,2024-12-04,2024-12-24,,USD,2024-08-24T00:00:00
209,Awareness Event Campaign 00209,Awareness,Event,Cancelled,2026-01-27,2026-03-06,59626.95,USD,2025-10-21T00:00:00
210,Awareness Webinar Campaign 00210,Awareness,Webinar,Completed,2024-10-29,2025-01-17,13553.25,USD,2024-09-28T00:00:00
211,Nurture Event Campaign 00211,Nurture,Event,Completed,2023-10-25,2024-02-07,5491.16,USD,2023-10-02T00:00:00
212,Nurture Webinar Campaign 00212,Nurture,Webinar,Completed,2023-07-28,2023-08-19,7878.90,USD,2023-04-04T00:00:00
213,Awareness Phone Campaign 00213,Awareness,Phone,Completed,2024-12-05,2025-02-12,11251.60,USD,2024-11-26T00:00:00
214,Awareness Email Campaign 00214,Awareness,Email,Active,2023-11-25,,6396.68,USD,2023-08-15T00:00:00
215,Reengagement Web Campaign 00215,Reengagement,Web,Scheduled,2027-01-05,2027-04-02,8890.12,USD,2026-09-22T00:00:00
216,Retention Social Campaign 00216,Retention,Social,Completed,2023-10-19,2024-01-10,16387.09,USD,2023-07-29T00:00:00
217,Nurture Event Campaign 00217,Nurture,Event,Completed,2026-03-12,2026-05-07,36423.93,USD,2026-01-06T00:00:00
218,CustomerEducation Event Campaign 00218,CustomerEducation,Event,Scheduled,2027-01-03,2027-04-15,10060.32,USD,2026-10-20T00:00:00
219,CustomerEducation Event Campaign 00219,CustomerEducation,Event,Scheduled,2026-09-07,2026-12-20,24979.98,USD,2026-08-01T00:00:00
220,Nurture Webinar Campaign 00220,Nurture,Webinar,Draft,2026-11-09,,25540.55,USD,2026-10-11T00:00:00
221,Awareness Web Campaign 00221,Awareness,Web,Completed,2026-02-03,2026-04-03,84572.59,USD,2026-01-26T00:00:00
222,Reengagement Phone Campaign 00222,Reengagement,Phone,Active,2023-12-05,,14263.13,USD,2023-11-11T00:00:00
223,CustomerEducation Webinar Campaign 00223,CustomerEducation,Webinar,Completed,2026-01-24,2026-03-20,8831.47,USD,2026-01-05T00:00:00
224,Awareness Event Campaign 00224,Awareness,Event,Scheduled,2026-09-07,2026-11-13,6204.76,USD,2026-08-14T00:00:00
225,Reengagement Social Campaign 00225,Reengagement,Social,Active,2023-08-23,,5046.37,USD,2023-05-15T00:00:00
226,Retention Webinar Campaign 00226,Retention,Webinar,Active,2025-01-07,,8620.29,USD,2024-12-13T00:00:00
227,Awareness Web Campaign 00227,Awareness,Web,Completed,2023-09-18,2023-11-21,16767.63,USD,2023-05-29T00:00:00
228,Awareness Event Campaign 00228,Awareness,Event,Active,2024-11-06,,9449.02,USD,2024-07-23T00:00:00
229,Awareness Event Campaign 00229,Awareness,Event,Completed,2023-08-17,2023-08-27,7106.07,USD,2023-07-07T00:00:00
230,Retention Social Campaign 00230,Retention,Social,Completed,2026-01-26,2026-04-22,39699.02,USD,2026-01-22T00:00:00
231,Nurture Event Campaign 00231,Nurture,Event,Active,2026-03-26,,14186.37,USD,2026-02-21T00:00:00
232,Nurture Webinar Campaign 00232,Nurture,Webinar,Cancelled,2024-11-15,2025-02-06,21097.12,USD,2024-08-27T00:00:00
233,Reengagement Social Campaign 00233,Reengagement,Social,Completed,2024-12-27,2025-01-06,26586.09,USD,2024-09-15T00:00:00
234,Reengagement Email Campaign 00234,Reengagement,Email,Completed,2025-09-29,2025-12-03,51323.87,USD,2025-08-03T00:00:00
235,Awareness Event Campaign 00235,Awareness,Event,Completed,2024-11-30,2025-01-02,25129.94,USD,2024-08-29T00:00:00
236,Nurture Phone Campaign 00236,Nurture,Phone,Active,2026-01-19,,6283.71,USD,2026-01-06T00:00:00
237,Awareness Social Campaign 00237,Awareness,Social,Active,2024-11-27,,14210.41,USD,2024-08-24T00:00:00
238,Retention Event Campaign 00238,Retention,Event,Draft,2027-01-04,,,USD,2026-10-31T00:00:00
239,Retention Webinar Campaign 00239,Retention,Webinar,Completed,2023-10-05,2023-11-09,5041.20,USD,2023-06-08T00:00:00
240,Retention Web Campaign 00240,Retention,Web,Completed,2023-10-25,2024-01-06,5024.22,USD,2023-08-01T00:00:00
241,CustomerEducation Social Campaign 00241,CustomerEducation,Social,Scheduled,2026-09-06,2026-11-27,8468.82,USD,2026-07-28T00:00:00
242,Nurture Webinar Campaign 00242,Nurture,Webinar,Completed,2023-09-08,2023-09-20,10063.56,USD,2023-09-03T00:00:00
243,Awareness Phone Campaign 00243,Awareness,Phone,Cancelled,2024-10-30,2025-01-14,8897.76,USD,2024-10-26T00:00:00
244,Nurture Phone Campaign 00244,Nurture,Phone,Draft,2026-09-12,,22227.62,USD,2026-08-22T00:00:00
245,Reengagement Phone Campaign 00245,Reengagement,Phone,Completed,2026-02-15,2026-05-21,53814.33,USD,2025-10-21T00:00:00
246,CustomerEducation Social Campaign 00246,CustomerEducation,Social,Completed,2023-09-10,2023-10-31,148906.79,USD,2023-05-29T00:00:00
247,CustomerEducation Webinar Campaign 00247,CustomerEducation,Webinar,Draft,2026-11-09,,9016.71,USD,2026-10-08T00:00:00
248,Retention Phone Campaign 00248,Retention,Phone,Active,2023-09-17,,5950.94,USD,2023-08-02T00:00:00
249,Awareness Phone Campaign 00249,Awareness,Phone,Active,2025-01-30,,6579.45,USD,2024-12-25T00:00:00
250,CustomerEducation Webinar Campaign 00250,CustomerEducation,Webinar,Active,2023-08-15,,9250.54,USD,2023-07-31T00:00:00
251,CustomerEducation Phone Campaign 00251,CustomerEducation,Phone,Scheduled,2026-12-26,2027-01-25,9677.90,USD,2026-12-09T00:00:00
252,CustomerEducation Phone Campaign 00252,CustomerEducation,Phone,Cancelled,2024-11-10,2024-12-04,6825.06,USD,2024-08-30T00:00:00
253,Retention Social Campaign 00253,Retention,Social,Completed,2025-11-02,2026-01-27,10496.16,USD,2025-09-20T00:00:00
254,Reengagement Social Campaign 00254,Reengagement,Social,Completed,2026-01-25,2026-04-30,11013.85,USD,2026-01-19T00:00:00
255,Nurture Social Campaign 00255,Nurture,Social,Completed,2023-11-09,2023-11-27,14835.70,USD,2023-09-04T00:00:00
256,CustomerEducation Webinar Campaign 00256,CustomerEducation,Webinar,Active,2023-08-22,,18646.46,USD,2023-05-08T00:00:00
257,Awareness Web Campaign 00257,Awareness,Web,Active,2025-10-31,,9583.50,USD,2025-09-22T00:00:00
258,Awareness Email Campaign 00258,Awareness,Email,Completed,2024-11-11,2025-01-25,13446.86,USD,2024-11-06T00:00:00
259,Awareness Event Campaign 00259,Awareness,Event,Active,2026-01-15,,10940.05,USD,2025-12-19T00:00:00
260,CustomerEducation Web Campaign 00260,CustomerEducation,Web,Completed,2025-12-13,2026-02-02,11951.45,USD,2025-12-12T00:00:00
261,Reengagement Webinar Campaign 00261,Reengagement,Webinar,Completed,2023-10-11,2023-12-15,5659.43,USD,2023-06-19T00:00:00
262,Retention Event Campaign 00262,Retention,Event,Cancelled,2023-11-22,2023-12-14,33379.43,USD,2023-11-06T00:00:00
263,Retention Phone Campaign 00263,Retention,Phone,Completed,2023-10-25,2023-11-10,5407.97,USD,2023-08-25T00:00:00
264,CustomerEducation Social Campaign 00264,CustomerEducation,Social,Completed,2025-01-27,2025-02-28,6444.81,USD,2024-12-27T00:00:00
265,Retention Event Campaign 00265,Retention,Event,Cancelled,2024-12-11,2025-02-22,,USD,2024-11-06T00:00:00
266,Reengagement Event Campaign 00266,Reengagement,Event,Completed,2023-10-25,2024-02-05,7848.63,USD,2023-07-13T00:00:00
267,Nurture Email Campaign 00267,Nurture,Email,Completed,2023-09-16,2024-01-01,44218.56,USD,2023-08-16T00:00:00
268,Awareness Webinar Campaign 00268,Awareness,Webinar,Active,2025-01-17,,5636.10,USD,2024-10-22T00:00:00
269,Awareness Webinar Campaign 00269,Awareness,Webinar,Completed,2024-12-22,2025-02-16,23915.41,USD,2024-11-16T00:00:00
270,Retention Event Campaign 00270,Retention,Event,Completed,2026-06-13,2026-08-01,48330.22,USD,2026-02-20T00:00:00
271,Reengagement Web Campaign 00271,Reengagement,Web,Draft,2026-09-11,,22889.84,USD,2026-07-04T00:00:00
272,Nurture Web Campaign 00272,Nurture,Web,Draft,2026-11-20,,8433.18,USD,2026-08-11T00:00:00
273,Retention Phone Campaign 00273,Retention,Phone,Scheduled,2027-01-05,2027-04-17,32135.87,USD,2026-10-02T00:00:00
274,Reengagement Phone Campaign 00274,Reengagement,Phone,Completed,2026-01-30,2026-03-07,13440.93,USD,2025-11-19T00:00:00
275,CustomerEducation Web Campaign 00275,CustomerEducation,Web,Completed,2025-02-23,2025-06-02,46401.51,USD,2025-01-29T00:00:00
276,Nurture Email Campaign 00276,Nurture,Email,Draft,2026-08-30,,9025.78,USD,2026-08-19T00:00:00
277,Retention Web Campaign 00277,Retention,Web,Draft,2026-12-31,,20765.94,USD,2026-12-04T00:00:00
278,CustomerEducation Event Campaign 00278,CustomerEducation,Event,Active,2023-10-27,,,USD,2023-07-18T00:00:00
279,Reengagement Phone Campaign 00279,Reengagement,Phone,Active,2024-11-04,,5087.99,USD,2024-07-26T00:00:00
280,Awareness Social Campaign 00280,Awareness,Social,Cancelled,2023-11-18,2024-01-13,5711.06,USD,2023-09-17T00:00:00
281,Reengagement Phone Campaign 00281,Reengagement,Phone,Active,2024-11-17,,14661.71,USD,2024-08-18T00:00:00
282,Awareness Phone Campaign 00282,Awareness,Phone,Draft,2026-09-10,,6762.62,USD,2026-05-26T00:00:00
283,Awareness Email Campaign 00283,Awareness,Email,Active,2023-10-09,,5566.30,USD,2023-08-12T00:00:00
284,Nurture Event Campaign 00284,Nurture,Event,Active,2025-06-01,,10940.20,USD,2025-02-14T00:00:00
285,Awareness Email Campaign 00285,Awareness,Email,Completed,2025-11-30,2026-02-05,14320.69,USD,2025-10-15T00:00:00
286,Awareness Phone Campaign 00286,Awareness,Phone,Completed,2023-08-22,2023-12-10,10404.37,USD,2023-07-10T00:00:00
287,CustomerEducation Event Campaign 00287,CustomerEducation,Event,Active,2025-11-15,,7433.18,USD,2025-11-09T00:00:00
288,Nurture Social Campaign 00288,Nurture,Social,Completed,2023-11-08,2024-02-17,6988.99,USD,2023-07-23T00:00:00
289,Reengagement Web Campaign 00289,Reengagement,Web,Scheduled,2026-11-06,2027-01-31,5178.52,USD,2026-10-11T00:00:00
290,CustomerEducation Web Campaign 00290,CustomerEducation,Web,Completed,2026-02-14,2026-03-26,6501.15,USD,2025-10-26T00:00:00
291,Reengagement Email Campaign 00291,Reengagement,Email,Active,2026-05-09,,,USD,2026-02-27T00:00:00
292,Retention Event Campaign 00292,Retention,Event,Draft,2026-11-13,,15921.41,USD,2026-11-06T00:00:00
293,Retention Email Campaign 00293,Retention,Email,Completed,2025-12-04,2026-02-25,5028.93,USD,2025-11-16T00:00:00
294,Awareness Event Campaign 00294,Awareness,Event,Scheduled,2026-11-07,2027-02-12,6286.53,USD,2026-09-23T00:00:00
295,Reengagement Event Campaign 00295,Reengagement,Event,Completed,2025-09-20,2025-12-11,9212.22,USD,2025-06-13T00:00:00
296,Reengagement Event Campaign 00296,Reengagement,Event,Completed,2023-08-24,2023-11-25,,USD,2023-06-04T00:00:00
297,Awareness Social Campaign 00297,Awareness,Social,Completed,2024-10-01,2024-11-12,12863.05,USD,2024-09-14T00:00:00
298,CustomerEducation Web Campaign 00298,CustomerEducation,Web,Draft,2026-09-14,,5336.15,USD,2026-07-01T00:00:00
299,Nurture Social Campaign 00299,Nurture,Social,Active,2023-09-11,,6953.33,USD,2023-06-02T00:00:00
300,CustomerEducation Event Campaign 00300,CustomerEducation,Event,Completed,2026-03-06,2026-05-23,5085.25,USD,2026-01-08T00:00:00
301,Awareness Event Campaign 00301,Awareness,Event,Active,2023-10-13,,5974.29,USD,2023-09-10T00:00:00
302,CustomerEducation Phone Campaign 00302,CustomerEducation,Phone,Active,2026-01-27,,8950.75,USD,2026-01-08T00:00:00
303,Retention Phone Campaign 00303,Retention,Phone,Draft,2026-10-25,,6184.59,USD,2026-07-13T00:00:00
304,CustomerEducation Webinar Campaign 00304,CustomerEducation,Webinar,Completed,2023-07-25,2023-09-24,12810.43,USD,2023-05-31T00:00:00
305,CustomerEducation Webinar Campaign 00305,CustomerEducation,Webinar,Active,2024-12-21,,143642.26,USD,2024-09-26T00:00:00
306,Retention Webinar Campaign 00306,Retention,Webinar,Completed,2024-10-24,2024-12-04,5666.53,USD,2024-09-20T00:00:00
307,CustomerEducation Phone Campaign 00307,CustomerEducation,Phone,Active,2025-11-12,,216295.65,USD,2025-09-29T00:00:00
308,CustomerEducation Social Campaign 00308,CustomerEducation,Social,Completed,2024-01-03,2024-04-21,12606.62,USD,2023-12-20T00:00:00
309,Reengagement Webinar Campaign 00309,Reengagement,Webinar,Completed,2023-10-09,2023-10-28,,USD,2023-08-14T00:00:00
310,Awareness Social Campaign 00310,Awareness,Social,Completed,2024-01-10,2024-02-19,16584.92,USD,2023-12-28T00:00:00
311,Reengagement Web Campaign 00311,Reengagement,Web,Completed,2024-12-27,2025-01-07,7550.21,USD,2024-10-16T00:00:00
312,Awareness Event Campaign 00312,Awareness,Event,Draft,2026-09-10,,,USD,2026-05-25T00:00:00
313,CustomerEducation Email Campaign 00313,CustomerEducation,Email,Draft,2027-01-01,,8174.80,USD,2026-11-25T00:00:00
314,Reengagement Event Campaign 00314,Reengagement,Event,Completed,2025-12-05,2026-01-16,5434.19,USD,2025-08-14T00:00:00
315,Reengagement Webinar Campaign 00315,Reengagement,Webinar,Scheduled,2026-11-01,2027-02-22,7516.41,USD,2026-10-31T00:00:00
316,Retention Webinar Campaign 00316,Retention,Webinar,Scheduled,2026-11-11,2026-12-11,16827.71,USD,2026-11-09T00:00:00
317,Reengagement Phone Campaign 00317,Reengagement,Phone,Active,2025-03-25,,7781.29,USD,2024-12-27T00:00:00
318,Retention Email Campaign 00318,Retention,Email,Cancelled,2024-10-22,2024-11-10,6458.85,USD,2024-08-04T00:00:00
319,Reengagement Phone Campaign 00319,Reengagement,Phone,Draft,2026-08-28,,6533.00,USD,2026-05-19T00:00:00
320,Reengagement Web Campaign 00320,Reengagement,Web,Active,2025-11-27,,5500.19,USD,2025-11-18T00:00:00
321,Reengagement Email Campaign 00321,Reengagement,Email,Scheduled,2026-08-31,2026-11-10,13625.80,USD,2026-07-12T00:00:00
322,Awareness Web Campaign 00322,Awareness,Web,Completed,2025-11-08,2025-12-20,6450.50,USD,2025-08-11T00:00:00
323,CustomerEducation Phone Campaign 00323,CustomerEducation,Phone,Completed,2023-08-24,2023-09-30,5843.22,USD,2023-06-11T00:00:00
324,CustomerEducation Event Campaign 00324,CustomerEducation,Event,Completed,2026-02-18,2026-03-11,5329.04,USD,2025-12-06T00:00:00
325,Awareness Event Campaign 00325,Awareness,Event,Completed,2023-08-12,2023-10-27,5048.54,USD,2023-06-16T00:00:00
326,CustomerEducation Email Campaign 00326,CustomerEducation,Email,Completed,2025-01-19,2025-02-08,9157.03,USD,2025-01-18T00:00:00
327,Awareness Social Campaign 00327,Awareness,Social,Scheduled,2026-11-13,2026-12-13,13439.67,USD,2026-08-31T00:00:00
328,CustomerEducation Email Campaign 00328,CustomerEducation,Email,Active,2026-01-19,,47638.07,USD,2025-11-15T00:00:00
329,Nurture Web Campaign 00329,Nurture,Web,Completed,2025-01-07,2025-02-10,7527.62,USD,2024-10-24T00:00:00
330,CustomerEducation Email Campaign 00330,CustomerEducation,Email,Completed,2025-01-05,2025-03-10,53827.62,USD,2024-10-25T00:00:00
331,Nurture Social Campaign 00331,Nurture,Social,Active,2025-12-16,,,USD,2025-09-07T00:00:00
332,CustomerEducation Social Campaign 00332,CustomerEducation,Social,Cancelled,2026-03-09,2026-05-30,5931.86,USD,2026-01-23T00:00:00
333,CustomerEducation Email Campaign 00333,CustomerEducation,Email,Cancelled,2023-09-12,2023-10-18,10880.17,USD,2023-09-03T00:00:00
334,CustomerEducation Web Campaign 00334,CustomerEducation,Web,Completed,2025-12-20,2026-03-26,6386.86,USD,2025-11-07T00:00:00
335,Nurture Event Campaign 00335,Nurture,Event,Draft,2027-01-05,,9060.81,USD,2026-11-23T00:00:00
336,Reengagement Email Campaign 00336,Reengagement,Email,Scheduled,2026-09-05,2026-11-26,10344.30,USD,2026-08-20T00:00:00
337,Reengagement Email Campaign 00337,Reengagement,Email,Completed,2025-01-09,2025-04-14,6814.97,USD,2024-11-10T00:00:00
338,CustomerEducation Email Campaign 00338,CustomerEducation,Email,Scheduled,2027-01-03,2027-02-02,5121.30,USD,2026-11-01T00:00:00
339,Retention Webinar Campaign 00339,Retention,Webinar,Cancelled,2023-08-27,2023-12-13,16379.90,USD,2023-05-08T00:00:00
340,Retention Phone Campaign 00340,Retention,Phone,Completed,2026-03-26,2026-04-14,6755.24,USD,2026-03-25T00:00:00
341,Awareness Event Campaign 00341,Awareness,Event,Completed,2024-12-26,2025-03-25,15901.08,USD,2024-12-01T00:00:00
342,CustomerEducation Phone Campaign 00342,CustomerEducation,Phone,Completed,2025-02-28,2025-06-15,5652.59,USD,2024-12-04T00:00:00
343,Reengagement Phone Campaign 00343,Reengagement,Phone,Draft,2027-01-05,,13020.02,USD,2026-10-16T00:00:00
344,Reengagement Phone Campaign 00344,Reengagement,Phone,Draft,2026-09-05,,26693.97,USD,2026-07-04T00:00:00
345,CustomerEducation Web Campaign 00345,CustomerEducation,Web,Completed,2025-12-09,2026-03-12,6058.07,USD,2025-10-23T00:00:00
346,Awareness Email Campaign 00346,Awareness,Email,Cancelled,2023-10-13,2024-01-11,8255.68,USD,2023-07-10T00:00:00
347,Retention Social Campaign 00347,Retention,Social,Completed,2023-09-08,2023-09-23,9911.73,USD,2023-05-24T00:00:00
348,Reengagement Phone Campaign 00348,Reengagement,Phone,Active,2023-09-23,,14223.57,USD,2023-08-20T00:00:00
349,Retention Social Campaign 00349,Retention,Social,Completed,2026-01-14,2026-02-04,5002.54,USD,2026-01-04T00:00:00
350,Retention Social Campaign 00350,Retention,Social,Completed,2024-12-10,2025-01-29,20906.27,USD,2024-09-25T00:00:00
351,Nurture Webinar Campaign 00351,Nurture,Webinar,Draft,2026-09-10,,5760.45,USD,2026-05-14T00:00:00
352,Retention Event Campaign 00352,Retention,Event,Active,2025-11-24,,,USD,2025-11-01T00:00:00
353,CustomerEducation Social Campaign 00353,CustomerEducation,Social,Completed,2023-09-22,2023-10-21,32426.88,USD,2023-07-20T00:00:00
354,Retention Social Campaign 00354,Retention,Social,Completed,2024-12-17,2025-02-26,6317.39,USD,2024-11-26T00:00:00
355,Retention Phone Campaign 00355,Retention,Phone,Completed,2023-10-27,2023-11-12,,USD,2023-08-26T00:00:00
356,Retention Webinar Campaign 00356,Retention,Webinar,Completed,2024-11-15,2024-11-23,14608.34,USD,2024-10-23T00:00:00
357,Awareness Event Campaign 00357,Awareness,Event,Active,2024-11-02,,7077.80,USD,2024-08-23T00:00:00
358,Retention Web Campaign 00358,Retention,Web,Completed,2025-11-13,2026-02-11,5007.35,USD,2025-10-25T00:00:00
359,CustomerEducation Webinar Campaign 00359,CustomerEducation,Webinar,Completed,2023-07-03,2023-07-19,19935.30,USD,2023-03-29T00:00:00
360,CustomerEducation Email Campaign 00360,CustomerEducation,Email,Completed,2024-10-10,2024-11-23,22108.58,USD,2024-08-29T00:00:00
361,Awareness Phone Campaign 00361,Awareness,Phone,Draft,2026-11-08,,29340.00,USD,2026-09-21T00:00:00
362,Retention Event Campaign 00362,Retention,Event,Active,2023-07-07,,8926.03,USD,2023-04-14T00:00:00
363,Reengagement Email Campaign 00363,Reengagement,Email,Scheduled,2026-09-12,2026-12-10,7642.03,USD,2026-09-10T00:00:00
364,Awareness Email Campaign 00364,Awareness,Email,Completed,2023-11-08,2024-01-24,14255.92,USD,2023-09-05T00:00:00
365,Nurture Web Campaign 00365,Nurture,Web,Completed,2023-07-25,2023-08-08,,USD,2023-07-05T00:00:00
366,Awareness Social Campaign 00366,Awareness,Social,Active,2025-11-26,,,USD,2025-09-25T00:00:00
367,Nurture Webinar Campaign 00367,Nurture,Webinar,Completed,2026-01-02,2026-01-15,22483.44,USD,2025-11-12T00:00:00
368,Awareness Social Campaign 00368,Awareness,Social,Completed,2025-09-19,2025-10-21,16246.01,USD,2025-08-22T00:00:00
369,Awareness Social Campaign 00369,Awareness,Social,Active,2023-09-02,,10875.30,USD,2023-08-15T00:00:00
370,Reengagement Event Campaign 00370,Reengagement,Event,Completed,2024-12-30,2025-04-01,5273.55,USD,2024-10-14T00:00:00
371,Retention Phone Campaign 00371,Retention,Phone,Scheduled,2026-09-11,2026-10-29,5314.77,USD,2026-07-05T00:00:00
372,Reengagement Web Campaign 00372,Reengagement,Web,Completed,2026-01-10,2026-04-05,,USD,2026-01-02T00:00:00
373,Reengagement Event Campaign 00373,Reengagement,Event,Scheduled,2026-11-01,2027-02-15,11582.53,USD,2026-09-10T00:00:00
374,Awareness Social Campaign 00374,Awareness,Social,Active,2024-12-19,,31598.89,USD,2024-10-25T00:00:00
375,Reengagement Event Campaign 00375,Reengagement,Event,Cancelled,2023-06-03,2023-09-12,10450.86,USD,2023-05-25T00:00:00
376,Nurture Web Campaign 00376,Nurture,Web,Active,2023-10-07,,,USD,2023-10-06T00:00:00
377,CustomerEducation Email Campaign 00377,CustomerEducation,Email,Completed,2026-02-12,2026-05-24,6339.52,USD,2025-11-30T00:00:00
378,Nurture Phone Campaign 00378,Nurture,Phone,Completed,2024-12-21,2025-03-07,7080.10,USD,2024-09-23T00:00:00
379,Awareness Event Campaign 00379,Awareness,Event,Completed,2026-03-06,2026-04-11,9765.40,USD,2026-01-22T00:00:00
380,Awareness Phone Campaign 00380,Awareness,Phone,Active,2025-04-05,,7171.66,USD,2024-12-17T00:00:00
381,Awareness Social Campaign 00381,Awareness,Social,Completed,2025-10-23,2025-11-01,,USD,2025-07-16T00:00:00
382,CustomerEducation Email Campaign 00382,CustomerEducation,Email,Active,2025-12-01,,7108.71,USD,2025-11-15T00:00:00
383,CustomerEducation Web Campaign 00383,CustomerEducation,Web,Cancelled,2023-07-27,2023-11-24,8350.83,USD,2023-07-15T00:00:00
384,CustomerEducation Email Campaign 00384,CustomerEducation,Email,Draft,2026-09-05,,6660.87,USD,2026-08-16T00:00:00
385,CustomerEducation Phone Campaign 00385,CustomerEducation,Phone,Completed,2023-07-28,2023-09-02,14631.55,USD,2023-05-01T00:00:00
386,Retention Email Campaign 00386,Retention,Email,Draft,2026-12-15,,5245.53,USD,2026-12-12T00:00:00
387,Nurture Email Campaign 00387,Nurture,Email,Completed,2025-11-17,2025-12-28,11110.01,USD,2025-09-02T00:00:00
388,Nurture Phone Campaign 00388,Nurture,Phone,Completed,2023-11-13,2023-12-21,17770.66,USD,2023-07-18T00:00:00
389,Retention Social Campaign 00389,Retention,Social,Cancelled,2023-11-14,2023-12-01,11197.06,USD,2023-10-09T00:00:00
390,Retention Social Campaign 00390,Retention,Social,Completed,2024-12-22,2025-02-17,16106.60,USD,2024-11-16T00:00:00
391,CustomerEducation Phone Campaign 00391,CustomerEducation,Phone,Completed,2024-11-09,2025-02-26,6146.20,USD,2024-09-18T00:00:00
392,CustomerEducation Phone Campaign 00392,CustomerEducation,Phone,Completed,2026-03-22,2026-04-09,,USD,2026-01-09T00:00:00
393,Awareness Phone Campaign 00393,Awareness,Phone,Scheduled,2026-11-07,2026-12-20,,USD,2026-07-25T00:00:00
394,Nurture Web Campaign 00394,Nurture,Web,Completed,2024-11-05,2025-01-09,,USD,2024-10-10T00:00:00
395,Reengagement Email Campaign 00395,Reengagement,Email,Completed,2024-12-29,2025-02-24,15024.57,USD,2024-10-07T00:00:00
396,Reengagement Social Campaign 00396,Reengagement,Social,Active,2025-01-29,,,USD,2024-12-03T00:00:00
397,Awareness Web Campaign 00397,Awareness,Web,Completed,2023-06-24,2023-09-08,5759.36,USD,2023-05-08T00:00:00
398,CustomerEducation Web Campaign 00398,CustomerEducation,Web,Cancelled,2024-09-21,2024-12-27,7961.69,USD,2024-07-23T00:00:00
399,Retention Social Campaign 00399,Retention,Social,Completed,2026-02-28,2026-03-29,5630.93,USD,2026-02-09T00:00:00
400,Retention Email Campaign 00400,Retention,Email,Completed,2025-02-08,2025-04-14,8403.10,USD,2024-10-28T00:00:00
401,Nurture Webinar Campaign 00401,Nurture,Webinar,Completed,2023-09-16,2023-12-12,13420.28,USD,2023-06-16T00:00:00
402,Reengagement Phone Campaign 00402,Reengagement,Phone,Active,2025-11-16,,9361.63,USD,2025-11-09T00:00:00
403,Nurture Social Campaign 00403,Nurture,Social,Completed,2023-11-27,2023-12-04,114893.97,USD,2023-08-20T00:00:00
404,Nurture Web Campaign 00404,Nurture,Web,Draft,2026-09-13,,25731.29,USD,2026-07-14T00:00:00
405,Awareness Social Campaign 00405,Awareness,Social,Completed,2026-02-18,2026-03-15,5349.88,USD,2025-12-12T00:00:00
406,Nurture Phone Campaign 00406,Nurture,Phone,Completed,2023-09-23,2023-12-21,7533.62,USD,2023-07-28T00:00:00
407,Awareness Webinar Campaign 00407,Awareness,Webinar,Completed,2023-07-31,2023-10-02,5037.11,USD,2023-05-21T00:00:00
408,Reengagement Phone Campaign 00408,Reengagement,Phone,Active,2023-09-04,,5061.04,USD,2023-07-01T00:00:00
409,Awareness Social Campaign 00409,Awareness,Social,Active,2026-01-22,,43970.30,USD,2025-12-31T00:00:00
410,Retention Web Campaign 00410,Retention,Web,Completed,2026-01-30,2026-04-18,6943.42,USD,2026-01-25T00:00:00
411,Awareness Webinar Campaign 00411,Awareness,Webinar,Completed,2025-01-02,2025-04-20,17413.16,USD,2024-12-28T00:00:00
412,Retention Social Campaign 00412,Retention,Social,Active,2024-10-30,,26085.73,USD,2024-09-27T00:00:00
413,Awareness Web Campaign 00413,Awareness,Web,Completed,2023-08-24,2023-10-04,11585.19,USD,2023-05-08T00:00:00
414,Retention Email Campaign 00414,Retention,Email,Active,2026-02-21,,12630.13,USD,2025-12-08T00:00:00
415,Reengagement Social Campaign 00415,Reengagement,Social,Cancelled,2026-03-05,2026-06-28,11666.09,USD,2025-12-15T00:00:00
416,CustomerEducation Phone Campaign 00416,CustomerEducation,Phone,Completed,2025-12-15,2026-01-14,128857.18,USD,2025-08-22T00:00:00
417,Awareness Phone Campaign 00417,Awareness,Phone,Completed,2025-02-13,2025-04-13,,USD,2025-01-19T00:00:00
418,Awareness Phone Campaign 00418,Awareness,Phone,Scheduled,2026-10-31,2027-02-22,6813.48,USD,2026-08-01T00:00:00
419,Retention Email Campaign 00419,Retention,Email,Scheduled,2027-01-02,2027-04-18,8623.18,USD,2026-11-07T00:00:00
420,CustomerEducation Email Campaign 00420,CustomerEducation,Email,Active,2025-12-13,,5458.27,USD,2025-10-16T00:00:00
421,Awareness Event Campaign 00421,Awareness,Event,Completed,2024-10-21,2025-01-24,7199.62,USD,2024-08-06T00:00:00
422,CustomerEducation Email Campaign 00422,CustomerEducation,Email,Active,2025-12-13,,6349.70,USD,2025-11-13T00:00:00
423,Reengagement Social Campaign 00423,Reengagement,Social,Cancelled,2024-09-26,2024-12-02,7497.15,USD,2024-08-13T00:00:00
424,Reengagement Web Campaign 00424,Reengagement,Web,Active,2023-10-23,,5905.43,USD,2023-09-22T00:00:00
425,CustomerEducation Phone Campaign 00425,CustomerEducation,Phone,Completed,2024-12-04,2025-02-20,12560.43,USD,2024-10-21T00:00:00
426,CustomerEducation Web Campaign 00426,CustomerEducation,Web,Completed,2024-11-26,2024-12-19,10058.41,USD,2024-08-31T00:00:00
427,Reengagement Email Campaign 00427,Reengagement,Email,Cancelled,2026-01-07,2026-04-23,5698.12,USD,2025-12-03T00:00:00
428,CustomerEducation Webinar Campaign 00428,CustomerEducation,Webinar,Completed,2026-01-09,2026-03-24,28675.37,USD,2025-12-12T00:00:00
429,Retention Webinar Campaign 00429,Retention,Webinar,Draft,2027-01-02,,1639802.08,USD,2026-12-02T00:00:00
430,CustomerEducation Web Campaign 00430,CustomerEducation,Web,Completed,2023-09-29,2023-12-25,,USD,2023-09-15T00:00:00
431,Reengagement Social Campaign 00431,Reengagement,Social,Active,2023-11-18,,17227.69,USD,2023-10-06T00:00:00
432,Awareness Webinar Campaign 00432,Awareness,Webinar,Completed,2024-11-23,2025-03-20,565463.44,USD,2024-09-28T00:00:00
433,Awareness Webinar Campaign 00433,Awareness,Webinar,Scheduled,2026-12-29,2027-03-28,5776.61,USD,2026-09-01T00:00:00
434,Awareness Phone Campaign 00434,Awareness,Phone,Completed,2023-09-09,2023-12-09,13573.30,USD,2023-08-14T00:00:00
435,Awareness Phone Campaign 00435,Awareness,Phone,Completed,2025-11-12,2026-01-17,16311.33,USD,2025-08-28T00:00:00
436,Reengagement Webinar Campaign 00436,Reengagement,Webinar,Draft,2026-12-27,,6663.88,USD,2026-09-01T00:00:00
437,Reengagement Event Campaign 00437,Reengagement,Event,Completed,2026-03-10,2026-05-24,34185.65,USD,2026-02-28T00:00:00
438,Awareness Email Campaign 00438,Awareness,Email,Draft,2026-09-08,,5404.46,USD,2026-07-18T00:00:00
439,Nurture Phone Campaign 00439,Nurture,Phone,Cancelled,2023-08-30,2023-10-05,14228.43,USD,2023-08-02T00:00:00
440,Nurture Event Campaign 00440,Nurture,Event,Completed,2023-11-03,2024-02-10,5850.42,USD,2023-09-28T00:00:00
441,Retention Webinar Campaign 00441,Retention,Webinar,Active,2025-12-18,,7401.97,USD,2025-10-28T00:00:00
442,Awareness Social Campaign 00442,Awareness,Social,Completed,2023-10-06,2023-11-07,5584.21,USD,2023-07-26T00:00:00
443,Reengagement Web Campaign 00443,Reengagement,Web,Completed,2026-03-16,2026-04-10,8514.57,USD,2025-11-21T00:00:00
444,Nurture Social Campaign 00444,Nurture,Social,Active,2026-01-31,,,USD,2025-12-31T00:00:00
445,Reengagement Email Campaign 00445,Reengagement,Email,Scheduled,2026-09-02,2026-10-04,37662.85,USD,2026-05-28T00:00:00
446,Retention Web Campaign 00446,Retention,Web,Active,2026-01-04,,,USD,2025-09-30T00:00:00
447,Nurture Web Campaign 00447,Nurture,Web,Active,2024-11-09,,74815.08,USD,2024-07-18T00:00:00
448,CustomerEducation Event Campaign 00448,CustomerEducation,Event,Active,2023-09-02,,8588.92,USD,2023-06-16T00:00:00
449,Awareness Phone Campaign 00449,Awareness,Phone,Completed,2023-08-05,2023-11-30,6232.68,USD,2023-06-14T00:00:00
450,CustomerEducation Email Campaign 00450,CustomerEducation,Email,Completed,2023-07-30,2023-10-20,16277.20,USD,2023-06-18T00:00:00
451,Reengagement Event Campaign 00451,Reengagement,Event,Cancelled,2025-12-15,2026-01-16,7034.66,USD,2025-12-09T00:00:00
452,Retention Event Campaign 00452,Retention,Event,Completed,2023-10-30,2023-11-19,5582.20,USD,2023-09-11T00:00:00
453,Nurture Web Campaign 00453,Nurture,Web,Scheduled,2026-09-07,2026-12-24,10231.87,USD,2026-06-19T00:00:00
454,Awareness Phone Campaign 00454,Awareness,Phone,Scheduled,2026-11-07,2027-01-31,22965.65,USD,2026-08-28T00:00:00
455,CustomerEducation Event Campaign 00455,CustomerEducation,Event,Completed,2025-01-14,2025-04-18,7337.41,USD,2024-12-11T00:00:00
456,Reengagement Webinar Campaign 00456,Reengagement,Webinar,Completed,2025-02-26,2025-04-07,5161.84,USD,2025-01-31T00:00:00
457,Retention Social Campaign 00457,Retention,Social,Completed,2024-12-15,2025-03-23,13857.70,USD,2024-10-15T00:00:00
458,Reengagement Event Campaign 00458,Reengagement,Event,Completed,2023-09-20,2023-12-20,2000000.00,USD,2023-07-22T00:00:00
459,Awareness Event Campaign 00459,Awareness,Event,Completed,2024-11-19,2025-01-25,25044.29,USD,2024-07-23T00:00:00
460,Nurture Social Campaign 00460,Nurture,Social,Scheduled,2026-12-31,2027-02-13,,USD,2026-10-25T00:00:00
461,Reengagement Phone Campaign 00461,Reengagement,Phone,Scheduled,2026-11-13,2027-02-27,17771.38,USD,2026-09-13T00:00:00
462,Awareness Webinar Campaign 00462,Awareness,Webinar,Completed,2026-03-13,2026-06-09,,USD,2025-12-16T00:00:00
463,Reengagement Email Campaign 00463,Reengagement,Email,Scheduled,2026-11-12,2027-01-10,18253.63,USD,2026-07-15T00:00:00
464,Reengagement Social Campaign 00464,Reengagement,Social,Active,2023-09-18,,7803.81,USD,2023-07-07T00:00:00
465,Awareness Phone Campaign 00465,Awareness,Phone,Completed,2023-08-26,2023-11-19,6657.70,USD,2023-08-01T00:00:00
466,CustomerEducation Event Campaign 00466,CustomerEducation,Event,Completed,2023-08-10,2023-10-31,18341.23,USD,2023-06-07T00:00:00
467,Awareness Phone Campaign 00467,Awareness,Phone,Completed,2026-01-05,2026-04-22,5421.47,USD,2025-10-31T00:00:00
468,CustomerEducation Webinar Campaign 00468,CustomerEducation,Webinar,Draft,2027-01-10,,52377.19,USD,2026-10-17T00:00:00
469,Awareness Web Campaign 00469,Awareness,Web,Completed,2024-11-06,2025-02-28,65361.41,USD,2024-09-08T00:00:00
470,Awareness Event Campaign 00470,Awareness,Event,Completed,2025-01-29,2025-04-07,6062.53,USD,2024-11-06T00:00:00
471,Awareness Phone Campaign 00471,Awareness,Phone,Completed,2023-08-30,2023-10-10,7279.65,USD,2023-07-17T00:00:00
472,Nurture Event Campaign 00472,Nurture,Event,Completed,2023-09-06,2023-11-05,27125.63,USD,2023-05-16T00:00:00
473,Nurture Social Campaign 00473,Nurture,Social,Completed,2023-09-23,2023-09-30,8700.40,USD,2023-06-06T00:00:00
474,CustomerEducation Phone Campaign 00474,CustomerEducation,Phone,Completed,2024-10-05,2024-12-05,12794.09,USD,2024-08-28T00:00:00
475,Awareness Event Campaign 00475,Awareness,Event,Active,2026-01-12,,7039.45,USD,2025-10-15T00:00:00
476,CustomerEducation Event Campaign 00476,CustomerEducation,Event,Completed,2023-06-25,2023-10-18,,USD,2023-04-12T00:00:00
477,Awareness Email Campaign 00477,Awareness,Email,Active,2023-08-05,,7417.82,USD,2023-06-28T00:00:00
478,Reengagement Phone Campaign 00478,Reengagement,Phone,Completed,2026-01-22,2026-04-11,6714.98,USD,2025-11-15T00:00:00
479,Retention Event Campaign 00479,Retention,Event,Completed,2026-03-22,2026-05-30,6387.74,USD,2026-03-08T00:00:00
480,Nurture Social Campaign 00480,Nurture,Social,Active,2023-11-15,,6375.13,USD,2023-10-04T00:00:00
481,Awareness Phone Campaign 00481,Awareness,Phone,Cancelled,2025-12-11,2026-01-22,11725.22,USD,2025-11-30T00:00:00
482,CustomerEducation Event Campaign 00482,CustomerEducation,Event,Completed,2024-10-10,2025-01-13,6027.67,USD,2024-06-20T00:00:00
483,CustomerEducation Social Campaign 00483,CustomerEducation,Social,Draft,2027-01-08,,5111.59,USD,2026-09-28T00:00:00
484,Nurture Event Campaign 00484,Nurture,Event,Active,2024-09-20,,6428.53,USD,2024-06-16T00:00:00
485,Awareness Webinar Campaign 00485,Awareness,Webinar,Active,2024-11-05,,14618.12,USD,2024-10-11T00:00:00
486,Nurture Phone Campaign 00486,Nurture,Phone,Active,2024-10-13,,7192.33,USD,2024-09-12T00:00:00
487,Retention Event Campaign 00487,Retention,Event,Draft,2026-09-01,,7951.16,USD,2026-07-27T00:00:00
488,Nurture Social Campaign 00488,Nurture,Social,Completed,2023-12-25,2024-03-06,37207.43,USD,2023-08-28T00:00:00
489,Awareness Phone Campaign 00489,Awareness,Phone,Active,2026-01-24,,6279.14,USD,2025-10-25T00:00:00
490,Nurture Web Campaign 00490,Nurture,Web,Cancelled,2024-11-03,2024-12-17,11020.16,USD,2024-08-29T00:00:00
491,Reengagement Email Campaign 00491,Reengagement,Email,Draft,2026-09-04,,14818.15,USD,2026-06-12T00:00:00
492,Awareness Social Campaign 00492,Awareness,Social,Scheduled,2026-09-12,2026-11-09,257070.68,USD,2026-08-29T00:00:00
493,Awareness Social Campaign 00493,Awareness,Social,Completed,2023-11-19,2024-02-21,5230.96,USD,2023-09-20T00:00:00
494,Retention Social Campaign 00494,Retention,Social,Completed,2023-12-16,2024-01-13,6069.23,USD,2023-08-26T00:00:00
495,Retention Webinar Campaign 00495,Retention,Webinar,Completed,2024-09-22,2024-11-03,7200.96,USD,2024-06-21T00:00:00
496,Awareness Phone Campaign 00496,Awareness,Phone,Completed,2025-12-12,2026-01-22,12487.77,USD,2025-09-03T00:00:00
497,Awareness Email Campaign 00497,Awareness,Email,Scheduled,2026-09-05,2026-12-22,8603.02,USD,2026-08-01T00:00:00
498,Retention Event Campaign 00498,Retention,Event,Cancelled,2023-12-01,2024-02-04,,USD,2023-08-28T00:00:00
499,Nurture Social Campaign 00499,Nurture,Social,Completed,2023-11-19,2023-12-02,37800.69,USD,2023-09-30T00:00:00
500,CustomerEducation Webinar Campaign 00500,CustomerEducation,Webinar,Scheduled,2026-09-22,2027-01-19,8090.78,USD,2026-07-29T00:00:00
501,CustomerEducation Web Campaign 00501,CustomerEducation,Web,Completed,2023-09-14,2023-10-20,23900.90,USD,2023-05-23T00:00:00
502,Nurture Phone Campaign 00502,Nurture,Phone,Active,2025-03-06,,5113.10,USD,2025-01-09T00:00:00
503,Awareness Event Campaign 00503,Awareness,Event,Completed,2026-01-07,2026-01-22,31581.94,USD,2025-11-10T00:00:00
504,CustomerEducation Webinar Campaign 00504,CustomerEducation,Webinar,Completed,2024-12-31,2025-03-29,7919.50,USD,2024-11-17T00:00:00
505,Nurture Email Campaign 00505,Nurture,Email,Completed,2025-11-21,2026-02-09,35203.17,USD,2025-10-19T00:00:00
506,Nurture Email Campaign 00506,Nurture,Email,Scheduled,2026-09-14,2026-11-23,7329.14,USD,2026-05-20T00:00:00
507,Nurture Webinar Campaign 00507,Nurture,Webinar,Completed,2025-11-12,2025-12-25,10138.43,USD,2025-11-08T00:00:00
508,Awareness Web Campaign 00508,Awareness,Web,Cancelled,2026-01-19,2026-03-02,7701.99,USD,2025-12-31T00:00:00
509,Retention Event Campaign 00509,Retention,Event,Completed,2025-02-10,2025-03-26,,USD,2024-10-24T00:00:00
510,Reengagement Webinar Campaign 00510,Reengagement,Webinar,Active,2024-09-27,,20500.53,USD,2024-08-28T00:00:00
511,CustomerEducation Social Campaign 00511,CustomerEducation,Social,Draft,2026-11-04,,,USD,2026-10-19T00:00:00
512,Awareness Web Campaign 00512,Awareness,Web,Completed,2023-10-27,2023-12-24,24719.09,USD,2023-07-24T00:00:00
513,Awareness Webinar Campaign 00513,Awareness,Webinar,Draft,2026-11-07,,,USD,2026-09-27T00:00:00
514,Nurture Event Campaign 00514,Nurture,Event,Active,2023-10-22,,9430.51,USD,2023-09-26T00:00:00
515,Retention Social Campaign 00515,Retention,Social,Completed,2023-08-26,2023-09-13,7842.28,USD,2023-06-11T00:00:00
516,Retention Event Campaign 00516,Retention,Event,Completed,2026-04-11,2026-06-19,9443.46,USD,2026-01-20T00:00:00
517,Nurture Webinar Campaign 00517,Nurture,Webinar,Cancelled,2023-05-18,2023-08-18,5782.99,USD,2023-01-18T00:00:00
518,CustomerEducation Phone Campaign 00518,CustomerEducation,Phone,Scheduled,2027-01-14,2027-03-25,6247.20,USD,2026-09-27T00:00:00
519,Awareness Email Campaign 00519,Awareness,Email,Cancelled,2023-12-01,2024-03-21,5486.76,USD,2023-08-20T00:00:00
520,Reengagement Social Campaign 00520,Reengagement,Social,Draft,2026-11-07,,5388.47,USD,2026-08-09T00:00:00
521,Retention Email Campaign 00521,Retention,Email,Completed,2023-08-22,2023-10-28,7757.19,USD,2023-06-05T00:00:00
522,Awareness Web Campaign 00522,Awareness,Web,Completed,2023-09-23,2023-09-30,,USD,2023-08-31T00:00:00
523,Reengagement Phone Campaign 00523,Reengagement,Phone,Completed,2023-10-08,2023-12-10,,USD,2023-08-28T00:00:00
524,Nurture Web Campaign 00524,Nurture,Web,Active,2025-12-26,,8587.77,USD,2025-11-15T00:00:00
525,Reengagement Phone Campaign 00525,Reengagement,Phone,Active,2025-12-21,,8358.58,USD,2025-11-18T00:00:00
526,Retention Web Campaign 00526,Retention,Web,Scheduled,2026-09-02,2026-11-08,,USD,2026-07-06T00:00:00
527,Awareness Email Campaign 00527,Awareness,Email,Active,2023-08-24,,9242.08,USD,2023-05-28T00:00:00
528,Retention Phone Campaign 00528,Retention,Phone,Completed,2025-12-18,2026-03-05,25927.80,USD,2025-10-18T00:00:00
529,Retention Social Campaign 00529,Retention,Social,Cancelled,2024-10-06,2024-12-20,7888.38,USD,2024-08-09T00:00:00
530,Nurture Email Campaign 00530,Nurture,Email,Completed,2024-11-20,2025-02-19,30243.08,USD,2024-10-09T00:00:00
531,Awareness Phone Campaign 00531,Awareness,Phone,Cancelled,2025-11-23,2026-02-18,5891.92,USD,2025-09-08T00:00:00
532,Nurture Phone Campaign 00532,Nurture,Phone,Cancelled,2024-12-25,2025-04-23,7228.75,USD,2024-12-14T00:00:00
533,Reengagement Web Campaign 00533,Reengagement,Web,Completed,2023-09-22,2024-01-19,12397.85,USD,2023-08-24T00:00:00
534,CustomerEducation Event Campaign 00534,CustomerEducation,Event,Active,2026-01-21,,,USD,2025-12-08T00:00:00
535,Reengagement Webinar Campaign 00535,Reengagement,Webinar,Active,2026-02-02,,27056.14,USD,2025-11-09T00:00:00
536,Retention Event Campaign 00536,Retention,Event,Completed,2025-01-18,2025-04-10,10853.26,USD,2024-11-29T00:00:00
537,Reengagement Social Campaign 00537,Reengagement,Social,Active,2024-11-29,,24435.21,USD,2024-11-04T00:00:00
538,Retention Webinar Campaign 00538,Retention,Webinar,Draft,2026-09-11,,9979.16,USD,2026-08-15T00:00:00
539,Reengagement Event Campaign 00539,Reengagement,Event,Completed,2025-12-20,2026-04-07,23854.96,USD,2025-11-01T00:00:00
540,Retention Social Campaign 00540,Retention,Social,Completed,2023-11-20,2023-12-18,6822.02,USD,2023-11-19T00:00:00
541,Awareness Webinar Campaign 00541,Awareness,Webinar,Completed,2026-01-20,2026-03-10,11647.31,USD,2025-11-06T00:00:00
542,Reengagement Email Campaign 00542,Reengagement,Email,Draft,2027-01-10,,5371.71,USD,2026-10-12T00:00:00
543,Reengagement Phone Campaign 00543,Reengagement,Phone,Active,2026-01-02,,15025.33,USD,2025-09-28T00:00:00
544,CustomerEducation Event Campaign 00544,CustomerEducation,Event,Active,2024-11-28,,10782.92,USD,2024-09-05T00:00:00
545,Reengagement Event Campaign 00545,Reengagement,Event,Scheduled,2026-12-14,2027-02-23,28534.44,USD,2026-10-26T00:00:00
546,Retention Web Campaign 00546,Retention,Web,Active,2025-10-22,,7275.72,USD,2025-08-13T00:00:00
547,Awareness Email Campaign 00547,Awareness,Email,Completed,2024-12-31,2025-03-16,8683.14,USD,2024-11-03T00:00:00
548,Retention Webinar Campaign 00548,Retention,Webinar,Scheduled,2026-08-28,2026-09-27,18187.48,USD,2026-05-09T00:00:00
549,Awareness Webinar Campaign 00549,Awareness,Webinar,Completed,2023-08-13,2023-08-23,5064.43,USD,2023-05-22T00:00:00
550,Awareness Social Campaign 00550,Awareness,Social,Cancelled,2023-09-23,2023-12-15,7803.18,USD,2023-07-26T00:00:00
551,Retention Event Campaign 00551,Retention,Event,Completed,2023-07-26,2023-11-18,6827.96,USD,2023-06-17T00:00:00
552,Nurture Phone Campaign 00552,Nurture,Phone,Active,2024-12-24,,9328.43,USD,2024-08-26T00:00:00
553,Nurture Social Campaign 00553,Nurture,Social,Scheduled,2027-01-03,2027-03-03,6909.32,USD,2026-11-02T00:00:00
554,Retention Email Campaign 00554,Retention,Email,Active,2023-11-30,,34470.75,USD,2023-11-15T00:00:00
555,Nurture Event Campaign 00555,Nurture,Event,Draft,2027-01-05,,99399.14,USD,2026-09-16T00:00:00
556,CustomerEducation Webinar Campaign 00556,CustomerEducation,Webinar,Cancelled,2025-01-28,2025-04-06,6543.61,USD,2024-12-07T00:00:00
557,Reengagement Webinar Campaign 00557,Reengagement,Webinar,Active,2023-08-05,,7311.71,USD,2023-07-04T00:00:00
558,Retention Social Campaign 00558,Retention,Social,Completed,2026-02-22,2026-03-19,5918.13,USD,2026-01-14T00:00:00
559,Reengagement Event Campaign 00559,Reengagement,Event,Completed,2026-02-14,2026-05-01,,USD,2025-12-05T00:00:00
560,Retention Phone Campaign 00560,Retention,Phone,Scheduled,2026-11-10,2027-03-01,28061.31,USD,2026-09-17T00:00:00
561,Nurture Event Campaign 00561,Nurture,Event,Active,2026-01-30,,13291.87,USD,2025-10-03T00:00:00
562,Nurture Event Campaign 00562,Nurture,Event,Active,2025-01-13,,7462.65,USD,2024-12-15T00:00:00
563,CustomerEducation Event Campaign 00563,CustomerEducation,Event,Completed,2025-12-25,2026-04-04,9772.08,USD,2025-09-29T00:00:00
564,Awareness Webinar Campaign 00564,Awareness,Webinar,Completed,2024-11-28,2025-02-11,8488.47,USD,2024-09-25T00:00:00
565,CustomerEducation Phone Campaign 00565,CustomerEducation,Phone,Completed,2023-09-01,2023-11-24,9036.45,USD,2023-07-03T00:00:00
566,Reengagement Social Campaign 00566,Reengagement,Social,Completed,2026-02-03,2026-04-02,22221.18,USD,2025-10-30T00:00:00
567,Retention Email Campaign 00567,Retention,Email,Completed,2024-12-29,2025-03-08,5391.09,USD,2024-11-11T00:00:00
568,Retention Phone Campaign 00568,Retention,Phone,Active,2024-11-19,,5337.72,USD,2024-08-29T00:00:00
569,Retention Email Campaign 00569,Retention,Email,Completed,2026-01-03,2026-03-16,7062.44,USD,2025-10-16T00:00:00
570,Nurture Email Campaign 00570,Nurture,Email,Cancelled,2026-01-15,2026-03-22,28845.07,USD,2025-12-29T00:00:00
571,CustomerEducation Event Campaign 00571,CustomerEducation,Event,Scheduled,2026-12-25,2027-03-07,6011.70,USD,2026-11-21T00:00:00
572,Reengagement Social Campaign 00572,Reengagement,Social,Scheduled,2026-11-13,2027-01-17,6641.48,USD,2026-11-03T00:00:00
573,Nurture Email Campaign 00573,Nurture,Email,Scheduled,2027-01-05,2027-02-19,,USD,2026-10-15T00:00:00
574,Retention Phone Campaign 00574,Retention,Phone,Completed,2025-02-08,2025-05-13,8204.44,USD,2024-11-22T00:00:00
575,Retention Social Campaign 00575,Retention,Social,Active,2023-08-15,,8046.25,USD,2023-07-07T00:00:00
576,Retention Event Campaign 00576,Retention,Event,Completed,2023-08-13,2023-10-01,5891.70,USD,2023-05-02T00:00:00
577,CustomerEducation Event Campaign 00577,CustomerEducation,Event,Active,2025-01-12,,20588.88,USD,2024-12-19T00:00:00
578,Retention Phone Campaign 00578,Retention,Phone,Active,2023-10-23,,14475.27,USD,2023-09-26T00:00:00
579,Awareness Event Campaign 00579,Awareness,Event,Scheduled,2027-01-07,2027-03-29,5069.17,USD,2026-10-27T00:00:00
580,Retention Phone Campaign 00580,Retention,Phone,Completed,2025-10-30,2026-01-07,11405.77,USD,2025-07-19T00:00:00
581,Retention Event Campaign 00581,Retention,Event,Active,2025-11-16,,,USD,2025-07-28T00:00:00
582,CustomerEducation Email Campaign 00582,CustomerEducation,Email,Completed,2023-08-10,2023-10-07,24323.13,USD,2023-06-03T00:00:00
583,Awareness Event Campaign 00583,Awareness,Event,Draft,2026-09-07,,6710.18,USD,2026-07-23T00:00:00
584,CustomerEducation Event Campaign 00584,CustomerEducation,Event,Scheduled,2027-01-02,2027-03-15,6706.44,USD,2026-10-23T00:00:00
585,Awareness Web Campaign 00585,Awareness,Web,Completed,2026-04-13,2026-05-25,17096.20,USD,2026-04-06T00:00:00
586,Retention Event Campaign 00586,Retention,Event,Scheduled,2026-11-10,2027-02-05,10023.72,USD,2026-09-09T00:00:00
587,Reengagement Event Campaign 00587,Reengagement,Event,Draft,2026-09-09,,5614.48,USD,2026-09-01T00:00:00
588,Awareness Phone Campaign 00588,Awareness,Phone,Active,2025-10-16,,10261.63,USD,2025-08-11T00:00:00
589,Retention Social Campaign 00589,Retention,Social,Completed,2024-12-11,2025-01-13,5182.41,USD,2024-10-15T00:00:00
590,CustomerEducation Event Campaign 00590,CustomerEducation,Event,Draft,2026-10-29,,,USD,2026-07-12T00:00:00
591,CustomerEducation Event Campaign 00591,CustomerEducation,Event,Completed,2024-12-23,2025-02-22,,USD,2024-08-27T00:00:00
592,Retention Event Campaign 00592,Retention,Event,Scheduled,2026-09-09,2026-10-09,10541.40,USD,2026-09-06T00:00:00
593,CustomerEducation Event Campaign 00593,CustomerEducation,Event,Completed,2023-07-18,2023-11-04,8757.33,USD,2023-07-03T00:00:00
594,Nurture Webinar Campaign 00594,Nurture,Webinar,Completed,2025-01-05,2025-02-08,11462.71,USD,2024-12-05T00:00:00
595,Nurture Web Campaign 00595,Nurture,Web,Scheduled,2026-12-16,2027-01-25,11610.79,USD,2026-11-28T00:00:00
596,CustomerEducation Web Campaign 00596,CustomerEducation,Web,Draft,2026-08-31,,6073.37,USD,2026-08-09T00:00:00
597,Retention Social Campaign 00597,Retention,Social,Completed,2024-10-13,2025-01-25,17474.24,USD,2024-09-16T00:00:00
598,Reengagement Phone Campaign 00598,Reengagement,Phone,Cancelled,2024-12-28,2025-04-08,8860.15,USD,2024-09-22T00:00:00
599,Nurture Event Campaign 00599,Nurture,Event,Draft,2026-09-07,,16271.13,USD,2026-08-06T00:00:00
600,CustomerEducation Phone Campaign 00600,CustomerEducation,Phone,Completed,2023-08-18,2023-10-21,16477.93,USD,2023-06-05T00:00:00
601,CustomerEducation Phone Campaign 00601,CustomerEducation,Phone,Completed,2023-07-14,2023-10-29,29504.70,USD,2023-07-09T00:00:00
602,Retention Phone Campaign 00602,Retention,Phone,Completed,2024-11-22,2025-02-21,,USD,2024-11-20T00:00:00
603,Awareness Social Campaign 00603,Awareness,Social,Active,2026-02-13,,9096.82,USD,2025-10-25T00:00:00
604,Reengagement Event Campaign 00604,Reengagement,Event,Active,2025-02-03,,16384.91,USD,2024-12-14T00:00:00
605,Retention Web Campaign 00605,Retention,Web,Draft,2027-01-04,,10737.95,USD,2026-09-13T00:00:00
606,Awareness Webinar Campaign 00606,Awareness,Webinar,Completed,2024-12-16,2025-03-14,6429.79,USD,2024-12-02T00:00:00
607,CustomerEducation Webinar Campaign 00607,CustomerEducation,Webinar,Completed,2025-03-07,2025-03-27,7781.69,USD,2025-02-21T00:00:00
608,Retention Phone Campaign 00608,Retention,Phone,Completed,2025-12-13,2026-02-24,,USD,2025-09-12T00:00:00
609,CustomerEducation Phone Campaign 00609,CustomerEducation,Phone,Cancelled,2024-12-24,2025-04-08,6430.67,USD,2024-09-29T00:00:00
610,CustomerEducation Social Campaign 00610,CustomerEducation,Social,Active,2025-12-28,,6067.09,USD,2025-10-22T00:00:00
611,Reengagement Social Campaign 00611,Reengagement,Social,Cancelled,2023-11-22,2023-12-10,7877.35,USD,2023-08-19T00:00:00
612,Awareness Email Campaign 00612,Awareness,Email,Completed,2025-11-17,2025-12-17,6165.49,USD,2025-10-17T00:00:00
613,Nurture Social Campaign 00613,Nurture,Social,Scheduled,2026-11-06,2027-01-09,5231.87,USD,2026-08-17T00:00:00
614,Awareness Phone Campaign 00614,Awareness,Phone,Completed,2025-01-01,2025-04-10,35838.37,USD,2024-12-27T00:00:00
615,Nurture Email Campaign 00615,Nurture,Email,Active,2023-09-18,,203965.08,USD,2023-06-01T00:00:00
616,Reengagement Event Campaign 00616,Reengagement,Event,Scheduled,2026-09-09,2026-12-30,19447.56,USD,2026-07-17T00:00:00
617,Nurture Webinar Campaign 00617,Nurture,Webinar,Completed,2025-10-24,2025-11-17,20432.36,USD,2025-09-17T00:00:00
618,Nurture Webinar Campaign 00618,Nurture,Webinar,Draft,2026-10-29,,5104.01,USD,2026-09-04T00:00:00
619,Nurture Event Campaign 00619,Nurture,Event,Completed,2024-11-28,2024-12-05,,USD,2024-10-05T00:00:00
620,CustomerEducation Social Campaign 00620,CustomerEducation,Social,Completed,2026-01-08,2026-02-12,8056.57,USD,2025-10-18T00:00:00
621,Retention Email Campaign 00621,Retention,Email,Completed,2023-10-28,2023-12-22,6615.73,USD,2023-09-05T00:00:00
622,Retention Phone Campaign 00622,Retention,Phone,Completed,2024-09-29,2024-11-20,8476.64,USD,2024-06-20T00:00:00
623,Reengagement Social Campaign 00623,Reengagement,Social,Scheduled,2026-08-31,2026-12-13,11512.34,USD,2026-07-18T00:00:00
624,Nurture Event Campaign 00624,Nurture,Event,Active,2024-11-28,,7503.28,USD,2024-09-25T00:00:00
625,Retention Webinar Campaign 00625,Retention,Webinar,Completed,2025-12-23,2026-02-03,17538.96,USD,2025-12-09T00:00:00
626,Awareness Email Campaign 00626,Awareness,Email,Completed,2025-12-27,2026-03-03,24005.04,USD,2025-12-13T00:00:00
627,CustomerEducation Webinar Campaign 00627,CustomerEducation,Webinar,Completed,2025-03-04,2025-06-04,48224.37,USD,2024-11-22T00:00:00
628,Nurture Webinar Campaign 00628,Nurture,Webinar,Scheduled,2026-11-10,2026-12-13,6149.22,USD,2026-07-20T00:00:00
629,Retention Event Campaign 00629,Retention,Event,Completed,2026-01-07,2026-05-07,,USD,2025-12-04T00:00:00
630,Reengagement Phone Campaign 00630,Reengagement,Phone,Completed,2025-12-30,2026-02-14,6103.60,USD,2025-12-25T00:00:00
631,CustomerEducation Web Campaign 00631,CustomerEducation,Web,Active,2024-11-12,,9238.95,USD,2024-10-24T00:00:00
632,Nurture Event Campaign 00632,Nurture,Event,Active,2023-09-26,,34387.59,USD,2023-06-06T00:00:00
633,Retention Social Campaign 00633,Retention,Social,Completed,2025-12-26,2026-03-27,21761.40,USD,2025-10-10T00:00:00
634,Nurture Web Campaign 00634,Nurture,Web,Scheduled,2026-09-18,2026-12-09,,USD,2026-07-06T00:00:00
635,Reengagement Email Campaign 00635,Reengagement,Email,Completed,2025-01-04,2025-03-28,16614.68,USD,2024-12-26T00:00:00
636,Retention Web Campaign 00636,Retention,Web,Completed,2025-02-09,2025-05-20,12471.57,USD,2024-11-05T00:00:00
637,Awareness Webinar Campaign 00637,Awareness,Webinar,Completed,2025-12-26,2026-03-17,5080.25,USD,2025-12-01T00:00:00
638,CustomerEducation Email Campaign 00638,CustomerEducation,Email,Scheduled,2026-08-26,2026-10-06,38087.23,USD,2026-06-02T00:00:00
639,CustomerEducation Event Campaign 00639,CustomerEducation,Event,Completed,2025-11-23,2026-03-07,29486.77,USD,2025-07-26T00:00:00
640,Awareness Web Campaign 00640,Awareness,Web,Completed,2023-09-09,2023-09-26,400218.90,USD,2023-07-16T00:00:00
641,Reengagement Email Campaign 00641,Reengagement,Email,Cancelled,2023-11-09,2024-02-06,6660.46,USD,2023-09-23T00:00:00
642,Retention Web Campaign 00642,Retention,Web,Completed,2025-02-05,2025-02-16,16904.06,USD,2024-12-24T00:00:00
643,Nurture Social Campaign 00643,Nurture,Social,Completed,2024-12-23,2025-02-21,17955.22,USD,2024-11-13T00:00:00
644,Awareness Web Campaign 00644,Awareness,Web,Cancelled,2023-07-23,2023-08-28,9064.12,USD,2023-07-01T00:00:00
645,Reengagement Web Campaign 00645,Reengagement,Web,Active,2025-11-24,,43152.95,USD,2025-09-06T00:00:00
646,Reengagement Webinar Campaign 00646,Reengagement,Webinar,Draft,2026-11-11,,5006.17,USD,2026-10-26T00:00:00
647,Retention Web Campaign 00647,Retention,Web,Cancelled,2023-08-07,2023-10-01,6806.21,USD,2023-07-13T00:00:00
648,Awareness Social Campaign 00648,Awareness,Social,Completed,2023-07-14,2023-08-16,5656.09,USD,2023-06-07T00:00:00
649,CustomerEducation Webinar Campaign 00649,CustomerEducation,Webinar,Active,2023-08-16,,16506.44,USD,2023-05-02T00:00:00
650,Retention Webinar Campaign 00650,Retention,Webinar,Completed,2025-02-13,2025-04-11,5839.37,USD,2024-10-28T00:00:00
651,CustomerEducation Event Campaign 00651,CustomerEducation,Event,Cancelled,2023-12-05,2024-01-02,6165.63,USD,2023-11-11T00:00:00
652,CustomerEducation Webinar Campaign 00652,CustomerEducation,Webinar,Completed,2023-10-22,2023-12-16,8876.27,USD,2023-08-27T00:00:00
653,Reengagement Webinar Campaign 00653,Reengagement,Webinar,Scheduled,2026-11-08,2026-12-25,16424.39,USD,2026-08-11T00:00:00
654,Awareness Webinar Campaign 00654,Awareness,Webinar,Completed,2025-03-20,2025-05-20,,USD,2025-03-19T00:00:00
655,Retention Webinar Campaign 00655,Retention,Webinar,Draft,2026-09-19,,7134.85,USD,2026-08-20T00:00:00
656,CustomerEducation Social Campaign 00656,CustomerEducation,Social,Cancelled,2024-11-18,2025-02-25,17541.84,USD,2024-08-21T00:00:00
657,Reengagement Webinar Campaign 00657,Reengagement,Webinar,Draft,2026-11-05,,78733.70,USD,2026-07-19T00:00:00
658,Awareness Email Campaign 00658,Awareness,Email,Completed,2025-02-14,2025-05-17,8075.45,USD,2025-01-07T00:00:00
659,Awareness Email Campaign 00659,Awareness,Email,Draft,2027-01-03,,72834.96,USD,2026-11-15T00:00:00
660,Awareness Event Campaign 00660,Awareness,Event,Scheduled,2026-12-26,2027-03-18,33666.72,USD,2026-09-08T00:00:00
661,CustomerEducation Event Campaign 00661,CustomerEducation,Event,Active,2024-09-29,,9871.75,USD,2024-08-11T00:00:00
662,Retention Webinar Campaign 00662,Retention,Webinar,Active,2025-10-13,,7724.91,USD,2025-08-10T00:00:00
663,CustomerEducation Email Campaign 00663,CustomerEducation,Email,Completed,2023-09-09,2023-10-20,5041.21,USD,2023-08-13T00:00:00
664,Awareness Web Campaign 00664,Awareness,Web,Cancelled,2023-08-31,2023-09-12,15421.49,USD,2023-06-14T00:00:00
665,Awareness Web Campaign 00665,Awareness,Web,Completed,2024-12-20,2025-03-17,7750.41,USD,2024-11-21T00:00:00
666,Retention Web Campaign 00666,Retention,Web,Active,2023-10-24,,28054.18,USD,2023-10-11T00:00:00
667,Awareness Web Campaign 00667,Awareness,Web,Completed,2026-01-21,2026-03-10,28775.85,USD,2025-11-07T00:00:00
668,Retention Email Campaign 00668,Retention,Email,Completed,2026-02-12,2026-02-22,6835.58,USD,2025-10-18T00:00:00
669,Nurture Web Campaign 00669,Nurture,Web,Completed,2025-01-05,2025-04-19,10656.23,USD,2024-10-06T00:00:00
670,Retention Phone Campaign 00670,Retention,Phone,Completed,2025-01-17,2025-04-27,11333.52,USD,2024-12-07T00:00:00
671,CustomerEducation Web Campaign 00671,CustomerEducation,Web,Completed,2025-01-09,2025-04-25,,USD,2024-09-25T00:00:00
672,Reengagement Phone Campaign 00672,Reengagement,Phone,Cancelled,2025-01-25,2025-04-28,6714.55,USD,2024-10-13T00:00:00
673,CustomerEducation Event Campaign 00673,CustomerEducation,Event,Completed,2025-10-03,2026-01-23,,USD,2025-06-06T00:00:00
674,Retention Event Campaign 00674,Retention,Event,Completed,2024-10-03,2024-10-28,7185.59,USD,2024-08-30T00:00:00
675,Reengagement Webinar Campaign 00675,Reengagement,Webinar,Completed,2025-01-30,2025-02-17,,USD,2024-10-07T00:00:00
676,Reengagement Social Campaign 00676,Reengagement,Social,Active,2025-11-04,,138543.20,USD,2025-07-13T00:00:00
677,Nurture Web Campaign 00677,Nurture,Web,Draft,2026-09-13,,9093.43,USD,2026-08-04T00:00:00
678,CustomerEducation Email Campaign 00678,CustomerEducation,Email,Completed,2024-12-22,2025-02-05,11163.39,USD,2024-09-08T00:00:00
679,Retention Email Campaign 00679,Retention,Email,Active,2025-02-26,,8225.77,USD,2024-12-31T00:00:00
680,Nurture Phone Campaign 00680,Nurture,Phone,Active,2025-12-30,,49538.39,USD,2025-10-27T00:00:00
681,Nurture Web Campaign 00681,Nurture,Web,Cancelled,2024-01-31,2024-02-23,15394.43,USD,2024-01-22T00:00:00
682,Reengagement Social Campaign 00682,Reengagement,Social,Scheduled,2026-12-26,2027-01-27,5641.88,USD,2026-09-22T00:00:00
683,Nurture Webinar Campaign 00683,Nurture,Webinar,Completed,2026-02-20,2026-04-12,5722.51,USD,2025-12-09T00:00:00
684,Reengagement Phone Campaign 00684,Reengagement,Phone,Completed,2024-10-22,2025-02-19,12815.67,USD,2024-09-14T00:00:00
685,Reengagement Event Campaign 00685,Reengagement,Event,Completed,2023-11-07,2024-02-06,12668.47,USD,2023-09-14T00:00:00
686,Retention Social Campaign 00686,Retention,Social,Active,2023-10-13,,,USD,2023-06-15T00:00:00
687,Reengagement Phone Campaign 00687,Reengagement,Phone,Active,2023-09-29,,19273.44,USD,2023-08-24T00:00:00
688,Awareness Web Campaign 00688,Awareness,Web,Active,2023-09-20,,,USD,2023-08-18T00:00:00
689,Retention Webinar Campaign 00689,Retention,Webinar,Cancelled,2025-01-17,2025-04-14,10080.72,USD,2024-10-02T00:00:00
690,Nurture Web Campaign 00690,Nurture,Web,Scheduled,2027-01-10,2027-04-10,7690.85,USD,2026-10-23T00:00:00
691,Awareness Event Campaign 00691,Awareness,Event,Completed,2023-10-30,2023-12-14,7823.71,USD,2023-07-20T00:00:00
692,Awareness Email Campaign 00692,Awareness,Email,Active,2024-12-20,,5536.31,USD,2024-11-12T00:00:00
693,Reengagement Email Campaign 00693,Reengagement,Email,Scheduled,2026-11-03,2027-02-07,21119.41,USD,2026-10-08T00:00:00
694,Awareness Webinar Campaign 00694,Awareness,Webinar,Cancelled,2023-10-11,2024-01-22,5705.83,USD,2023-08-07T00:00:00
695,CustomerEducation Webinar Campaign 00695,CustomerEducation,Webinar,Scheduled,2027-01-02,2027-03-08,19087.53,USD,2026-09-24T00:00:00
696,CustomerEducation Webinar Campaign 00696,CustomerEducation,Webinar,Cancelled,2024-12-16,2025-02-01,12003.71,USD,2024-10-12T00:00:00
697,Nurture Email Campaign 00697,Nurture,Email,Completed,2023-11-10,2024-02-25,8020.83,USD,2023-09-12T00:00:00
698,Awareness Email Campaign 00698,Awareness,Email,Completed,2023-09-22,2023-11-03,9487.71,USD,2023-06-03T00:00:00
699,Retention Event Campaign 00699,Retention,Event,Scheduled,2027-01-05,2027-02-04,6983.21,USD,2026-12-09T00:00:00
700,Reengagement Webinar Campaign 00700,Reengagement,Webinar,Completed,2025-12-09,2026-03-29,5075.43,USD,2025-10-13T00:00:00
701,Retention Email Campaign 00701,Retention,Email,Completed,2025-01-26,2025-03-13,6303.49,USD,2025-01-16T00:00:00
702,CustomerEducation Email Campaign 00702,CustomerEducation,Email,Scheduled,2026-09-17,2026-10-17,,USD,2026-09-13T00:00:00
703,Retention Email Campaign 00703,Retention,Email,Active,2023-10-02,,7469.88,USD,2023-07-25T00:00:00
704,Reengagement Email Campaign 00704,Reengagement,Email,Cancelled,2024-11-20,2025-03-17,,USD,2024-09-17T00:00:00
705,Retention Web Campaign 00705,Retention,Web,Completed,2025-02-26,2025-05-30,6163.18,USD,2024-11-18T00:00:00
706,Retention Web Campaign 00706,Retention,Web,Draft,2026-11-13,,19191.39,USD,2026-10-17T00:00:00
707,Nurture Event Campaign 00707,Nurture,Event,Active,2025-11-12,,5050.19,USD,2025-09-13T00:00:00
708,Awareness Social Campaign 00708,Awareness,Social,Completed,2023-09-10,2023-09-24,15528.80,USD,2023-07-03T00:00:00
709,CustomerEducation Phone Campaign 00709,CustomerEducation,Phone,Active,2026-01-15,,10820.68,USD,2025-12-28T00:00:00
710,Reengagement Event Campaign 00710,Reengagement,Event,Completed,2026-02-09,2026-03-12,8589.63,USD,2025-11-10T00:00:00
711,Reengagement Email Campaign 00711,Reengagement,Email,Completed,2023-07-24,2023-10-11,5212.62,USD,2023-03-26T00:00:00
712,Retention Web Campaign 00712,Retention,Web,Scheduled,2026-09-17,2026-12-20,7383.93,USD,2026-06-21T00:00:00
713,Retention Phone Campaign 00713,Retention,Phone,Active,2026-03-21,,5604.69,USD,2026-03-11T00:00:00
714,CustomerEducation Web Campaign 00714,CustomerEducation,Web,Active,2025-02-17,,6097.22,USD,2025-01-21T00:00:00
715,Awareness Email Campaign 00715,Awareness,Email,Draft,2026-09-09,,10316.94,USD,2026-07-05T00:00:00
716,Reengagement Webinar Campaign 00716,Reengagement,Webinar,Active,2026-01-01,,5878.77,USD,2025-09-17T00:00:00
717,Retention Web Campaign 00717,Retention,Web,Active,2025-01-26,,9831.82,USD,2024-10-30T00:00:00
718,CustomerEducation Webinar Campaign 00718,CustomerEducation,Webinar,Draft,2026-09-02,,126113.06,USD,2026-06-15T00:00:00
719,Reengagement Social Campaign 00719,Reengagement,Social,Completed,2026-03-02,2026-03-09,10457.39,USD,2025-11-11T00:00:00
720,Retention Event Campaign 00720,Retention,Event,Active,2025-01-21,,280705.49,USD,2024-12-16T00:00:00
721,Awareness Social Campaign 00721,Awareness,Social,Active,2023-09-08,,,USD,2023-07-10T00:00:00
722,CustomerEducation Social Campaign 00722,CustomerEducation,Social,Completed,2023-10-06,2023-11-19,7337.56,USD,2023-07-02T00:00:00
723,Nurture Web Campaign 00723,Nurture,Web,Completed,2026-01-25,2026-02-13,6320.96,USD,2025-11-09T00:00:00
724,Nurture Social Campaign 00724,Nurture,Social,Cancelled,2023-10-03,2023-12-20,5922.48,USD,2023-08-16T00:00:00
725,Awareness Email Campaign 00725,Awareness,Email,Completed,2024-10-15,2024-12-19,5017.25,USD,2024-08-29T00:00:00
726,Reengagement Web Campaign 00726,Reengagement,Web,Completed,2023-09-02,2023-09-20,6020.00,USD,2023-05-12T00:00:00
727,Retention Social Campaign 00727,Retention,Social,Completed,2023-10-03,2023-10-22,5226.24,USD,2023-07-19T00:00:00
728,Retention Email Campaign 00728,Retention,Email,Completed,2023-08-18,2023-09-13,8408.01,USD,2023-06-19T00:00:00
729,Reengagement Social Campaign 00729,Reengagement,Social,Completed,2023-11-12,2024-01-15,5566.59,USD,2023-08-24T00:00:00
730,Reengagement Phone Campaign 00730,Reengagement,Phone,Completed,2026-01-20,2026-03-30,23791.90,USD,2025-10-30T00:00:00
731,Retention Web Campaign 00731,Retention,Web,Completed,2025-03-25,2025-04-27,,USD,2025-02-24T00:00:00
732,Reengagement Email Campaign 00732,Reengagement,Email,Completed,2023-10-16,2024-01-21,6184.80,USD,2023-08-25T00:00:00
733,CustomerEducation Event Campaign 00733,CustomerEducation,Event,Completed,2026-01-15,2026-01-26,5346.82,USD,2025-10-13T00:00:00
734,Nurture Event Campaign 00734,Nurture,Event,Completed,2023-09-19,2023-10-18,5149.41,USD,2023-09-11T00:00:00
735,Awareness Web Campaign 00735,Awareness,Web,Cancelled,2023-12-09,2024-02-26,58233.74,USD,2023-10-26T00:00:00
736,Retention Webinar Campaign 00736,Retention,Webinar,Completed,2026-02-08,2026-03-09,5901.70,USD,2025-12-13T00:00:00
737,Nurture Event Campaign 00737,Nurture,Event,Completed,2024-09-19,2024-11-20,42509.00,USD,2024-07-22T00:00:00
738,Reengagement Webinar Campaign 00738,Reengagement,Webinar,Completed,2024-11-11,2024-12-22,50930.62,USD,2024-07-21T00:00:00
739,Reengagement Phone Campaign 00739,Reengagement,Phone,Draft,2027-01-09,,9408.64,USD,2026-09-17T00:00:00
740,Retention Web Campaign 00740,Retention,Web,Completed,2023-10-14,2023-12-06,,USD,2023-08-27T00:00:00
741,CustomerEducation Social Campaign 00741,CustomerEducation,Social,Scheduled,2026-09-01,2026-11-20,11639.09,USD,2026-08-19T00:00:00
742,CustomerEducation Phone Campaign 00742,CustomerEducation,Phone,Cancelled,2023-08-26,2023-10-07,20735.90,USD,2023-05-24T00:00:00
743,Nurture Webinar Campaign 00743,Nurture,Webinar,Cancelled,2023-07-25,2023-11-22,8715.70,USD,2023-07-13T00:00:00
744,Retention Phone Campaign 00744,Retention,Phone,Completed,2024-11-30,2025-03-03,6026.46,USD,2024-11-08T00:00:00
745,Retention Social Campaign 00745,Retention,Social,Completed,2023-07-09,2023-09-18,9795.63,USD,2023-07-01T00:00:00
746,Nurture Phone Campaign 00746,Nurture,Phone,Completed,2026-02-14,2026-04-03,,USD,2026-01-23T00:00:00
747,Retention Webinar Campaign 00747,Retention,Webinar,Scheduled,2026-12-30,2027-02-18,288066.11,USD,2026-09-13T00:00:00
748,Nurture Email Campaign 00748,Nurture,Email,Completed,2024-12-05,2025-01-08,5914.13,USD,2024-09-30T00:00:00
749,Reengagement Phone Campaign 00749,Reengagement,Phone,Completed,2024-10-04,2024-10-20,5612.32,USD,2024-08-08T00:00:00
750,Awareness Social Campaign 00750,Awareness,Social,Cancelled,2025-01-05,2025-01-28,9631.44,USD,2024-10-15T00:00:00
751,Retention Web Campaign 00751,Retention,Web,Cancelled,2025-11-09,2026-01-16,13320.61,USD,2025-09-28T00:00:00
752,Reengagement Social Campaign 00752,Reengagement,Social,Active,2023-08-12,,5944.74,USD,2023-06-04T00:00:00
753,Awareness Event Campaign 00753,Awareness,Event,Cancelled,2023-07-17,2023-09-15,8073.02,USD,2023-04-10T00:00:00
754,Nurture Web Campaign 00754,Nurture,Web,Completed,2023-08-30,2023-11-02,156062.58,USD,2023-05-11T00:00:00
755,Retention Web Campaign 00755,Retention,Web,Scheduled,2027-01-07,2027-04-16,11452.04,USD,2027-01-01T00:00:00
756,Awareness Social Campaign 00756,Awareness,Social,Completed,2025-03-21,2025-05-20,7626.81,USD,2024-12-28T00:00:00
757,Reengagement Web Campaign 00757,Reengagement,Web,Draft,2026-09-12,,5427.65,USD,2026-08-10T00:00:00
758,Retention Phone Campaign 00758,Retention,Phone,Draft,2027-01-02,,15191.50,USD,2026-10-07T00:00:00
759,CustomerEducation Email Campaign 00759,CustomerEducation,Email,Active,2023-10-19,,5678.17,USD,2023-08-23T00:00:00
760,CustomerEducation Phone Campaign 00760,CustomerEducation,Phone,Cancelled,2023-07-28,2023-10-01,9932.92,USD,2023-04-08T00:00:00
761,CustomerEducation Webinar Campaign 00761,CustomerEducation,Webinar,Completed,2023-06-07,2023-07-28,5450.27,USD,2023-04-19T00:00:00
762,Reengagement Phone Campaign 00762,Reengagement,Phone,Completed,2025-01-29,2025-04-03,14983.52,USD,2025-01-26T00:00:00
763,CustomerEducation Webinar Campaign 00763,CustomerEducation,Webinar,Active,2023-09-18,,7070.62,USD,2023-08-03T00:00:00
764,Nurture Webinar Campaign 00764,Nurture,Webinar,Completed,2026-01-01,2026-01-16,,USD,2025-09-30T00:00:00
765,CustomerEducation Web Campaign 00765,CustomerEducation,Web,Cancelled,2023-10-16,2023-11-22,6414.30,USD,2023-07-19T00:00:00
766,Reengagement Web Campaign 00766,Reengagement,Web,Cancelled,2023-07-27,2023-11-12,21711.18,USD,2023-05-12T00:00:00
767,Awareness Event Campaign 00767,Awareness,Event,Completed,2023-08-27,2023-09-28,58670.11,USD,2023-06-27T00:00:00
768,Retention Email Campaign 00768,Retention,Email,Completed,2025-03-22,2025-07-10,8842.62,USD,2024-12-28T00:00:00
769,Reengagement Webinar Campaign 00769,Reengagement,Webinar,Cancelled,2025-03-21,2025-07-01,6144.87,USD,2024-12-03T00:00:00
770,Nurture Email Campaign 00770,Nurture,Email,Completed,2024-12-02,2025-01-20,8282.81,USD,2024-08-16T00:00:00
771,Awareness Webinar Campaign 00771,Awareness,Webinar,Completed,2025-09-23,2025-10-30,5958.84,USD,2025-07-16T00:00:00
772,Nurture Email Campaign 00772,Nurture,Email,Cancelled,2023-09-27,2023-10-22,5044.71,USD,2023-09-13T00:00:00
773,Reengagement Webinar Campaign 00773,Reengagement,Webinar,Scheduled,2027-01-08,2027-02-08,10353.82,USD,2027-01-02T00:00:00
774,CustomerEducation Phone Campaign 00774,CustomerEducation,Phone,Completed,2024-10-23,2025-01-10,5548.42,USD,2024-09-28T00:00:00
775,Awareness Email Campaign 00775,Awareness,Email,Completed,2026-03-10,2026-06-01,47322.25,USD,2025-12-13T00:00:00
776,CustomerEducation Social Campaign 00776,CustomerEducation,Social,Cancelled,2025-02-12,2025-06-07,5065.10,USD,2024-10-30T00:00:00
777,CustomerEducation Event Campaign 00777,CustomerEducation,Event,Active,2023-10-21,,5388.97,USD,2023-07-03T00:00:00
778,Awareness Email Campaign 00778,Awareness,Email,Completed,2026-01-20,2026-05-01,9778.99,USD,2026-01-07T00:00:00
779,Reengagement Web Campaign 00779,Reengagement,Web,Completed,2023-09-28,2023-12-27,11212.70,USD,2023-08-09T00:00:00
780,Reengagement Webinar Campaign 00780,Reengagement,Webinar,Completed,2026-01-07,2026-03-30,5298.32,USD,2025-12-22T00:00:00
781,Retention Event Campaign 00781,Retention,Event,Scheduled,2026-09-02,2026-11-18,19976.61,USD,2026-07-28T00:00:00
782,CustomerEducation Webinar Campaign 00782,CustomerEducation,Webinar,Completed,2026-01-04,2026-04-11,7596.01,USD,2025-09-23T00:00:00
783,Nurture Phone Campaign 00783,Nurture,Phone,Completed,2026-01-08,2026-04-02,5672.61,USD,2025-09-23T00:00:00
784,Reengagement Web Campaign 00784,Reengagement,Web,Completed,2025-03-02,2025-03-14,23728.40,USD,2024-12-08T00:00:00
785,Awareness Webinar Campaign 00785,Awareness,Webinar,Active,2024-10-04,,41295.54,USD,2024-08-26T00:00:00
786,Reengagement Event Campaign 00786,Reengagement,Event,Draft,2026-11-06,,6890.06,USD,2026-09-19T00:00:00
787,CustomerEducation Email Campaign 00787,CustomerEducation,Email,Scheduled,2026-09-15,2026-11-22,34496.20,USD,2026-05-29T00:00:00
788,CustomerEducation Phone Campaign 00788,CustomerEducation,Phone,Cancelled,2026-04-10,2026-06-16,6995.01,USD,2026-02-06T00:00:00
789,Nurture Webinar Campaign 00789,Nurture,Webinar,Active,2024-12-09,,5389.90,USD,2024-11-30T00:00:00
790,Nurture Phone Campaign 00790,Nurture,Phone,Completed,2024-12-09,2025-01-20,9621.79,USD,2024-09-30T00:00:00
791,Retention Event Campaign 00791,Retention,Event,Active,2025-04-15,,10348.06,USD,2025-01-28T00:00:00
792,CustomerEducation Phone Campaign 00792,CustomerEducation,Phone,Completed,2026-01-23,2026-02-09,61279.33,USD,2025-10-07T00:00:00
793,Nurture Social Campaign 00793,Nurture,Social,Active,2023-11-26,,7882.38,USD,2023-10-17T00:00:00
794,Awareness Email Campaign 00794,Awareness,Email,Active,2023-07-20,,,USD,2023-06-03T00:00:00
795,Reengagement Phone Campaign 00795,Reengagement,Phone,Scheduled,2026-11-05,2026-12-17,13544.09,USD,2026-09-26T00:00:00
796,Awareness Webinar Campaign 00796,Awareness,Webinar,Scheduled,2026-09-10,2026-12-27,5847.11,USD,2026-05-19T00:00:00
797,CustomerEducation Phone Campaign 00797,CustomerEducation,Phone,Scheduled,2026-09-11,2026-11-29,5457.64,USD,2026-08-05T00:00:00
798,Reengagement Event Campaign 00798,Reengagement,Event,Active,2024-12-11,,8032.38,USD,2024-10-12T00:00:00
799,Nurture Web Campaign 00799,Nurture,Web,Completed,2023-09-26,2023-10-15,5034.15,USD,2023-07-14T00:00:00
800,Retention Phone Campaign 00800,Retention,Phone,Scheduled,2026-09-09,2026-12-02,6711.99,USD,2026-05-18T00:00:00
801,Retention Phone Campaign 00801,Retention,Phone,Active,2024-11-04,,9357.43,USD,2024-08-21T00:00:00
802,Awareness Event Campaign 00802,Awareness,Event,Draft,2026-08-31,,14542.22,USD,2026-05-17T00:00:00
803,Retention Social Campaign 00803,Retention,Social,Scheduled,2026-09-14,2026-12-06,16181.47,USD,2026-06-18T00:00:00
804,Awareness Web Campaign 00804,Awareness,Web,Scheduled,2026-11-06,2026-12-08,6681.44,USD,2026-08-23T00:00:00
805,Awareness Social Campaign 00805,Awareness,Social,Active,2026-02-25,,5581.65,USD,2025-12-01T00:00:00
806,Nurture Email Campaign 00806,Nurture,Email,Completed,2024-12-15,2025-03-30,7838.80,USD,2024-12-12T00:00:00
807,CustomerEducation Social Campaign 00807,CustomerEducation,Social,Active,2026-01-22,,9947.12,USD,2025-10-08T00:00:00
808,CustomerEducation Event Campaign 00808,CustomerEducation,Event,Completed,2026-02-03,2026-05-23,7966.97,USD,2025-11-29T00:00:00
809,Retention Social Campaign 00809,Retention,Social,Draft,2026-09-06,,7458.85,USD,2026-05-20T00:00:00
810,Retention Social Campaign 00810,Retention,Social,Completed,2025-12-10,2025-12-28,,USD,2025-10-24T00:00:00
811,CustomerEducation Phone Campaign 00811,CustomerEducation,Phone,Scheduled,2027-01-06,2027-02-05,193952.80,USD,2027-01-05T00:00:00
812,Awareness Email Campaign 00812,Awareness,Email,Completed,2026-03-04,2026-05-14,18867.44,USD,2025-12-30T00:00:00
813,Retention Event Campaign 00813,Retention,Event,Active,2023-06-04,,13014.36,USD,2023-03-19T00:00:00
814,Awareness Web Campaign 00814,Awareness,Web,Completed,2026-01-02,2026-02-19,,USD,2025-12-26T00:00:00
815,CustomerEducation Social Campaign 00815,CustomerEducation,Social,Completed,2024-11-10,2025-03-04,5925.80,USD,2024-10-27T00:00:00
816,Awareness Social Campaign 00816,Awareness,Social,Cancelled,2023-11-16,2024-02-29,20493.86,USD,2023-11-14T00:00:00
817,Awareness Webinar Campaign 00817,Awareness,Webinar,Completed,2025-11-11,2026-01-13,5576.84,USD,2025-07-26T00:00:00
818,Retention Web Campaign 00818,Retention,Web,Completed,2026-01-10,2026-01-26,5088.94,USD,2025-09-13T00:00:00
819,Retention Phone Campaign 00819,Retention,Phone,Active,2023-09-12,,7026.34,USD,2023-06-01T00:00:00
820,Awareness Webinar Campaign 00820,Awareness,Webinar,Scheduled,2026-11-02,2027-02-05,14041.89,USD,2026-10-18T00:00:00
821,Awareness Webinar Campaign 00821,Awareness,Webinar,Cancelled,2023-12-04,2024-03-10,7854.46,USD,2023-09-16T00:00:00
822,Retention Social Campaign 00822,Retention,Social,Completed,2026-02-06,2026-03-25,5669.47,USD,2025-11-04T00:00:00
823,Nurture Social Campaign 00823,Nurture,Social,Active,2023-08-20,,470745.05,USD,2023-06-30T00:00:00
824,CustomerEducation Email Campaign 00824,CustomerEducation,Email,Completed,2025-01-26,2025-04-02,39799.67,USD,2024-10-13T00:00:00
825,Retention Web Campaign 00825,Retention,Web,Completed,2025-12-22,2026-04-14,8198.68,USD,2025-11-24T00:00:00
826,Reengagement Webinar Campaign 00826,Reengagement,Webinar,Draft,2026-11-09,,7124.49,USD,2026-10-26T00:00:00
827,Awareness Web Campaign 00827,Awareness,Web,Active,2023-10-05,,10068.56,USD,2023-06-19T00:00:00
828,Retention Phone Campaign 00828,Retention,Phone,Draft,2026-09-04,,,USD,2026-07-14T00:00:00
829,Nurture Phone Campaign 00829,Nurture,Phone,Draft,2026-09-11,,34487.87,USD,2026-05-19T00:00:00
830,CustomerEducation Web Campaign 00830,CustomerEducation,Web,Completed,2024-12-26,2025-02-04,6373.24,USD,2024-09-16T00:00:00
831,Awareness Webinar Campaign 00831,Awareness,Webinar,Completed,2023-08-14,2023-11-05,7469.54,USD,2023-04-25T00:00:00
832,Retention Webinar Campaign 00832,Retention,Webinar,Scheduled,2026-09-16,2027-01-05,44677.28,USD,2026-06-18T00:00:00
833,Nurture Email Campaign 00833,Nurture,Email,Scheduled,2027-01-07,2027-02-09,30453.82,USD,2026-11-21T00:00:00
834,CustomerEducation Event Campaign 00834,CustomerEducation,Event,Completed,2025-12-23,2026-02-02,17838.48,USD,2025-11-24T00:00:00
835,Reengagement Social Campaign 00835,Reengagement,Social,Active,2025-11-28,,,USD,2025-09-18T00:00:00
836,Awareness Phone Campaign 00836,Awareness,Phone,Completed,2023-09-23,2024-01-11,5413.33,USD,2023-06-19T00:00:00
837,Retention Social Campaign 00837,Retention,Social,Active,2024-10-31,,21362.16,USD,2024-08-26T00:00:00
838,Awareness Phone Campaign 00838,Awareness,Phone,Cancelled,2023-09-10,2023-11-17,6194.02,USD,2023-08-04T00:00:00
839,Retention Event Campaign 00839,Retention,Event,Draft,2026-12-22,,8130.74,USD,2026-11-01T00:00:00
840,Retention Email Campaign 00840,Retention,Email,Active,2023-09-04,,81402.72,USD,2023-06-22T00:00:00
841,Awareness Social Campaign 00841,Awareness,Social,Completed,2023-10-15,2023-12-17,72023.95,USD,2023-08-27T00:00:00
842,Awareness Webinar Campaign 00842,Awareness,Webinar,Active,2023-06-19,,7259.30,USD,2023-03-10T00:00:00
843,Retention Web Campaign 00843,Retention,Web,Draft,2026-12-25,,,USD,2026-09-10T00:00:00
844,CustomerEducation Webinar Campaign 00844,CustomerEducation,Webinar,Completed,2024-11-10,2025-01-13,9558.73,USD,2024-08-01T00:00:00
845,Retention Social Campaign 00845,Retention,Social,Completed,2023-10-11,2023-12-04,8339.84,USD,2023-09-04T00:00:00
846,CustomerEducation Social Campaign 00846,CustomerEducation,Social,Scheduled,2026-09-12,2026-10-12,7938.63,USD,2026-05-26T00:00:00
847,Nurture Webinar Campaign 00847,Nurture,Webinar,Active,2026-02-13,,10638.13,USD,2025-10-16T00:00:00
848,Nurture Email Campaign 00848,Nurture,Email,Draft,2027-01-13,,24976.14,USD,2026-10-05T00:00:00
849,Nurture Email Campaign 00849,Nurture,Email,Scheduled,2026-09-04,2026-11-01,5098.45,USD,2026-06-16T00:00:00
850,Reengagement Webinar Campaign 00850,Reengagement,Webinar,Completed,2023-10-19,2024-01-08,6069.28,USD,2023-08-23T00:00:00
851,Retention Webinar Campaign 00851,Retention,Webinar,Completed,2026-03-12,2026-03-19,5041.66,USD,2026-02-25T00:00:00
852,Reengagement Social Campaign 00852,Reengagement,Social,Draft,2026-11-01,,17214.46,USD,2026-08-15T00:00:00
853,Awareness Web Campaign 00853,Awareness,Web,Scheduled,2027-01-09,2027-03-09,14779.28,USD,2026-12-15T00:00:00
854,Nurture Webinar Campaign 00854,Nurture,Webinar,Draft,2026-09-12,,1229529.49,USD,2026-06-03T00:00:00
855,Retention Phone Campaign 00855,Retention,Phone,Completed,2025-12-29,2026-04-22,6985.73,USD,2025-12-28T00:00:00
856,Reengagement Webinar Campaign 00856,Reengagement,Webinar,Active,2025-10-16,,5844.37,USD,2025-06-26T00:00:00
857,Nurture Phone Campaign 00857,Nurture,Phone,Completed,2025-01-21,2025-02-03,22594.30,USD,2024-12-25T00:00:00
858,Retention Webinar Campaign 00858,Retention,Webinar,Active,2025-12-14,,5314.74,USD,2025-10-22T00:00:00
859,Nurture Phone Campaign 00859,Nurture,Phone,Draft,2026-09-10,,8421.01,USD,2026-06-29T00:00:00
860,Nurture Event Campaign 00860,Nurture,Event,Draft,2026-09-04,,134327.01,USD,2026-05-13T00:00:00
861,Retention Webinar Campaign 00861,Retention,Webinar,Completed,2025-12-16,2026-01-21,9002.76,USD,2025-10-23T00:00:00
862,Retention Web Campaign 00862,Retention,Web,Cancelled,2023-08-07,2023-09-09,6991.21,USD,2023-05-22T00:00:00
863,Awareness Web Campaign 00863,Awareness,Web,Completed,2023-09-18,2023-10-13,,USD,2023-09-09T00:00:00
864,CustomerEducation Event Campaign 00864,CustomerEducation,Event,Active,2026-02-09,,6433.63,USD,2025-10-18T00:00:00
865,Awareness Webinar Campaign 00865,Awareness,Webinar,Draft,2026-12-27,,21321.58,USD,2026-10-14T00:00:00
866,CustomerEducation Web Campaign 00866,CustomerEducation,Web,Draft,2026-11-03,,,USD,2026-10-31T00:00:00
867,CustomerEducation Phone Campaign 00867,CustomerEducation,Phone,Completed,2024-12-15,2025-04-10,6468.06,USD,2024-08-28T00:00:00
868,Reengagement Web Campaign 00868,Reengagement,Web,Completed,2023-09-29,2023-12-09,49522.71,USD,2023-09-18T00:00:00
869,CustomerEducation Event Campaign 00869,CustomerEducation,Event,Completed,2023-09-24,2024-01-17,5728.36,USD,2023-08-11T00:00:00
870,CustomerEducation Event Campaign 00870,CustomerEducation,Event,Completed,2025-01-13,2025-03-14,99815.66,USD,2024-09-18T00:00:00
871,Awareness Event Campaign 00871,Awareness,Event,Completed,2024-10-03,2025-01-15,11908.88,USD,2024-06-30T00:00:00
872,CustomerEducation Email Campaign 00872,CustomerEducation,Email,Active,2024-11-27,,6563.99,USD,2024-10-28T00:00:00
873,Awareness Phone Campaign 00873,Awareness,Phone,Completed,2023-11-29,2024-02-03,13298.13,USD,2023-10-01T00:00:00
874,Retention Email Campaign 00874,Retention,Email,Draft,2026-09-02,,9048.91,USD,2026-05-16T00:00:00
875,Reengagement Web Campaign 00875,Reengagement,Web,Cancelled,2024-11-15,2025-02-19,5844.10,USD,2024-09-06T00:00:00
876,Retention Webinar Campaign 00876,Retention,Webinar,Active,2025-01-28,,34092.14,USD,2024-12-31T00:00:00
877,Awareness Webinar Campaign 00877,Awareness,Webinar,Scheduled,2026-12-30,2027-03-06,10505.43,USD,2026-12-10T00:00:00
878,CustomerEducation Social Campaign 00878,CustomerEducation,Social,Completed,2025-11-21,2026-01-23,12795.01,USD,2025-09-14T00:00:00
879,Reengagement Event Campaign 00879,Reengagement,Event,Active,2023-09-15,,12873.36,USD,2023-05-26T00:00:00
880,Nurture Webinar Campaign 00880,Nurture,Webinar,Completed,2023-06-29,2023-09-14,6685.39,USD,2023-03-02T00:00:00
881,Reengagement Phone Campaign 00881,Reengagement,Phone,Scheduled,2026-11-12,2026-12-12,7847.23,USD,2026-10-31T00:00:00
882,Nurture Event Campaign 00882,Nurture,Event,Active,2026-02-05,,6424.84,USD,2025-11-18T00:00:00
883,Retention Webinar Campaign 00883,Retention,Webinar,Completed,2024-11-16,2025-03-03,14704.33,USD,2024-09-07T00:00:00
884,Retention Email Campaign 00884,Retention,Email,Scheduled,2026-11-12,2026-12-12,14130.93,USD,2026-11-07T00:00:00
885,Awareness Email Campaign 00885,Awareness,Email,Completed,2023-08-16,2023-08-23,14447.12,USD,2023-06-03T00:00:00
886,CustomerEducation Webinar Campaign 00886,CustomerEducation,Webinar,Cancelled,2023-09-25,2023-10-30,6751.77,USD,2023-09-13T00:00:00
887,Nurture Webinar Campaign 00887,Nurture,Webinar,Active,2026-02-13,,7291.86,USD,2025-11-30T00:00:00
888,Awareness Webinar Campaign 00888,Awareness,Webinar,Active,2024-10-14,,6336.04,USD,2024-10-02T00:00:00
889,Awareness Phone Campaign 00889,Awareness,Phone,Completed,2023-10-27,2023-11-09,5977.78,USD,2023-07-25T00:00:00
890,Nurture Webinar Campaign 00890,Nurture,Webinar,Cancelled,2025-12-21,2026-01-28,81708.23,USD,2025-11-30T00:00:00
891,Nurture Event Campaign 00891,Nurture,Event,Active,2023-08-03,,24477.11,USD,2023-06-21T00:00:00
892,Reengagement Social Campaign 00892,Reengagement,Social,Completed,2023-09-12,2023-12-17,11741.63,USD,2023-08-25T00:00:00
893,Retention Web Campaign 00893,Retention,Web,Completed,2025-03-08,2025-03-17,5247.95,USD,2025-02-20T00:00:00
894,Reengagement Webinar Campaign 00894,Reengagement,Webinar,Completed,2025-11-21,2026-02-27,29832.14,USD,2025-09-09T00:00:00
895,Nurture Webinar Campaign 00895,Nurture,Webinar,Scheduled,2027-01-01,2027-03-13,36428.59,USD,2026-11-04T00:00:00
896,Retention Event Campaign 00896,Retention,Event,Scheduled,2026-11-12,2027-01-22,6370.96,USD,2026-09-25T00:00:00
897,Nurture Event Campaign 00897,Nurture,Event,Active,2026-04-12,,6214.03,USD,2026-02-27T00:00:00
898,Awareness Social Campaign 00898,Awareness,Social,Completed,2023-09-13,2023-09-21,5661.27,USD,2023-06-21T00:00:00
899,CustomerEducation Email Campaign 00899,CustomerEducation,Email,Completed,2025-01-02,2025-04-22,5055.35,USD,2024-10-25T00:00:00
900,CustomerEducation Social Campaign 00900,CustomerEducation,Social,Completed,2025-11-25,2025-12-31,7870.00,USD,2025-11-24T00:00:00
901,Reengagement Social Campaign 00901,Reengagement,Social,Completed,2024-10-27,2025-02-16,7657.21,USD,2024-07-28T00:00:00
902,Awareness Email Campaign 00902,Awareness,Email,Completed,2025-01-29,2025-02-12,38641.21,USD,2024-10-17T00:00:00
903,Nurture Email Campaign 00903,Nurture,Email,Draft,2026-11-13,,12853.92,USD,2026-10-01T00:00:00
904,CustomerEducation Phone Campaign 00904,CustomerEducation,Phone,Scheduled,2026-11-19,2027-01-30,21210.68,USD,2026-09-03T00:00:00
905,CustomerEducation Event Campaign 00905,CustomerEducation,Event,Scheduled,2026-09-17,2026-11-07,13354.87,USD,2026-05-26T00:00:00
906,CustomerEducation Email Campaign 00906,CustomerEducation,Email,Active,2026-01-19,,34092.05,USD,2025-09-24T00:00:00
907,Awareness Email Campaign 00907,Awareness,Email,Active,2025-01-13,,5810.08,USD,2024-12-06T00:00:00
908,Awareness Web Campaign 00908,Awareness,Web,Scheduled,2026-12-26,2027-04-02,23740.30,USD,2026-11-23T00:00:00
909,Nurture Web Campaign 00909,Nurture,Web,Completed,2023-08-02,2023-10-30,5933.38,USD,2023-04-09T00:00:00
910,Nurture Social Campaign 00910,Nurture,Social,Cancelled,2024-12-13,2025-03-20,29150.96,USD,2024-08-19T00:00:00
911,Reengagement Web Campaign 00911,Reengagement,Web,Completed,2023-09-24,2023-12-06,18287.43,USD,2023-08-18T00:00:00
912,Awareness Web Campaign 00912,Awareness,Web,Cancelled,2023-10-02,2024-01-12,7434.60,USD,2023-09-12T00:00:00
913,Awareness Social Campaign 00913,Awareness,Social,Draft,2026-11-12,,5840.60,USD,2026-10-14T00:00:00
914,Nurture Social Campaign 00914,Nurture,Social,Completed,2025-11-12,2025-12-11,5754.71,USD,2025-09-18T00:00:00
915,Retention Event Campaign 00915,Retention,Event,Completed,2023-10-06,2023-11-03,8327.14,USD,2023-09-17T00:00:00
916,Awareness Web Campaign 00916,Awareness,Web,Completed,2025-12-28,2026-03-07,39741.58,USD,2025-10-31T00:00:00
917,Nurture Email Campaign 00917,Nurture,Email,Completed,2025-03-07,2025-04-15,8398.06,USD,2025-01-20T00:00:00
918,Retention Event Campaign 00918,Retention,Event,Completed,2025-01-11,2025-03-22,7580.22,USD,2025-01-10T00:00:00
919,Retention Phone Campaign 00919,Retention,Phone,Active,2025-02-05,,13752.87,USD,2024-11-29T00:00:00
920,Nurture Web Campaign 00920,Nurture,Web,Cancelled,2026-02-15,2026-03-02,48133.83,USD,2026-01-10T00:00:00
921,Reengagement Web Campaign 00921,Reengagement,Web,Scheduled,2026-11-19,2027-03-07,125590.34,USD,2026-08-27T00:00:00
922,Retention Social Campaign 00922,Retention,Social,Cancelled,2024-12-22,2025-04-06,8998.84,USD,2024-09-27T00:00:00
923,Awareness Social Campaign 00923,Awareness,Social,Completed,2023-12-15,2024-03-03,7579.04,USD,2023-09-04T00:00:00
924,Awareness Phone Campaign 00924,Awareness,Phone,Completed,2024-12-25,2025-02-15,10119.32,USD,2024-10-25T00:00:00
925,CustomerEducation Webinar Campaign 00925,CustomerEducation,Webinar,Draft,2026-08-30,,35601.36,USD,2026-08-23T00:00:00
926,Nurture Event Campaign 00926,Nurture,Event,Completed,2025-03-06,2025-03-14,6174.81,USD,2025-02-13T00:00:00
927,Nurture Phone Campaign 00927,Nurture,Phone,Cancelled,2024-10-23,2025-01-15,7527.08,USD,2024-08-08T00:00:00
928,Awareness Email Campaign 00928,Awareness,Email,Active,2025-12-21,,5363.57,USD,2025-09-01T00:00:00
929,Reengagement Event Campaign 00929,Reengagement,Event,Completed,2024-11-05,2024-11-30,19034.40,USD,2024-10-01T00:00:00
930,Retention Social Campaign 00930,Retention,Social,Completed,2025-10-07,2026-01-09,,USD,2025-07-10T00:00:00
931,CustomerEducation Event Campaign 00931,CustomerEducation,Event,Cancelled,2023-10-03,2023-10-29,,USD,2023-08-24T00:00:00
932,Awareness Event Campaign 00932,Awareness,Event,Completed,2024-11-23,2025-01-24,12485.26,USD,2024-10-31T00:00:00
933,Awareness Email Campaign 00933,Awareness,Email,Cancelled,2026-04-30,2026-08-01,,USD,2026-01-17T00:00:00
934,Awareness Web Campaign 00934,Awareness,Web,Draft,2026-12-31,,321650.62,USD,2026-10-26T00:00:00
935,Awareness Webinar Campaign 00935,Awareness,Webinar,Completed,2023-08-03,2023-09-05,,USD,2023-07-30T00:00:00
936,Reengagement Email Campaign 00936,Reengagement,Email,Completed,2025-03-23,2025-06-18,5851.67,USD,2024-12-29T00:00:00
937,Nurture Phone Campaign 00937,Nurture,Phone,Active,2024-12-30,,5507.02,USD,2024-11-05T00:00:00
938,Awareness Webinar Campaign 00938,Awareness,Webinar,Scheduled,2026-09-09,2026-11-17,6571.26,USD,2026-06-18T00:00:00
939,Retention Web Campaign 00939,Retention,Web,Cancelled,2024-11-10,2024-11-20,7508.44,USD,2024-07-26T00:00:00
940,Retention Email Campaign 00940,Retention,Email,Completed,2024-12-20,2025-02-21,23080.62,USD,2024-12-10T00:00:00
941,Nurture Web Campaign 00941,Nurture,Web,Scheduled,2026-11-11,2027-01-17,106727.80,USD,2026-09-13T00:00:00
942,CustomerEducation Web Campaign 00942,CustomerEducation,Web,Cancelled,2026-02-18,2026-03-16,13385.59,USD,2025-12-22T00:00:00
943,CustomerEducation Social Campaign 00943,CustomerEducation,Social,Completed,2023-11-24,2023-12-10,160087.29,USD,2023-08-14T00:00:00
944,Retention Phone Campaign 00944,Retention,Phone,Completed,2025-11-07,2025-12-18,10653.23,USD,2025-08-16T00:00:00
945,CustomerEducation Event Campaign 00945,CustomerEducation,Event,Active,2023-05-04,,7530.84,USD,2023-02-12T00:00:00
946,Awareness Web Campaign 00946,Awareness,Web,Completed,2023-08-18,2023-11-14,8686.92,USD,2023-06-04T00:00:00
947,Reengagement Webinar Campaign 00947,Reengagement,Webinar,Completed,2025-12-28,2026-02-14,,USD,2025-09-19T00:00:00
948,Reengagement Webinar Campaign 00948,Reengagement,Webinar,Draft,2026-09-09,,,USD,2026-06-09T00:00:00
949,Nurture Email Campaign 00949,Nurture,Email,Completed,2023-10-09,2023-11-03,8715.21,USD,2023-09-24T00:00:00
950,Nurture Social Campaign 00950,Nurture,Social,Active,2023-08-18,,76494.14,USD,2023-06-16T00:00:00
951,Nurture Phone Campaign 00951,Nurture,Phone,Scheduled,2026-12-24,2027-03-22,5954.07,USD,2026-12-18T00:00:00
952,CustomerEducation Web Campaign 00952,CustomerEducation,Web,Completed,2024-12-19,2025-03-25,13317.29,USD,2024-11-14T00:00:00
953,Retention Webinar Campaign 00953,Retention,Webinar,Completed,2024-11-14,2025-02-26,11300.65,USD,2024-10-10T00:00:00
954,Awareness Phone Campaign 00954,Awareness,Phone,Draft,2026-12-30,,,USD,2026-10-16T00:00:00
955,Reengagement Email Campaign 00955,Reengagement,Email,Active,2024-11-22,,7362.43,USD,2024-10-16T00:00:00
956,Nurture Webinar Campaign 00956,Nurture,Webinar,Completed,2024-09-25,2024-10-08,11799.90,USD,2024-06-26T00:00:00
957,Awareness Webinar Campaign 00957,Awareness,Webinar,Completed,2024-11-27,2025-02-19,13606.09,USD,2024-08-05T00:00:00
958,Nurture Event Campaign 00958,Nurture,Event,Completed,2025-12-06,2025-12-15,6706.10,USD,2025-11-24T00:00:00
959,Retention Web Campaign 00959,Retention,Web,Cancelled,2025-01-26,2025-03-29,5013.57,USD,2024-10-03T00:00:00
960,Reengagement Event Campaign 00960,Reengagement,Event,Cancelled,2025-12-20,2026-03-13,23348.20,USD,2025-12-09T00:00:00
961,Awareness Web Campaign 00961,Awareness,Web,Completed,2024-08-14,2024-10-28,50110.74,USD,2024-06-16T00:00:00
962,Reengagement Web Campaign 00962,Reengagement,Web,Completed,2023-06-22,2023-09-25,6133.80,USD,2023-05-05T00:00:00
963,Awareness Phone Campaign 00963,Awareness,Phone,Completed,2024-12-05,2024-12-12,6232.29,USD,2024-08-23T00:00:00
964,CustomerEducation Web Campaign 00964,CustomerEducation,Web,Active,2026-01-02,,18719.42,USD,2025-10-16T00:00:00
965,CustomerEducation Web Campaign 00965,CustomerEducation,Web,Scheduled,2026-11-13,2026-12-13,13284.49,USD,2026-11-06T00:00:00
966,Reengagement Event Campaign 00966,Reengagement,Event,Completed,2025-12-13,2025-12-25,5803.01,USD,2025-08-29T00:00:00
967,CustomerEducation Social Campaign 00967,CustomerEducation,Social,Active,2023-10-25,,5396.72,USD,2023-09-28T00:00:00
968,Reengagement Social Campaign 00968,Reengagement,Social,Active,2026-02-16,,5013.07,USD,2025-10-28T00:00:00
969,Retention Event Campaign 00969,Retention,Event,Completed,2024-11-17,2024-12-10,,USD,2024-08-25T00:00:00
970,CustomerEducation Phone Campaign 00970,CustomerEducation,Phone,Scheduled,2026-09-01,2026-12-24,6095.33,USD,2026-08-21T00:00:00
971,Awareness Webinar Campaign 00971,Awareness,Webinar,Scheduled,2027-01-01,2027-01-31,5913.48,USD,2026-11-05T00:00:00
972,Reengagement Web Campaign 00972,Reengagement,Web,Cancelled,2023-08-18,2023-10-06,,USD,2023-07-24T00:00:00
973,CustomerEducation Email Campaign 00973,CustomerEducation,Email,Completed,2023-09-07,2023-09-30,6541.72,USD,2023-07-06T00:00:00
974,Nurture Phone Campaign 00974,Nurture,Phone,Completed,2025-11-19,2026-01-09,5663.07,USD,2025-10-13T00:00:00
975,CustomerEducation Social Campaign 00975,CustomerEducation,Social,Completed,2023-07-04,2023-08-21,5726.54,USD,2023-06-26T00:00:00
976,Awareness Phone Campaign 00976,Awareness,Phone,Scheduled,2026-09-09,2027-01-05,6435.36,USD,2026-05-23T00:00:00
977,Reengagement Web Campaign 00977,Reengagement,Web,Completed,2026-02-05,2026-04-10,,USD,2025-12-08T00:00:00
978,Retention Email Campaign 00978,Retention,Email,Cancelled,2023-10-03,2024-01-08,5128.27,USD,2023-08-18T00:00:00
979,Awareness Webinar Campaign 00979,Awareness,Webinar,Active,2023-09-15,,23402.10,USD,2023-07-01T00:00:00
980,CustomerEducation Event Campaign 00980,CustomerEducation,Event,Completed,2026-02-28,2026-05-30,11338.32,USD,2026-02-09T00:00:00
981,Retention Event Campaign 00981,Retention,Event,Completed,2025-11-06,2025-11-24,18199.67,USD,2025-08-06T00:00:00
982,CustomerEducation Email Campaign 00982,CustomerEducation,Email,Cancelled,2026-02-16,2026-06-12,8109.60,USD,2026-02-13T00:00:00
983,Awareness Phone Campaign 00983,Awareness,Phone,Cancelled,2026-02-01,2026-05-25,10605.03,USD,2026-01-16T00:00:00
984,Retention Event Campaign 00984,Retention,Event,Completed,2025-11-13,2026-01-23,16678.89,USD,2025-07-31T00:00:00
985,CustomerEducation Email Campaign 00985,CustomerEducation,Email,Draft,2026-09-04,,5274.71,USD,2026-06-25T00:00:00
986,CustomerEducation Email Campaign 00986,CustomerEducation,Email,Completed,2025-11-17,2025-12-30,,USD,2025-07-27T00:00:00
987,Retention Phone Campaign 00987,Retention,Phone,Completed,2024-12-30,2025-04-15,6315.49,USD,2024-10-20T00:00:00
988,Nurture Social Campaign 00988,Nurture,Social,Active,2026-05-05,,5049.43,USD,2026-03-13T00:00:00
989,Retention Email Campaign 00989,Retention,Email,Draft,2026-09-20,,10558.09,USD,2026-09-06T00:00:00
990,Awareness Social Campaign 00990,Awareness,Social,Completed,2023-10-08,2023-11-11,16521.80,USD,2023-08-14T00:00:00
991,Nurture Phone Campaign 00991,Nurture,Phone,Completed,2025-12-28,2026-03-17,8331.08,USD,2025-09-20T00:00:00
992,Awareness Event Campaign 00992,Awareness,Event,Draft,2026-11-05,,5755.29,USD,2026-08-14T00:00:00
993,Reengagement Event Campaign 00993,Reengagement,Event,Scheduled,2026-09-15,2026-10-20,7882.67,USD,2026-07-22T00:00:00
994,CustomerEducation Web Campaign 00994,CustomerEducation,Web,Completed,2023-10-07,2023-12-08,,USD,2023-07-23T00:00:00
995,Retention Social Campaign 00995,Retention,Social,Active,2023-09-06,,10518.35,USD,2023-05-09T00:00:00
996,Retention Web Campaign 00996,Retention,Web,Scheduled,2026-09-10,2026-10-23,19336.04,USD,2026-08-16T00:00:00
997,Reengagement Event Campaign 00997,Reengagement,Event,Active,2023-11-28,,6848.20,USD,2023-11-20T00:00:00
998,CustomerEducation Phone Campaign 00998,CustomerEducation,Phone,Completed,2023-08-16,2023-12-14,12227.32,USD,2023-04-22T00:00:00
999,Nurture Web Campaign 00999,Nurture,Web,Completed,2023-10-12,2023-12-28,18390.64,USD,2023-07-11T00:00:00
1000,Awareness Phone Campaign 01000,Awareness,Phone,Completed,2023-09-04,2023-10-24,,USD,2023-05-26T00:00:00
1001,Nurture Phone Campaign 01001,Nurture,Phone,Completed,2024-11-21,2025-03-04,13664.97,USD,2024-10-28T00:00:00
1002,Nurture Event Campaign 01002,Nurture,Event,Cancelled,2024-11-06,2025-02-13,33924.38,USD,2024-09-22T00:00:00
1003,CustomerEducation Email Campaign 01003,CustomerEducation,Email,Completed,2026-02-03,2026-05-27,19170.12,USD,2025-12-09T00:00:00
1004,Reengagement Social Campaign 01004,Reengagement,Social,Completed,2023-06-23,2023-09-23,,USD,2023-03-04T00:00:00
1005,Reengagement Phone Campaign 01005,Reengagement,Phone,Cancelled,2026-01-14,2026-03-03,8308.17,USD,2025-12-02T00:00:00
1006,CustomerEducation Phone Campaign 01006,CustomerEducation,Phone,Completed,2024-12-09,2025-01-05,66168.00,USD,2024-10-20T00:00:00
1007,Awareness Phone Campaign 01007,Awareness,Phone,Completed,2025-01-01,2025-03-13,32389.59,USD,2024-11-27T00:00:00
1008,Retention Social Campaign 01008,Retention,Social,Completed,2023-08-01,2023-09-27,15440.21,USD,2023-04-09T00:00:00
1009,Retention Web Campaign 01009,Retention,Web,Completed,2023-09-24,2024-01-19,6012.89,USD,2023-05-30T00:00:00
1010,Awareness Event Campaign 01010,Awareness,Event,Cancelled,2023-07-24,2023-10-11,14377.30,USD,2023-05-16T00:00:00
1011,Awareness Social Campaign 01011,Awareness,Social,Draft,2026-12-30,,629692.16,USD,2026-12-26T00:00:00
1012,Reengagement Webinar Campaign 01012,Reengagement,Webinar,Active,2026-02-10,,6142.06,USD,2025-10-25T00:00:00
1013,Retention Phone Campaign 01013,Retention,Phone,Draft,2026-12-16,,17820.32,USD,2026-11-09T00:00:00
1014,Nurture Social Campaign 01014,Nurture,Social,Draft,2027-01-06,,9000.58,USD,2026-09-20T00:00:00
1015,Awareness Web Campaign 01015,Awareness,Web,Active,2023-09-29,,5911.86,USD,2023-08-05T00:00:00
1016,Retention Email Campaign 01016,Retention,Email,Active,2025-12-24,,19433.03,USD,2025-08-28T00:00:00
1017,Awareness Event Campaign 01017,Awareness,Event,Completed,2023-07-17,2023-09-06,11084.02,USD,2023-06-28T00:00:00
1018,CustomerEducation Web Campaign 01018,CustomerEducation,Web,Active,2023-11-11,,14996.95,USD,2023-10-03T00:00:00
1019,Reengagement Social Campaign 01019,Reengagement,Social,Active,2023-06-25,,,USD,2023-02-27T00:00:00
1020,CustomerEducation Phone Campaign 01020,CustomerEducation,Phone,Active,2023-11-16,,7624.48,USD,2023-08-06T00:00:00
1021,Nurture Event Campaign 01021,Nurture,Event,Scheduled,2027-01-11,2027-05-04,20639.69,USD,2026-09-14T00:00:00
1022,Nurture Web Campaign 01022,Nurture,Web,Active,2026-03-04,,7054.57,USD,2026-01-02T00:00:00
1023,Nurture Event Campaign 01023,Nurture,Event,Completed,2026-03-14,2026-04-18,70768.09,USD,2026-01-23T00:00:00
1024,CustomerEducation Social Campaign 01024,CustomerEducation,Social,Active,2024-09-28,,,USD,2024-09-24T00:00:00
1025,Reengagement Webinar Campaign 01025,Reengagement,Webinar,Completed,2024-11-26,2024-12-23,18909.58,USD,2024-09-09T00:00:00
1026,CustomerEducation Email Campaign 01026,CustomerEducation,Email,Completed,2024-12-28,2025-01-27,,USD,2024-11-02T00:00:00
1027,CustomerEducation Webinar Campaign 01027,CustomerEducation,Webinar,Active,2023-08-15,,15169.70,USD,2023-07-21T00:00:00
1028,Retention Phone Campaign 01028,Retention,Phone,Active,2026-02-08,,5671.78,USD,2025-10-17T00:00:00
1029,Retention Social Campaign 01029,Retention,Social,Completed,2024-10-06,2024-11-22,5561.25,USD,2024-07-07T00:00:00
1030,Awareness Webinar Campaign 01030,Awareness,Webinar,Completed,2024-11-29,2025-03-17,6283.19,USD,2024-10-16T00:00:00
1031,Awareness Phone Campaign 01031,Awareness,Phone,Completed,2024-11-30,2025-03-28,6511.88,USD,2024-11-29T00:00:00
1032,Awareness Web Campaign 01032,Awareness,Web,Completed,2025-01-06,2025-03-04,121525.25,USD,2024-12-04T00:00:00
1033,Reengagement Phone Campaign 01033,Reengagement,Phone,Completed,2024-12-18,2025-04-11,5253.52,USD,2024-08-25T00:00:00
1034,Retention Email Campaign 01034,Retention,Email,Cancelled,2025-01-21,2025-02-14,5643.43,USD,2024-10-06T00:00:00
1035,CustomerEducation Email Campaign 01035,CustomerEducation,Email,Completed,2024-10-20,2024-10-27,5139.61,USD,2024-06-22T00:00:00
1036,Retention Web Campaign 01036,Retention,Web,Completed,2025-01-24,2025-02-12,11228.42,USD,2024-09-28T00:00:00
1037,Nurture Email Campaign 01037,Nurture,Email,Completed,2023-12-02,2024-03-09,,USD,2023-09-06T00:00:00
1038,Reengagement Webinar Campaign 01038,Reengagement,Webinar,Completed,2025-12-11,2025-12-30,14504.45,USD,2025-11-03T00:00:00
1039,Nurture Phone Campaign 01039,Nurture,Phone,Completed,2025-01-03,2025-02-08,5426.41,USD,2024-11-28T00:00:00
1040,Reengagement Web Campaign 01040,Reengagement,Web,Completed,2023-08-16,2023-10-24,40222.07,USD,2023-06-09T00:00:00
1041,Nurture Webinar Campaign 01041,Nurture,Webinar,Cancelled,2023-09-27,2023-11-19,5272.57,USD,2023-08-14T00:00:00
1042,Reengagement Phone Campaign 01042,Reengagement,Phone,Completed,2026-01-15,2026-02-24,12334.03,USD,2025-11-11T00:00:00
1043,CustomerEducation Phone Campaign 01043,CustomerEducation,Phone,Active,2025-12-31,,,USD,2025-11-22T00:00:00
1044,Retention Email Campaign 01044,Retention,Email,Completed,2024-10-12,2024-11-30,8034.48,USD,2024-06-26T00:00:00
1045,Nurture Web Campaign 01045,Nurture,Web,Completed,2026-01-08,2026-04-10,,USD,2025-12-06T00:00:00
1046,CustomerEducation Email Campaign 01046,CustomerEducation,Email,Active,2025-01-18,,7590.19,USD,2024-10-18T00:00:00
1047,Retention Phone Campaign 01047,Retention,Phone,Completed,2023-08-20,2023-12-14,7448.41,USD,2023-05-13T00:00:00
1048,Reengagement Webinar Campaign 01048,Reengagement,Webinar,Draft,2027-01-07,,12454.67,USD,2026-12-25T00:00:00
1049,Retention Webinar Campaign 01049,Retention,Webinar,Scheduled,2026-11-21,2026-12-21,19117.38,USD,2026-11-08T00:00:00
1050,Reengagement Web Campaign 01050,Reengagement,Web,Completed,2026-01-04,2026-03-07,14159.63,USD,2025-10-03T00:00:00
1051,CustomerEducation Webinar Campaign 01051,CustomerEducation,Webinar,Completed,2026-01-27,2026-04-21,6764.45,USD,2026-01-09T00:00:00
1052,Nurture Phone Campaign 01052,Nurture,Phone,Active,2025-01-22,,5284.55,USD,2025-01-21T00:00:00
1053,Awareness Webinar Campaign 01053,Awareness,Webinar,Completed,2026-02-07,2026-03-08,6931.37,USD,2025-12-14T00:00:00
1054,Reengagement Web Campaign 01054,Reengagement,Web,Completed,2025-01-13,2025-02-15,10099.73,USD,2024-09-24T00:00:00
1055,Retention Event Campaign 01055,Retention,Event,Active,2026-03-11,,,USD,2026-01-14T00:00:00
1056,Retention Phone Campaign 01056,Retention,Phone,Completed,2023-09-14,2023-12-29,8344.17,USD,2023-08-18T00:00:00
1057,Retention Email Campaign 01057,Retention,Email,Completed,2023-07-10,2023-08-25,7080.99,USD,2023-04-24T00:00:00
1058,Nurture Webinar Campaign 01058,Nurture,Webinar,Completed,2024-11-24,2025-02-25,37338.68,USD,2024-08-20T00:00:00
1059,Awareness Social Campaign 01059,Awareness,Social,Completed,2026-02-14,2026-03-11,20787.44,USD,2025-11-06T00:00:00
1060,Awareness Email Campaign 01060,Awareness,Email,Completed,2024-12-19,2025-01-06,14800.90,USD,2024-11-03T00:00:00
1061,Reengagement Email Campaign 01061,Reengagement,Email,Scheduled,2026-09-19,2026-10-19,5055.83,USD,2026-09-10T00:00:00
1062,Reengagement Webinar Campaign 01062,Reengagement,Webinar,Active,2025-02-01,,5832.29,USD,2024-11-14T00:00:00
1063,Reengagement Email Campaign 01063,Reengagement,Email,Draft,2027-01-02,,18155.44,USD,2026-12-27T00:00:00
1064,CustomerEducation Webinar Campaign 01064,CustomerEducation,Webinar,Completed,2024-12-21,2025-03-05,12323.22,USD,2024-10-04T00:00:00
1065,Retention Social Campaign 01065,Retention,Social,Cancelled,2026-03-13,2026-05-09,,USD,2026-02-22T00:00:00
1066,Reengagement Event Campaign 01066,Reengagement,Event,Draft,2026-11-17,,,USD,2026-10-05T00:00:00
1067,CustomerEducation Web Campaign 01067,CustomerEducation,Web,Completed,2023-10-22,2024-01-10,7247.94,USD,2023-07-15T00:00:00
1068,CustomerEducation Phone Campaign 01068,CustomerEducation,Phone,Completed,2026-02-02,2026-05-14,,USD,2025-10-22T00:00:00
1069,Retention Social Campaign 01069,Retention,Social,Completed,2023-08-08,2023-11-06,10257.59,USD,2023-06-20T00:00:00
1070,CustomerEducation Social Campaign 01070,CustomerEducation,Social,Completed,2026-03-11,2026-03-20,26920.49,USD,2026-02-20T00:00:00
1071,Reengagement Event Campaign 01071,Reengagement,Event,Active,2025-01-02,,10188.51,USD,2024-12-12T00:00:00
1072,Awareness Phone Campaign 01072,Awareness,Phone,Completed,2023-09-22,2023-12-06,8346.70,USD,2023-07-25T00:00:00
1073,Awareness Social Campaign 01073,Awareness,Social,Draft,2026-11-10,,,USD,2026-08-18T00:00:00
1074,Awareness Webinar Campaign 01074,Awareness,Webinar,Scheduled,2026-09-07,2026-10-18,13208.08,USD,2026-09-01T00:00:00
1075,Awareness Web Campaign 01075,Awareness,Web,Active,2025-11-22,,6698.97,USD,2025-11-04T00:00:00
1076,Nurture Email Campaign 01076,Nurture,Email,Scheduled,2026-09-07,2026-11-15,7245.86,USD,2026-07-21T00:00:00
1077,CustomerEducation Social Campaign 01077,CustomerEducation,Social,Completed,2023-09-16,2023-10-09,147364.10,USD,2023-07-13T00:00:00
1078,CustomerEducation Webinar Campaign 01078,CustomerEducation,Webinar,Active,2025-11-29,,31178.59,USD,2025-08-11T00:00:00
1079,CustomerEducation Event Campaign 01079,CustomerEducation,Event,Completed,2026-02-15,2026-06-09,11368.61,USD,2025-10-28T00:00:00
1080,Nurture Social Campaign 01080,Nurture,Social,Draft,2026-11-13,,7036.58,USD,2026-09-06T00:00:00
1081,Awareness Social Campaign 01081,Awareness,Social,Active,2024-12-21,,14200.33,USD,2024-09-02T00:00:00
1082,CustomerEducation Webinar Campaign 01082,CustomerEducation,Webinar,Active,2025-02-04,,6790.19,USD,2024-12-30T00:00:00
1083,Awareness Event Campaign 01083,Awareness,Event,Completed,2023-08-28,2023-09-23,8977.26,USD,2023-06-18T00:00:00
1084,CustomerEducation Email Campaign 01084,CustomerEducation,Email,Scheduled,2026-11-03,2026-12-03,56199.02,USD,2026-08-21T00:00:00
1085,Retention Phone Campaign 01085,Retention,Phone,Cancelled,2026-01-03,2026-04-27,5888.15,USD,2025-12-26T00:00:00
1086,Reengagement Social Campaign 01086,Reengagement,Social,Active,2024-12-03,,,USD,2024-09-23T00:00:00
1087,Awareness Social Campaign 01087,Awareness,Social,Completed,2023-08-28,2023-11-25,8878.00,USD,2023-05-25T00:00:00
1088,Reengagement Web Campaign 01088,Reengagement,Web,Completed,2024-12-08,2025-03-10,23716.60,USD,2024-09-24T00:00:00
1089,Retention Webinar Campaign 01089,Retention,Webinar,Completed,2024-12-16,2025-01-01,16734.75,USD,2024-11-20T00:00:00
1090,Reengagement Webinar Campaign 01090,Reengagement,Webinar,Cancelled,2024-11-08,2025-01-23,8597.57,USD,2024-08-31T00:00:00
1091,Awareness Email Campaign 01091,Awareness,Email,Scheduled,2026-11-15,2026-12-15,8225.96,USD,2026-11-05T00:00:00
1092,Retention Social Campaign 01092,Retention,Social,Active,2024-11-15,,6729.78,USD,2024-08-26T00:00:00
1093,Reengagement Event Campaign 01093,Reengagement,Event,Completed,2023-10-18,2023-11-29,5685.41,USD,2023-07-15T00:00:00
1094,Retention Webinar Campaign 01094,Retention,Webinar,Scheduled,2026-09-10,2026-11-04,30272.48,USD,2026-08-07T00:00:00
1095,Retention Email Campaign 01095,Retention,Email,Draft,2026-09-13,,7116.65,USD,2026-06-13T00:00:00
1096,Awareness Webinar Campaign 01096,Awareness,Webinar,Completed,2026-01-08,2026-01-16,,USD,2025-10-09T00:00:00
1097,Reengagement Webinar Campaign 01097,Reengagement,Webinar,Completed,2023-11-23,2024-01-03,9864.36,USD,2023-08-20T00:00:00
1098,Awareness Social Campaign 01098,Awareness,Social,Completed,2023-07-10,2023-09-14,40407.72,USD,2023-06-30T00:00:00
1099,Awareness Social Campaign 01099,Awareness,Social,Cancelled,2024-11-25,2025-03-17,,USD,2024-08-05T00:00:00
1100,Nurture Webinar Campaign 01100,Nurture,Webinar,Active,2026-01-04,,16662.82,USD,2025-12-08T00:00:00
1101,Reengagement Event Campaign 01101,Reengagement,Event,Completed,2025-01-08,2025-04-16,29735.17,USD,2024-10-20T00:00:00
1102,CustomerEducation Web Campaign 01102,CustomerEducation,Web,Completed,2024-11-11,2025-01-28,10292.39,USD,2024-07-29T00:00:00
1103,CustomerEducation Phone Campaign 01103,CustomerEducation,Phone,Completed,2025-12-30,2026-01-26,7888.80,USD,2025-10-05T00:00:00
1104,Retention Social Campaign 01104,Retention,Social,Cancelled,2024-09-21,2024-12-04,7298.15,USD,2024-08-21T00:00:00
1105,Nurture Web Campaign 01105,Nurture,Web,Active,2025-01-02,,5861.18,USD,2024-12-01T00:00:00
1106,Awareness Phone Campaign 01106,Awareness,Phone,Scheduled,2026-08-30,2026-10-12,9900.99,USD,2026-07-31T00:00:00
1107,CustomerEducation Event Campaign 01107,CustomerEducation,Event,Scheduled,2026-09-18,2026-10-18,9543.54,USD,2026-08-22T00:00:00
1108,Nurture Social Campaign 01108,Nurture,Social,Completed,2025-01-02,2025-04-04,95578.82,USD,2024-10-03T00:00:00
1109,Awareness Webinar Campaign 01109,Awareness,Webinar,Cancelled,2025-01-08,2025-01-28,,USD,2024-12-14T00:00:00
1110,Retention Webinar Campaign 01110,Retention,Webinar,Draft,2027-01-10,,32494.11,USD,2026-11-17T00:00:00
1111,Reengagement Social Campaign 01111,Reengagement,Social,Scheduled,2026-11-07,2027-02-28,11383.07,USD,2026-08-14T00:00:00
1112,Awareness Phone Campaign 01112,Awareness,Phone,Active,2026-02-25,,20118.30,USD,2025-12-08T00:00:00
1113,CustomerEducation Phone Campaign 01113,CustomerEducation,Phone,Cancelled,2023-08-24,2023-10-10,5245.84,USD,2023-06-13T00:00:00
1114,Awareness Webinar Campaign 01114,Awareness,Webinar,Draft,2026-08-28,,45500.96,USD,2026-07-19T00:00:00
1115,Reengagement Webinar Campaign 01115,Reengagement,Webinar,Completed,2023-11-10,2023-11-25,,USD,2023-10-02T00:00:00
1116,Nurture Web Campaign 01116,Nurture,Web,Active,2023-10-10,,21862.68,USD,2023-07-21T00:00:00
1117,Awareness Event Campaign 01117,Awareness,Event,Completed,2024-11-12,2024-12-14,5590.25,USD,2024-07-23T00:00:00
1118,Reengagement Web Campaign 01118,Reengagement,Web,Completed,2024-12-16,2025-02-24,9328.31,USD,2024-09-16T00:00:00
1119,Retention Social Campaign 01119,Retention,Social,Completed,2023-10-07,2023-12-15,15821.13,USD,2023-10-02T00:00:00
1120,Reengagement Webinar Campaign 01120,Reengagement,Webinar,Completed,2026-02-07,2026-03-28,6533.15,USD,2026-01-09T00:00:00
1121,Reengagement Web Campaign 01121,Reengagement,Web,Active,2026-03-18,,5000.74,USD,2026-01-30T00:00:00
1122,Awareness Phone Campaign 01122,Awareness,Phone,Completed,2023-09-11,2023-11-06,57283.89,USD,2023-07-23T00:00:00
1123,Nurture Phone Campaign 01123,Nurture,Phone,Active,2026-03-16,,10531.61,USD,2026-03-01T00:00:00
1124,CustomerEducation Social Campaign 01124,CustomerEducation,Social,Completed,2023-12-12,2024-03-12,6467.73,USD,2023-11-21T00:00:00
1125,CustomerEducation Email Campaign 01125,CustomerEducation,Email,Draft,2026-10-24,,30147.85,USD,2026-10-05T00:00:00
1126,Awareness Social Campaign 01126,Awareness,Social,Active,2023-07-02,,,USD,2023-05-18T00:00:00
1127,Nurture Social Campaign 01127,Nurture,Social,Completed,2026-02-18,2026-06-16,5786.97,USD,2026-01-05T00:00:00
1128,Awareness Email Campaign 01128,Awareness,Email,Completed,2024-11-12,2024-12-31,6253.64,USD,2024-08-31T00:00:00
1129,Awareness Event Campaign 01129,Awareness,Event,Active,2024-12-07,,43002.55,USD,2024-08-13T00:00:00
1130,Reengagement Webinar Campaign 01130,Reengagement,Webinar,Scheduled,2026-12-26,2027-04-10,15248.34,USD,2026-12-10T00:00:00
1131,CustomerEducation Social Campaign 01131,CustomerEducation,Social,Completed,2025-01-03,2025-04-20,8403.88,USD,2024-10-27T00:00:00
1132,Awareness Social Campaign 01132,Awareness,Social,Completed,2024-11-14,2025-02-07,7190.55,USD,2024-09-16T00:00:00
1133,Retention Social Campaign 01133,Retention,Social,Completed,2025-09-23,2025-11-16,5066.51,USD,2025-06-05T00:00:00
1134,Awareness Webinar Campaign 01134,Awareness,Webinar,Active,2025-12-15,,5773.25,USD,2025-09-24T00:00:00
1135,CustomerEducation Web Campaign 01135,CustomerEducation,Web,Draft,2026-08-30,,6580.91,USD,2026-08-24T00:00:00
1136,Retention Social Campaign 01136,Retention,Social,Scheduled,2026-12-21,2027-04-06,5752.71,USD,2026-08-27T00:00:00
1137,Nurture Webinar Campaign 01137,Nurture,Webinar,Draft,2026-08-26,,10743.72,USD,2026-07-09T00:00:00
1138,Retention Email Campaign 01138,Retention,Email,Active,2023-04-26,,26007.93,USD,2023-02-23T00:00:00
1139,Awareness Phone Campaign 01139,Awareness,Phone,Completed,2024-10-10,2024-10-27,8538.35,USD,2024-09-23T00:00:00
1140,Retention Social Campaign 01140,Retention,Social,Draft,2026-11-18,,24203.94,USD,2026-08-28T00:00:00
1141,Retention Social Campaign 01141,Retention,Social,Draft,2026-11-02,,19278.34,USD,2026-10-17T00:00:00
1142,Awareness Social Campaign 01142,Awareness,Social,Scheduled,2026-09-04,2026-10-04,8416.75,USD,2026-07-02T00:00:00
1143,CustomerEducation Social Campaign 01143,CustomerEducation,Social,Cancelled,2024-12-21,2025-03-05,14801.22,USD,2024-09-18T00:00:00
1144,Nurture Social Campaign 01144,Nurture,Social,Draft,2026-08-31,,5084.11,USD,2026-07-11T00:00:00
1145,Nurture Webinar Campaign 01145,Nurture,Webinar,Active,2025-12-26,,,USD,2025-11-12T00:00:00
1146,Awareness Web Campaign 01146,Awareness,Web,Completed,2026-03-23,2026-05-16,5829.23,USD,2026-03-04T00:00:00
1147,Reengagement Phone Campaign 01147,Reengagement,Phone,Active,2026-01-23,,11883.29,USD,2025-12-21T00:00:00
1148,Awareness Email Campaign 01148,Awareness,Email,Completed,2026-01-22,2026-03-18,15919.38,USD,2026-01-06T00:00:00
1149,Reengagement Web Campaign 01149,Reengagement,Web,Completed,2025-02-28,2025-03-23,11399.34,USD,2024-12-27T00:00:00
1150,Retention Web Campaign 01150,Retention,Web,Active,2025-10-25,,6866.65,USD,2025-08-02T00:00:00
1151,Retention Webinar Campaign 01151,Retention,Webinar,Active,2025-12-30,,9025.23,USD,2025-12-28T00:00:00
1152,Awareness Webinar Campaign 01152,Awareness,Webinar,Cancelled,2025-12-12,2025-12-24,19626.71,USD,2025-10-13T00:00:00
1153,Reengagement Social Campaign 01153,Reengagement,Social,Active,2024-11-26,,43413.96,USD,2024-08-19T00:00:00
1154,Retention Social Campaign 01154,Retention,Social,Cancelled,2025-02-09,2025-04-06,13236.68,USD,2024-10-28T00:00:00
1155,Reengagement Webinar Campaign 01155,Reengagement,Webinar,Completed,2026-03-13,2026-04-02,12769.30,USD,2026-01-25T00:00:00
1156,Reengagement Webinar Campaign 01156,Reengagement,Webinar,Scheduled,2026-09-08,2026-11-22,7838.64,USD,2026-07-22T00:00:00
1157,Awareness Email Campaign 01157,Awareness,Email,Active,2023-10-16,,9797.72,USD,2023-07-10T00:00:00
1158,Reengagement Web Campaign 01158,Reengagement,Web,Scheduled,2026-11-10,2027-02-09,41922.00,USD,2026-09-16T00:00:00
1159,Awareness Webinar Campaign 01159,Awareness,Webinar,Completed,2025-02-05,2025-04-25,27549.97,USD,2024-10-25T00:00:00
1160,Reengagement Web Campaign 01160,Reengagement,Web,Scheduled,2026-11-08,2027-01-10,,USD,2026-11-03T00:00:00
1161,Retention Email Campaign 01161,Retention,Email,Completed,2026-02-12,2026-03-15,7140.05,USD,2026-01-31T00:00:00
1162,CustomerEducation Event Campaign 01162,CustomerEducation,Event,Completed,2024-11-18,2025-02-04,11030.61,USD,2024-09-08T00:00:00
1163,Nurture Web Campaign 01163,Nurture,Web,Active,2025-03-14,,7867.31,USD,2025-01-17T00:00:00
1164,CustomerEducation Social Campaign 01164,CustomerEducation,Social,Active,2023-09-07,,,USD,2023-07-07T00:00:00
1165,Retention Event Campaign 01165,Retention,Event,Completed,2024-12-18,2025-03-02,10498.63,USD,2024-10-27T00:00:00
1166,Retention Event Campaign 01166,Retention,Event,Scheduled,2026-09-01,2026-11-25,6352.06,USD,2026-05-08T00:00:00
1167,Retention Social Campaign 01167,Retention,Social,Active,2025-01-10,,6012.54,USD,2024-12-02T00:00:00
1168,Retention Webinar Campaign 01168,Retention,Webinar,Completed,2023-11-16,2023-12-09,10058.35,USD,2023-09-21T00:00:00
1169,CustomerEducation Email Campaign 01169,CustomerEducation,Email,Active,2024-10-10,,5255.88,USD,2024-09-07T00:00:00
1170,CustomerEducation Email Campaign 01170,CustomerEducation,Email,Active,2025-12-31,,20406.17,USD,2025-10-24T00:00:00
1171,CustomerEducation Webinar Campaign 01171,CustomerEducation,Webinar,Scheduled,2027-01-02,2027-02-01,7524.81,USD,2026-09-21T00:00:00
1172,CustomerEducation Event Campaign 01172,CustomerEducation,Event,Scheduled,2027-01-02,2027-04-08,6156.73,USD,2026-11-16T00:00:00
1173,Awareness Event Campaign 01173,Awareness,Event,Completed,2026-02-20,2026-04-16,27522.49,USD,2025-11-10T00:00:00
1174,Reengagement Phone Campaign 01174,Reengagement,Phone,Active,2023-09-03,,63554.30,USD,2023-08-29T00:00:00
1175,Nurture Webinar Campaign 01175,Nurture,Webinar,Completed,2025-01-30,2025-03-07,5391.68,USD,2024-12-02T00:00:00
1176,Nurture Phone Campaign 01176,Nurture,Phone,Completed,2025-01-01,2025-02-26,105272.19,USD,2024-09-11T00:00:00
1177,Retention Social Campaign 01177,Retention,Social,Draft,2026-09-17,,8879.73,USD,2026-07-05T00:00:00
1178,Retention Event Campaign 01178,Retention,Event,Cancelled,2023-10-09,2023-10-28,6830.23,USD,2023-10-06T00:00:00
1179,CustomerEducation Phone Campaign 01179,CustomerEducation,Phone,Cancelled,2024-11-08,2024-11-16,8981.92,USD,2024-10-25T00:00:00
1180,Retention Phone Campaign 01180,Retention,Phone,Completed,2025-01-25,2025-02-02,,USD,2024-11-07T00:00:00
1181,Awareness Web Campaign 01181,Awareness,Web,Cancelled,2024-09-14,2024-09-29,,USD,2024-08-04T00:00:00
1182,Awareness Phone Campaign 01182,Awareness,Phone,Active,2025-02-17,,5343.24,USD,2024-12-10T00:00:00
1183,Awareness Phone Campaign 01183,Awareness,Phone,Active,2023-06-24,,,USD,2023-05-29T00:00:00
1184,Nurture Web Campaign 01184,Nurture,Web,Active,2026-03-25,,,USD,2025-12-01T00:00:00
1185,Retention Email Campaign 01185,Retention,Email,Completed,2023-09-26,2023-12-06,12635.01,USD,2023-06-21T00:00:00
1186,Retention Social Campaign 01186,Retention,Social,Completed,2023-10-21,2023-11-06,44397.97,USD,2023-09-25T00:00:00
1187,Retention Phone Campaign 01187,Retention,Phone,Draft,2026-11-02,,69262.20,USD,2026-10-30T00:00:00
1188,Nurture Phone Campaign 01188,Nurture,Phone,Cancelled,2023-11-06,2023-11-28,11126.02,USD,2023-07-26T00:00:00
1189,Retention Event Campaign 01189,Retention,Event,Active,2024-11-23,,5667.24,USD,2024-11-04T00:00:00
1190,Retention Webinar Campaign 01190,Retention,Webinar,Completed,2023-10-12,2024-01-19,,USD,2023-09-26T00:00:00
1191,Reengagement Email Campaign 01191,Reengagement,Email,Cancelled,2023-09-17,2023-12-30,11037.24,USD,2023-08-03T00:00:00
1192,CustomerEducation Webinar Campaign 01192,CustomerEducation,Webinar,Completed,2026-04-19,2026-05-11,43885.23,USD,2025-12-27T00:00:00
1193,Awareness Social Campaign 01193,Awareness,Social,Completed,2023-09-02,2023-12-12,8216.14,USD,2023-06-24T00:00:00
1194,Nurture Webinar Campaign 01194,Nurture,Webinar,Draft,2026-12-29,,6570.52,USD,2026-09-20T00:00:00
1195,CustomerEducation Webinar Campaign 01195,CustomerEducation,Webinar,Completed,2023-10-13,2023-11-03,9138.81,USD,2023-10-08T00:00:00
1196,Awareness Email Campaign 01196,Awareness,Email,Scheduled,2026-11-07,2026-12-07,21631.70,USD,2026-08-10T00:00:00
1197,Reengagement Webinar Campaign 01197,Reengagement,Webinar,Scheduled,2027-01-05,2027-04-22,,USD,2026-09-20T00:00:00
1198,CustomerEducation Email Campaign 01198,CustomerEducation,Email,Active,2026-01-14,,11709.77,USD,2025-12-28T00:00:00
1199,CustomerEducation Event Campaign 01199,CustomerEducation,Event,Completed,2023-09-25,2023-11-12,11548.39,USD,2023-06-11T00:00:00
1200,Nurture Phone Campaign 01200,Nurture,Phone,Scheduled,2027-01-04,2027-05-03,8026.66,USD,2026-10-10T00:00:00
1201,Reengagement Phone Campaign 01201,Reengagement,Phone,Completed,2024-11-21,2024-12-10,12280.62,USD,2024-09-22T00:00:00
1202,CustomerEducation Email Campaign 01202,CustomerEducation,Email,Draft,2027-01-01,,29687.80,USD,2026-11-14T00:00:00
1203,Retention Email Campaign 01203,Retention,Email,Completed,2024-11-08,2024-11-22,12411.47,USD,2024-09-03T00:00:00
1204,Awareness Webinar Campaign 01204,Awareness,Webinar,Scheduled,2026-09-07,2026-10-16,9991.30,USD,2026-08-10T00:00:00
1205,CustomerEducation Social Campaign 01205,CustomerEducation,Social,Active,2025-12-07,,13177.58,USD,2025-10-07T00:00:00
1206,CustomerEducation Phone Campaign 01206,CustomerEducation,Phone,Completed,2023-08-19,2023-12-02,8213.23,USD,2023-04-27T00:00:00
1207,Reengagement Event Campaign 01207,Reengagement,Event,Active,2025-02-01,,15164.19,USD,2024-12-03T00:00:00
1208,CustomerEducation Phone Campaign 01208,CustomerEducation,Phone,Completed,2024-12-19,2025-01-16,5027.27,USD,2024-11-02T00:00:00
1209,Nurture Phone Campaign 01209,Nurture,Phone,Completed,2025-12-27,2026-01-28,5322.17,USD,2025-10-28T00:00:00
1210,Awareness Web Campaign 01210,Awareness,Web,Active,2026-01-07,,21060.60,USD,2025-12-30T00:00:00
1211,Reengagement Email Campaign 01211,Reengagement,Email,Completed,2023-10-24,2024-02-14,33641.90,USD,2023-08-06T00:00:00
1212,CustomerEducation Social Campaign 01212,CustomerEducation,Social,Active,2023-08-31,,5726.36,USD,2023-07-20T00:00:00
1213,CustomerEducation Web Campaign 01213,CustomerEducation,Web,Scheduled,2027-01-02,2027-04-13,41466.66,USD,2026-10-23T00:00:00
1214,Awareness Social Campaign 01214,Awareness,Social,Draft,2026-11-04,,8841.73,USD,2026-10-09T00:00:00
1215,Reengagement Phone Campaign 01215,Reengagement,Phone,Draft,2026-11-06,,16010.93,USD,2026-08-10T00:00:00
1216,Reengagement Webinar Campaign 01216,Reengagement,Webinar,Cancelled,2023-11-12,2024-02-14,,USD,2023-08-09T00:00:00
1217,Reengagement Event Campaign 01217,Reengagement,Event,Completed,2025-09-17,2025-12-08,18334.66,USD,2025-08-16T00:00:00
1218,Awareness Event Campaign 01218,Awareness,Event,Active,2024-12-18,,36183.88,USD,2024-10-07T00:00:00
1219,Nurture Webinar Campaign 01219,Nurture,Webinar,Completed,2025-01-26,2025-05-12,15591.90,USD,2024-10-23T00:00:00
1220,Awareness Phone Campaign 01220,Awareness,Phone,Active,2023-12-30,,5642.48,USD,2023-10-14T00:00:00
1221,Nurture Phone Campaign 01221,Nurture,Phone,Completed,2023-09-12,2023-12-01,7638.09,USD,2023-08-22T00:00:00
1222,CustomerEducation Webinar Campaign 01222,CustomerEducation,Webinar,Completed,2024-12-05,2025-01-16,27532.46,USD,2024-09-04T00:00:00
1223,Reengagement Webinar Campaign 01223,Reengagement,Webinar,Completed,2026-01-29,2026-05-20,7643.28,USD,2026-01-19T00:00:00
1224,CustomerEducation Email Campaign 01224,CustomerEducation,Email,Active,2023-09-15,,12567.12,USD,2023-07-21T00:00:00
1225,Reengagement Social Campaign 01225,Reengagement,Social,Completed,2025-03-08,2025-06-21,99360.32,USD,2024-12-25T00:00:00
1226,Nurture Social Campaign 01226,Nurture,Social,Active,2025-01-03,,7484.14,USD,2024-09-09T00:00:00
1227,Awareness Social Campaign 01227,Awareness,Social,Active,2023-12-05,,9426.69,USD,2023-11-07T00:00:00
1228,Awareness Phone Campaign 01228,Awareness,Phone,Draft,2026-09-07,,11520.76,USD,2026-08-09T00:00:00
1229,Retention Email Campaign 01229,Retention,Email,Active,2024-12-06,,10806.00,USD,2024-10-19T00:00:00
1230,Awareness Webinar Campaign 01230,Awareness,Webinar,Cancelled,2024-11-27,2025-03-18,10956.43,USD,2024-09-20T00:00:00
1231,Awareness Social Campaign 01231,Awareness,Social,Completed,2026-05-08,2026-06-29,7729.77,USD,2026-02-16T00:00:00
1232,Nurture Phone Campaign 01232,Nurture,Phone,Completed,2023-10-01,2023-11-25,91794.53,USD,2023-07-15T00:00:00
1233,Awareness Phone Campaign 01233,Awareness,Phone,Completed,2024-12-02,2025-01-03,11806.45,USD,2024-09-09T00:00:00
1234,Reengagement Event Campaign 01234,Reengagement,Event,Cancelled,2025-01-24,2025-04-30,7058.19,USD,2024-10-06T00:00:00
1235,CustomerEducation Event Campaign 01235,CustomerEducation,Event,Active,2023-06-27,,5674.34,USD,2023-04-22T00:00:00
1236,Retention Email Campaign 01236,Retention,Email,Completed,2023-08-10,2023-10-20,25930.32,USD,2023-07-19T00:00:00
1237,Nurture Social Campaign 01237,Nurture,Social,Active,2024-07-27,,6364.83,USD,2024-06-12T00:00:00
1238,Reengagement Web Campaign 01238,Reengagement,Web,Completed,2025-12-07,2026-03-23,,USD,2025-09-20T00:00:00
1239,Retention Web Campaign 01239,Retention,Web,Active,2025-12-20,,12965.41,USD,2025-11-21T00:00:00
1240,Nurture Social Campaign 01240,Nurture,Social,Completed,2023-09-17,2023-10-15,,USD,2023-05-22T00:00:00
1241,CustomerEducation Phone Campaign 01241,CustomerEducation,Phone,Active,2025-02-08,,51644.95,USD,2024-11-02T00:00:00
1242,Awareness Social Campaign 01242,Awareness,Social,Scheduled,2027-01-05,2027-03-09,7323.34,USD,2026-10-25T00:00:00
1243,Nurture Web Campaign 01243,Nurture,Web,Active,2023-09-27,,280460.47,USD,2023-07-21T00:00:00
1244,Awareness Web Campaign 01244,Awareness,Web,Active,2025-12-18,,10840.04,USD,2025-10-21T00:00:00
1245,CustomerEducation Social Campaign 01245,CustomerEducation,Social,Active,2025-11-09,,5018.71,USD,2025-10-28T00:00:00
1246,Retention Web Campaign 01246,Retention,Web,Active,2025-12-01,,19870.96,USD,2025-11-12T00:00:00
1247,Reengagement Webinar Campaign 01247,Reengagement,Webinar,Completed,2024-11-25,2025-01-19,14329.58,USD,2024-08-22T00:00:00
1248,Reengagement Webinar Campaign 01248,Reengagement,Webinar,Completed,2025-11-06,2026-01-20,19266.77,USD,2025-07-26T00:00:00
1249,Reengagement Web Campaign 01249,Reengagement,Web,Completed,2023-08-25,2023-10-31,5021.80,USD,2023-07-18T00:00:00
1250,Awareness Webinar Campaign 01250,Awareness,Webinar,Active,2025-03-11,,,USD,2025-01-31T00:00:00
1251,CustomerEducation Event Campaign 01251,CustomerEducation,Event,Active,2024-12-04,,18504.57,USD,2024-08-19T00:00:00
1252,Reengagement Webinar Campaign 01252,Reengagement,Webinar,Scheduled,2026-11-09,2026-12-22,,USD,2026-10-23T00:00:00
1253,Nurture Event Campaign 01253,Nurture,Event,Draft,2027-01-06,,9936.82,USD,2026-12-13T00:00:00
1254,Awareness Email Campaign 01254,Awareness,Email,Completed,2025-03-01,2025-05-08,8111.89,USD,2024-12-28T00:00:00
1255,Reengagement Phone Campaign 01255,Reengagement,Phone,Scheduled,2026-11-11,2027-02-03,27926.81,USD,2026-10-10T00:00:00
1256,CustomerEducation Web Campaign 01256,CustomerEducation,Web,Active,2026-01-03,,90356.94,USD,2025-09-27T00:00:00
1257,Nurture Event Campaign 01257,Nurture,Event,Completed,2025-01-06,2025-03-06,9410.03,USD,2024-10-15T00:00:00
1258,Retention Social Campaign 01258,Retention,Social,Completed,2023-09-11,2024-01-06,7148.54,USD,2023-06-10T00:00:00
1259,CustomerEducation Phone Campaign 01259,CustomerEducation,Phone,Scheduled,2026-12-22,2027-04-14,17206.70,USD,2026-12-06T00:00:00
1260,Nurture Event Campaign 01260,Nurture,Event,Scheduled,2026-11-04,2027-01-07,24378.98,USD,2026-10-27T00:00:00
1261,Reengagement Phone Campaign 01261,Reengagement,Phone,Completed,2024-12-09,2024-12-20,,USD,2024-08-30T00:00:00
1262,Reengagement Social Campaign 01262,Reengagement,Social,Completed,2023-08-22,2023-09-26,11052.46,USD,2023-05-11T00:00:00
1263,Nurture Web Campaign 01263,Nurture,Web,Completed,2023-12-08,2024-01-11,10017.47,USD,2023-09-26T00:00:00
1264,Reengagement Web Campaign 01264,Reengagement,Web,Active,2025-12-10,,69946.86,USD,2025-09-06T00:00:00
1265,CustomerEducation Social Campaign 01265,CustomerEducation,Social,Draft,2027-01-02,,62643.31,USD,2026-11-07T00:00:00
1266,Awareness Event Campaign 01266,Awareness,Event,Cancelled,2023-09-07,2023-12-15,247901.96,USD,2023-05-31T00:00:00
1267,Awareness Email Campaign 01267,Awareness,Email,Completed,2025-01-15,2025-04-06,46809.67,USD,2024-10-28T00:00:00
1268,Reengagement Web Campaign 01268,Reengagement,Web,Active,2024-11-04,,6468.37,USD,2024-09-15T00:00:00
1269,CustomerEducation Email Campaign 01269,CustomerEducation,Email,Completed,2023-10-02,2024-01-25,12698.94,USD,2023-06-19T00:00:00
1270,Retention Event Campaign 01270,Retention,Event,Completed,2025-12-07,2026-01-25,6957.51,USD,2025-11-06T00:00:00
1271,Awareness Social Campaign 01271,Awareness,Social,Active,2025-12-26,,26332.24,USD,2025-12-06T00:00:00
1272,Nurture Web Campaign 01272,Nurture,Web,Active,2023-09-19,,8556.32,USD,2023-07-30T00:00:00
1273,Reengagement Webinar Campaign 01273,Reengagement,Webinar,Completed,2023-07-20,2023-11-17,11119.54,USD,2023-04-07T00:00:00
1274,Reengagement Webinar Campaign 01274,Reengagement,Webinar,Scheduled,2026-11-13,2026-12-15,5066.06,USD,2026-08-04T00:00:00
1275,Nurture Event Campaign 01275,Nurture,Event,Completed,2024-12-05,2025-03-22,,USD,2024-11-02T00:00:00
1276,Reengagement Webinar Campaign 01276,Reengagement,Webinar,Active,2023-09-16,,35810.25,USD,2023-09-03T00:00:00
1277,Nurture Email Campaign 01277,Nurture,Email,Cancelled,2023-09-29,2024-01-07,,USD,2023-08-24T00:00:00
1278,CustomerEducation Web Campaign 01278,CustomerEducation,Web,Scheduled,2026-08-30,2026-09-29,12023.67,USD,2026-07-03T00:00:00
1279,Retention Event Campaign 01279,Retention,Event,Completed,2023-10-14,2024-01-25,14585.84,USD,2023-07-19T00:00:00
1280,Retention Event Campaign 01280,Retention,Event,Active,2026-01-05,,10554.26,USD,2025-09-12T00:00:00
1281,CustomerEducation Webinar Campaign 01281,CustomerEducation,Webinar,Draft,2027-01-01,,41240.19,USD,2026-10-19T00:00:00
1282,CustomerEducation Social Campaign 01282,CustomerEducation,Social,Active,2023-09-09,,5070.87,USD,2023-07-27T00:00:00
1283,Awareness Email Campaign 01283,Awareness,Email,Draft,2026-09-09,,21036.93,USD,2026-07-09T00:00:00
1284,Awareness Web Campaign 01284,Awareness,Web,Cancelled,2024-12-05,2024-12-22,9058.84,USD,2024-11-09T00:00:00
1285,Nurture Event Campaign 01285,Nurture,Event,Completed,2026-02-09,2026-05-26,6695.14,USD,2026-01-01T00:00:00
1286,Retention Social Campaign 01286,Retention,Social,Active,2023-08-30,,30691.81,USD,2023-08-12T00:00:00
1287,Retention Event Campaign 01287,Retention,Event,Cancelled,2024-11-06,2024-11-24,34869.97,USD,2024-10-03T00:00:00
1288,CustomerEducation Social Campaign 01288,CustomerEducation,Social,Scheduled,2027-01-04,2027-02-07,,USD,2026-11-29T00:00:00
1289,Awareness Email Campaign 01289,Awareness,Email,Active,2024-12-04,,14907.65,USD,2024-08-13T00:00:00
1290,CustomerEducation Event Campaign 01290,CustomerEducation,Event,Active,2026-01-02,,,USD,2026-01-01T00:00:00
1291,Reengagement Email Campaign 01291,Reengagement,Email,Completed,2023-10-20,2023-11-07,7613.25,USD,2023-09-05T00:00:00
1292,Reengagement Phone Campaign 01292,Reengagement,Phone,Completed,2023-10-24,2024-01-23,5358.26,USD,2023-09-15T00:00:00
1293,Reengagement Email Campaign 01293,Reengagement,Email,Active,2026-05-14,,9743.36,USD,2026-02-18T00:00:00
1294,Reengagement Email Campaign 01294,Reengagement,Email,Completed,2025-01-16,2025-04-07,5570.54,USD,2024-09-29T00:00:00
1295,Retention Webinar Campaign 01295,Retention,Webinar,Completed,2023-08-17,2023-09-30,,USD,2023-07-08T00:00:00
1296,Awareness Event Campaign 01296,Awareness,Event,Completed,2026-02-04,2026-06-04,16913.43,USD,2025-12-15T00:00:00
1297,CustomerEducation Email Campaign 01297,CustomerEducation,Email,Completed,2023-09-10,2023-11-19,8254.13,USD,2023-05-13T00:00:00
1298,Retention Email Campaign 01298,Retention,Email,Completed,2025-01-19,2025-03-26,38757.13,USD,2024-10-27T00:00:00
1299,Retention Web Campaign 01299,Retention,Web,Completed,2025-02-07,2025-04-10,8154.15,USD,2024-11-11T00:00:00
1300,Nurture Event Campaign 01300,Nurture,Event,Draft,2026-11-07,,6149.38,USD,2026-08-17T00:00:00
1301,Nurture Webinar Campaign 01301,Nurture,Webinar,Cancelled,2026-01-26,2026-02-17,5516.63,USD,2025-10-06T00:00:00
1302,Nurture Email Campaign 01302,Nurture,Email,Completed,2023-10-17,2023-12-25,8431.03,USD,2023-09-12T00:00:00
1303,Reengagement Web Campaign 01303,Reengagement,Web,Cancelled,2023-07-14,2023-08-15,8038.69,USD,2023-05-20T00:00:00
1304,Reengagement Web Campaign 01304,Reengagement,Web,Active,2025-02-10,,69815.65,USD,2025-02-07T00:00:00
1305,Awareness Web Campaign 01305,Awareness,Web,Completed,2024-12-28,2025-04-11,15340.52,USD,2024-09-16T00:00:00
1306,Reengagement Web Campaign 01306,Reengagement,Web,Active,2026-01-15,,5201.67,USD,2025-10-15T00:00:00
1307,Nurture Event Campaign 01307,Nurture,Event,Completed,2023-07-23,2023-10-16,6211.34,USD,2023-05-23T00:00:00
1308,Retention Event Campaign 01308,Retention,Event,Draft,2027-01-06,,,USD,2026-12-07T00:00:00
1309,Nurture Web Campaign 01309,Nurture,Web,Completed,2024-11-06,2025-01-24,20627.09,USD,2024-08-17T00:00:00
1310,Reengagement Email Campaign 01310,Reengagement,Email,Active,2023-08-25,,14806.40,USD,2023-07-19T00:00:00
1311,CustomerEducation Event Campaign 01311,CustomerEducation,Event,Cancelled,2023-08-27,2023-12-20,5373.21,USD,2023-05-22T00:00:00
1312,Nurture Email Campaign 01312,Nurture,Email,Active,2023-09-06,,,USD,2023-05-24T00:00:00
1313,Awareness Phone Campaign 01313,Awareness,Phone,Active,2025-02-13,,18612.81,USD,2024-12-05T00:00:00
1314,CustomerEducation Event Campaign 01314,CustomerEducation,Event,Cancelled,2023-08-07,2023-08-25,21790.15,USD,2023-04-23T00:00:00
1315,Reengagement Web Campaign 01315,Reengagement,Web,Completed,2023-10-25,2024-02-05,22035.76,USD,2023-08-16T00:00:00
1316,Reengagement Phone Campaign 01316,Reengagement,Phone,Draft,2026-12-28,,5586.48,USD,2026-12-14T00:00:00
1317,Retention Email Campaign 01317,Retention,Email,Cancelled,2026-01-24,2026-04-21,5159.05,USD,2025-12-27T00:00:00
1318,Reengagement Social Campaign 01318,Reengagement,Social,Cancelled,2026-01-19,2026-04-20,101925.64,USD,2025-10-29T00:00:00
1319,Awareness Social Campaign 01319,Awareness,Social,Draft,2026-11-16,,6627.15,USD,2026-09-11T00:00:00
1320,CustomerEducation Webinar Campaign 01320,CustomerEducation,Webinar,Completed,2024-12-05,2025-02-08,,USD,2024-11-28T00:00:00
1321,Reengagement Social Campaign 01321,Reengagement,Social,Draft,2026-11-04,,17027.58,USD,2026-09-26T00:00:00
1322,Awareness Web Campaign 01322,Awareness,Web,Scheduled,2026-09-09,2026-11-13,8322.29,USD,2026-08-16T00:00:00
1323,CustomerEducation Webinar Campaign 01323,CustomerEducation,Webinar,Draft,2026-09-04,,25298.07,USD,2026-08-30T00:00:00
1324,Retention Webinar Campaign 01324,Retention,Webinar,Scheduled,2026-09-05,2027-01-01,,USD,2026-08-31T00:00:00
1325,Reengagement Phone Campaign 01325,Reengagement,Phone,Cancelled,2023-08-28,2023-10-14,,USD,2023-08-22T00:00:00
1326,CustomerEducation Social Campaign 01326,CustomerEducation,Social,Active,2024-12-14,,55521.69,USD,2024-11-03T00:00:00
1327,Awareness Web Campaign 01327,Awareness,Web,Completed,2025-01-26,2025-03-30,29825.99,USD,2024-11-27T00:00:00
1328,Reengagement Web Campaign 01328,Reengagement,Web,Completed,2023-11-16,2024-03-03,47102.33,USD,2023-08-16T00:00:00
1329,CustomerEducation Web Campaign 01329,CustomerEducation,Web,Cancelled,2026-04-13,2026-07-25,32389.90,USD,2025-12-28T00:00:00
1330,Nurture Phone Campaign 01330,Nurture,Phone,Active,2023-12-22,,,USD,2023-12-08T00:00:00
1331,CustomerEducation Social Campaign 01331,CustomerEducation,Social,Completed,2026-01-25,2026-04-11,12152.47,USD,2025-12-31T00:00:00
1332,Retention Social Campaign 01332,Retention,Social,Completed,2025-02-21,2025-03-12,6103.68,USD,2024-12-20T00:00:00
1333,CustomerEducation Web Campaign 01333,CustomerEducation,Web,Completed,2025-02-25,2025-04-23,9234.29,USD,2024-11-09T00:00:00
1334,Awareness Phone Campaign 01334,Awareness,Phone,Cancelled,2025-09-10,2025-10-06,24706.53,USD,2025-05-21T00:00:00
1335,Reengagement Event Campaign 01335,Reengagement,Event,Active,2025-11-10,,6930.60,USD,2025-08-26T00:00:00
1336,Nurture Web Campaign 01336,Nurture,Web,Scheduled,2026-12-26,2027-04-04,9121.67,USD,2026-12-19T00:00:00
1337,Retention Email Campaign 01337,Retention,Email,Completed,2026-01-25,2026-05-11,24753.49,USD,2025-12-26T00:00:00
1338,Nurture Email Campaign 01338,Nurture,Email,Draft,2026-09-08,,39663.05,USD,2026-06-18T00:00:00
1339,Reengagement Email Campaign 01339,Reengagement,Email,Completed,2023-09-08,2023-11-18,24545.97,USD,2023-08-09T00:00:00
1340,CustomerEducation Webinar Campaign 01340,CustomerEducation,Webinar,Completed,2023-10-01,2023-10-23,,USD,2023-09-21T00:00:00
1341,Awareness Email Campaign 01341,Awareness,Email,Scheduled,2026-12-22,2027-01-21,5322.42,USD,2026-12-10T00:00:00
1342,Nurture Web Campaign 01342,Nurture,Web,Completed,2023-08-02,2023-09-23,5609.50,USD,2023-04-16T00:00:00
1343,Awareness Email Campaign 01343,Awareness,Email,Draft,2026-09-08,,14266.48,USD,2026-06-07T00:00:00
1344,Nurture Web Campaign 01344,Nurture,Web,Completed,2025-12-07,2026-01-25,5291.25,USD,2025-10-20T00:00:00
1345,Reengagement Email Campaign 01345,Reengagement,Email,Active,2023-08-29,,6675.68,USD,2023-06-23T00:00:00
1346,Awareness Event Campaign 01346,Awareness,Event,Active,2024-12-15,,99997.09,USD,2024-10-21T00:00:00
1347,CustomerEducation Email Campaign 01347,CustomerEducation,Email,Completed,2024-11-03,2024-12-26,35365.59,USD,2024-10-29T00:00:00
1348,Awareness Webinar Campaign 01348,Awareness,Webinar,Cancelled,2025-01-31,2025-02-08,350634.45,USD,2025-01-30T00:00:00
1349,Retention Social Campaign 01349,Retention,Social,Draft,2026-08-23,,45500.65,USD,2026-06-16T00:00:00
1350,Awareness Web Campaign 01350,Awareness,Web,Cancelled,2023-09-02,2023-12-09,18767.09,USD,2023-05-27T00:00:00
1351,Reengagement Webinar Campaign 01351,Reengagement,Webinar,Draft,2026-11-06,,,USD,2026-08-18T00:00:00
1352,Reengagement Webinar Campaign 01352,Reengagement,Webinar,Completed,2023-10-14,2023-10-23,11480.03,USD,2023-07-03T00:00:00
1353,Retention Event Campaign 01353,Retention,Event,Completed,2026-01-21,2026-03-03,31827.95,USD,2026-01-07T00:00:00
1354,Reengagement Webinar Campaign 01354,Reengagement,Webinar,Completed,2025-11-16,2026-01-09,5669.69,USD,2025-10-29T00:00:00
1355,Nurture Web Campaign 01355,Nurture,Web,Completed,2025-12-25,2026-03-20,10244.46,USD,2025-11-06T00:00:00
1356,Awareness Event Campaign 01356,Awareness,Event,Active,2023-10-05,,58040.48,USD,2023-08-31T00:00:00
1357,CustomerEducation Social Campaign 01357,CustomerEducation,Social,Cancelled,2025-12-08,2026-04-04,37026.24,USD,2025-08-21T00:00:00
1358,Nurture Webinar Campaign 01358,Nurture,Webinar,Active,2025-01-07,,275379.57,USD,2024-10-14T00:00:00
1359,CustomerEducation Social Campaign 01359,CustomerEducation,Social,Completed,2025-02-06,2025-03-08,6449.61,USD,2025-02-04T00:00:00
1360,Nurture Event Campaign 01360,Nurture,Event,Scheduled,2026-09-13,2026-11-02,19263.13,USD,2026-06-15T00:00:00
1361,Nurture Event Campaign 01361,Nurture,Event,Scheduled,2026-12-29,2027-01-28,6106.13,USD,2026-09-28T00:00:00
1362,CustomerEducation Phone Campaign 01362,CustomerEducation,Phone,Active,2023-07-30,,236030.77,USD,2023-07-12T00:00:00
1363,Reengagement Email Campaign 01363,Reengagement,Email,Cancelled,2024-11-23,2025-03-14,16805.17,USD,2024-08-06T00:00:00
1364,Awareness Email Campaign 01364,Awareness,Email,Draft,2026-09-09,,,USD,2026-06-09T00:00:00
1365,CustomerEducation Social Campaign 01365,CustomerEducation,Social,Completed,2023-10-19,2023-12-05,5943.27,USD,2023-07-24T00:00:00
1366,Awareness Phone Campaign 01366,Awareness,Phone,Cancelled,2026-02-04,2026-04-05,30970.57,USD,2025-12-17T00:00:00
1367,Retention Web Campaign 01367,Retention,Web,Scheduled,2026-09-07,2026-10-22,5332.15,USD,2026-08-20T00:00:00
1368,Nurture Email Campaign 01368,Nurture,Email,Draft,2026-08-23,,21755.09,USD,2026-05-10T00:00:00
1369,Reengagement Email Campaign 01369,Reengagement,Email,Active,2026-01-30,,10801.81,USD,2026-01-18T00:00:00
1370,Retention Phone Campaign 01370,Retention,Phone,Cancelled,2023-05-30,2023-07-14,7347.26,USD,2023-02-24T00:00:00
1371,Retention Social Campaign 01371,Retention,Social,Scheduled,2026-11-11,2027-01-22,6962.10,USD,2026-08-24T00:00:00
1372,CustomerEducation Email Campaign 01372,CustomerEducation,Email,Completed,2023-09-29,2023-11-02,29025.41,USD,2023-07-25T00:00:00
1373,Awareness Phone Campaign 01373,Awareness,Phone,Completed,2023-07-29,2023-09-28,6070.82,USD,2023-07-04T00:00:00
1374,Awareness Email Campaign 01374,Awareness,Email,Completed,2023-09-01,2023-11-28,5976.87,USD,2023-06-21T00:00:00
1375,Retention Event Campaign 01375,Retention,Event,Completed,2024-12-28,2025-03-31,7775.32,USD,2024-12-14T00:00:00
1376,Awareness Webinar Campaign 01376,Awareness,Webinar,Completed,2023-10-01,2023-10-18,6570.06,USD,2023-07-30T00:00:00
1377,Retention Event Campaign 01377,Retention,Event,Completed,2023-09-24,2023-10-26,9706.71,USD,2023-08-16T00:00:00
1378,Retention Event Campaign 01378,Retention,Event,Active,2023-07-29,,12434.36,USD,2023-07-26T00:00:00
1379,Nurture Phone Campaign 01379,Nurture,Phone,Completed,2026-03-18,2026-06-23,5157.63,USD,2026-02-10T00:00:00
1380,CustomerEducation Web Campaign 01380,CustomerEducation,Web,Draft,2026-11-09,,36155.49,USD,2026-08-27T00:00:00
1381,CustomerEducation Web Campaign 01381,CustomerEducation,Web,Cancelled,2025-01-24,2025-04-24,38735.33,USD,2024-10-13T00:00:00
1382,Reengagement Event Campaign 01382,Reengagement,Event,Completed,2026-03-01,2026-06-15,6819.91,USD,2025-12-06T00:00:00
1383,Awareness Webinar Campaign 01383,Awareness,Webinar,Active,2023-10-08,,7278.84,USD,2023-06-15T00:00:00
1384,Retention Webinar Campaign 01384,Retention,Webinar,Completed,2025-03-05,2025-04-23,16556.28,USD,2025-01-31T00:00:00
1385,Awareness Social Campaign 01385,Awareness,Social,Completed,2024-12-20,2025-01-04,11215.12,USD,2024-10-29T00:00:00
1386,Retention Email Campaign 01386,Retention,Email,Completed,2024-11-15,2024-12-20,30496.57,USD,2024-07-24T00:00:00
1387,CustomerEducation Web Campaign 01387,CustomerEducation,Web,Active,2025-01-13,,,USD,2024-10-01T00:00:00
1388,Retention Social Campaign 01388,Retention,Social,Active,2025-11-27,,13353.59,USD,2025-08-08T00:00:00
1389,Reengagement Social Campaign 01389,Reengagement,Social,Completed,2023-08-27,2023-09-24,5599.26,USD,2023-05-08T00:00:00
1390,Retention Webinar Campaign 01390,Retention,Webinar,Active,2023-07-22,,6675.73,USD,2023-06-11T00:00:00
1391,Awareness Email Campaign 01391,Awareness,Email,Scheduled,2026-11-09,2026-12-19,20237.25,USD,2026-09-11T00:00:00
1392,Retention Web Campaign 01392,Retention,Web,Scheduled,2026-09-10,2026-11-25,20373.99,USD,2026-07-26T00:00:00
1393,Retention Email Campaign 01393,Retention,Email,Completed,2026-02-12,2026-02-19,6559.99,USD,2025-12-16T00:00:00
1394,Retention Email Campaign 01394,Retention,Email,Completed,2023-10-12,2023-11-05,6462.66,USD,2023-07-22T00:00:00
1395,Retention Phone Campaign 01395,Retention,Phone,Active,2025-01-08,,,USD,2024-09-26T00:00:00
1396,CustomerEducation Email Campaign 01396,CustomerEducation,Email,Completed,2025-12-26,2026-03-19,,USD,2025-10-24T00:00:00
1397,Nurture Event Campaign 01397,Nurture,Event,Scheduled,2027-01-01,2027-04-29,,USD,2026-10-01T00:00:00
1398,Reengagement Web Campaign 01398,Reengagement,Web,Completed,2023-10-30,2024-01-14,10788.23,USD,2023-08-22T00:00:00
1399,Reengagement Event Campaign 01399,Reengagement,Event,Completed,2025-01-15,2025-04-22,5292.30,USD,2024-10-15T00:00:00
1400,Nurture Phone Campaign 01400,Nurture,Phone,Active,2023-08-12,,12470.93,USD,2023-08-04T00:00:00
1401,Retention Event Campaign 01401,Retention,Event,Cancelled,2025-01-04,2025-03-16,19868.04,USD,2024-11-13T00:00:00
1402,Nurture Web Campaign 01402,Nurture,Web,Active,2025-12-24,,6566.20,USD,2025-09-12T00:00:00
1403,CustomerEducation Phone Campaign 01403,CustomerEducation,Phone,Active,2025-10-22,,12420.33,USD,2025-08-27T00:00:00
1404,Awareness Email Campaign 01404,Awareness,Email,Completed,2023-10-08,2024-01-15,64899.40,USD,2023-10-03T00:00:00
1405,CustomerEducation Email Campaign 01405,CustomerEducation,Email,Active,2026-01-28,,9931.92,USD,2026-01-07T00:00:00
1406,Retention Webinar Campaign 01406,Retention,Webinar,Completed,2024-10-27,2024-11-17,241428.99,USD,2024-07-28T00:00:00
1407,Awareness Social Campaign 01407,Awareness,Social,Completed,2023-09-23,2023-12-05,,USD,2023-09-05T00:00:00
1408,CustomerEducation Event Campaign 01408,CustomerEducation,Event,Cancelled,2024-11-29,2025-01-25,6390.08,USD,2024-09-08T00:00:00
1409,Reengagement Email Campaign 01409,Reengagement,Email,Scheduled,2026-09-10,2026-10-28,5282.46,USD,2026-06-06T00:00:00
1410,Nurture Webinar Campaign 01410,Nurture,Webinar,Draft,2026-11-11,,15580.37,USD,2026-09-09T00:00:00
1411,CustomerEducation Email Campaign 01411,CustomerEducation,Email,Cancelled,2024-12-29,2025-01-20,5238.69,USD,2024-10-22T00:00:00
1412,Nurture Event Campaign 01412,Nurture,Event,Completed,2026-01-07,2026-04-04,9978.06,USD,2025-12-06T00:00:00
1413,Reengagement Event Campaign 01413,Reengagement,Event,Draft,2026-12-22,,20925.46,USD,2026-09-29T00:00:00
1414,Reengagement Webinar Campaign 01414,Reengagement,Webinar,Completed,2024-10-29,2025-01-14,7769.81,USD,2024-07-24T00:00:00
1415,Awareness Web Campaign 01415,Awareness,Web,Completed,2026-01-19,2026-02-28,6396.50,USD,2025-10-13T00:00:00
1416,CustomerEducation Phone Campaign 01416,CustomerEducation,Phone,Completed,2025-12-16,2026-01-09,12354.42,USD,2025-10-19T00:00:00
1417,Reengagement Social Campaign 01417,Reengagement,Social,Active,2024-12-05,,5351.91,USD,2024-10-16T00:00:00
1418,CustomerEducation Email Campaign 01418,CustomerEducation,Email,Cancelled,2024-11-23,2025-01-20,5770.97,USD,2024-10-28T00:00:00
1419,Awareness Webinar Campaign 01419,Awareness,Webinar,Completed,2026-02-07,2026-02-26,6647.25,USD,2025-11-27T00:00:00
1420,CustomerEducation Web Campaign 01420,CustomerEducation,Web,Active,2023-09-19,,15414.28,USD,2023-05-22T00:00:00
1421,Reengagement Email Campaign 01421,Reengagement,Email,Completed,2023-09-26,2023-12-20,5503.22,USD,2023-08-16T00:00:00
1422,Awareness Event Campaign 01422,Awareness,Event,Scheduled,2026-09-09,2026-11-01,6160.30,USD,2026-06-19T00:00:00
1423,Awareness Web Campaign 01423,Awareness,Web,Cancelled,2023-09-19,2023-11-03,7484.01,USD,2023-07-02T00:00:00
1424,Retention Social Campaign 01424,Retention,Social,Cancelled,2025-02-21,2025-05-24,7477.94,USD,2024-10-27T00:00:00
1425,Nurture Email Campaign 01425,Nurture,Email,Active,2023-08-22,,28213.91,USD,2023-05-18T00:00:00
1426,CustomerEducation Email Campaign 01426,CustomerEducation,Email,Completed,2025-02-21,2025-06-07,13466.85,USD,2025-01-10T00:00:00
1427,CustomerEducation Social Campaign 01427,CustomerEducation,Social,Completed,2024-12-08,2025-01-31,,USD,2024-11-07T00:00:00
1428,CustomerEducation Social Campaign 01428,CustomerEducation,Social,Active,2026-02-04,,8332.41,USD,2025-10-09T00:00:00
1429,Awareness Webinar Campaign 01429,Awareness,Webinar,Cancelled,2025-01-18,2025-03-11,28110.74,USD,2025-01-04T00:00:00
1430,Retention Email Campaign 01430,Retention,Email,Completed,2025-12-01,2025-12-22,7021.07,USD,2025-11-24T00:00:00
1431,Reengagement Webinar Campaign 01431,Reengagement,Webinar,Scheduled,2026-11-05,2027-01-17,28554.53,USD,2026-07-23T00:00:00
1432,Awareness Webinar Campaign 01432,Awareness,Webinar,Completed,2024-10-30,2024-11-21,20651.24,USD,2024-09-04T00:00:00
1433,Nurture Event Campaign 01433,Nurture,Event,Cancelled,2025-12-21,2025-12-29,10664.72,USD,2025-09-20T00:00:00
1434,Awareness Web Campaign 01434,Awareness,Web,Completed,2024-12-07,2025-04-06,14851.43,USD,2024-09-26T00:00:00
1435,Reengagement Webinar Campaign 01435,Reengagement,Webinar,Completed,2024-11-15,2024-11-24,28695.42,USD,2024-08-07T00:00:00
1436,Retention Phone Campaign 01436,Retention,Phone,Completed,2023-08-07,2023-10-22,8522.33,USD,2023-06-14T00:00:00
1437,Reengagement Social Campaign 01437,Reengagement,Social,Completed,2023-11-04,2024-02-18,9767.89,USD,2023-09-14T00:00:00
1438,Nurture Email Campaign 01438,Nurture,Email,Scheduled,2026-11-09,2026-12-30,7432.61,USD,2026-10-10T00:00:00
1439,Nurture Web Campaign 01439,Nurture,Web,Completed,2025-09-22,2025-09-30,48254.34,USD,2025-09-07T00:00:00
1440,CustomerEducation Email Campaign 01440,CustomerEducation,Email,Active,2026-02-11,,,USD,2026-01-05T00:00:00
1441,Reengagement Email Campaign 01441,Reengagement,Email,Draft,2026-09-12,,6049.28,USD,2026-06-22T00:00:00
1442,Retention Email Campaign 01442,Retention,Email,Completed,2026-02-05,2026-02-12,11966.72,USD,2025-12-17T00:00:00
1443,Awareness Event Campaign 01443,Awareness,Event,Active,2023-08-01,,,USD,2023-05-17T00:00:00
1444,Reengagement Event Campaign 01444,Reengagement,Event,Active,2023-07-24,,5536.12,USD,2023-05-16T00:00:00
1445,CustomerEducation Event Campaign 01445,CustomerEducation,Event,Completed,2023-09-03,2023-12-14,5877.48,USD,2023-05-09T00:00:00
1446,Reengagement Email Campaign 01446,Reengagement,Email,Cancelled,2025-01-28,2025-04-02,61704.05,USD,2024-10-18T00:00:00
1447,Retention Phone Campaign 01447,Retention,Phone,Active,2023-08-11,,14581.74,USD,2023-05-01T00:00:00
1448,CustomerEducation Webinar Campaign 01448,CustomerEducation,Webinar,Draft,2026-11-06,,8141.33,USD,2026-08-24T00:00:00
1449,Awareness Event Campaign 01449,Awareness,Event,Active,2025-01-12,,26344.29,USD,2024-09-27T00:00:00
1450,Nurture Web Campaign 01450,Nurture,Web,Draft,2026-09-03,,,USD,2026-07-25T00:00:00
1451,Reengagement Event Campaign 01451,Reengagement,Event,Active,2025-01-25,,8857.70,USD,2025-01-18T00:00:00
1452,CustomerEducation Phone Campaign 01452,CustomerEducation,Phone,Completed,2026-01-27,2026-03-13,,USD,2025-11-28T00:00:00
1453,Retention Web Campaign 01453,Retention,Web,Active,2024-10-03,,5495.37,USD,2024-06-21T00:00:00
1454,CustomerEducation Email Campaign 01454,CustomerEducation,Email,Cancelled,2026-02-20,2026-03-08,13762.51,USD,2025-12-13T00:00:00
1455,Reengagement Email Campaign 01455,Reengagement,Email,Cancelled,2025-12-24,2026-03-26,8000.39,USD,2025-09-23T00:00:00
1456,CustomerEducation Social Campaign 01456,CustomerEducation,Social,Scheduled,2026-12-28,2027-01-27,7726.22,USD,2026-10-14T00:00:00
1457,Awareness Social Campaign 01457,Awareness,Social,Completed,2024-10-26,2024-11-30,,USD,2024-07-13T00:00:00
1458,CustomerEducation Phone Campaign 01458,CustomerEducation,Phone,Scheduled,2026-09-07,2027-01-02,90241.88,USD,2026-07-19T00:00:00
1459,Reengagement Event Campaign 01459,Reengagement,Event,Active,2025-12-19,,20884.96,USD,2025-10-04T00:00:00
1460,Nurture Phone Campaign 01460,Nurture,Phone,Completed,2023-06-08,2023-09-20,,USD,2023-04-26T00:00:00
1461,Reengagement Phone Campaign 01461,Reengagement,Phone,Completed,2024-10-31,2025-02-24,5118.18,USD,2024-10-20T00:00:00
1462,Nurture Phone Campaign 01462,Nurture,Phone,Completed,2023-08-01,2023-08-29,9147.76,USD,2023-05-17T00:00:00
1463,Reengagement Phone Campaign 01463,Reengagement,Phone,Completed,2023-09-24,2023-11-16,129065.84,USD,2023-06-25T00:00:00
1464,Awareness Social Campaign 01464,Awareness,Social,Cancelled,2023-09-20,2024-01-13,7011.45,USD,2023-06-14T00:00:00
1465,Nurture Webinar Campaign 01465,Nurture,Webinar,Completed,2024-11-01,2025-02-23,11957.16,USD,2024-10-25T00:00:00
1466,Retention Email Campaign 01466,Retention,Email,Active,2026-04-04,,14474.46,USD,2026-02-26T00:00:00
1467,Reengagement Webinar Campaign 01467,Reengagement,Webinar,Active,2025-11-01,,25172.37,USD,2025-08-25T00:00:00
1468,Reengagement Event Campaign 01468,Reengagement,Event,Active,2023-09-03,,9294.29,USD,2023-08-04T00:00:00
1469,Awareness Phone Campaign 01469,Awareness,Phone,Draft,2026-11-12,,6028.57,USD,2026-09-07T00:00:00
1470,Nurture Email Campaign 01470,Nurture,Email,Completed,2023-06-21,2023-09-18,6737.46,USD,2023-04-18T00:00:00
1471,Awareness Email Campaign 01471,Awareness,Email,Completed,2025-01-31,2025-05-26,,USD,2024-12-14T00:00:00
1472,Awareness Event Campaign 01472,Awareness,Event,Completed,2025-01-11,2025-04-02,7806.60,USD,2024-12-29T00:00:00
1473,Nurture Email Campaign 01473,Nurture,Email,Active,2024-11-02,,26244.51,USD,2024-10-18T00:00:00
1474,CustomerEducation Email Campaign 01474,CustomerEducation,Email,Completed,2023-10-10,2023-11-28,7280.54,USD,2023-10-05T00:00:00
1475,Reengagement Event Campaign 01475,Reengagement,Event,Cancelled,2024-12-03,2025-03-26,36648.15,USD,2024-08-07T00:00:00
1476,Awareness Email Campaign 01476,Awareness,Email,Completed,2023-09-28,2024-01-15,6093.75,USD,2023-06-14T00:00:00
1477,Nurture Social Campaign 01477,Nurture,Social,Draft,2026-11-15,,18794.09,USD,2026-08-14T00:00:00
1478,Retention Social Campaign 01478,Retention,Social,Completed,2025-11-08,2025-12-23,6774.25,USD,2025-08-13T00:00:00
1479,Awareness Email Campaign 01479,Awareness,Email,Active,2023-07-12,,5060.04,USD,2023-05-23T00:00:00
1480,Retention Phone Campaign 01480,Retention,Phone,Completed,2026-01-18,2026-05-05,6047.52,USD,2025-12-16T00:00:00
1481,Reengagement Phone Campaign 01481,Reengagement,Phone,Active,2023-08-19,,13536.12,USD,2023-05-15T00:00:00
1482,Nurture Webinar Campaign 01482,Nurture,Webinar,Scheduled,2026-09-08,2026-12-31,269037.37,USD,2026-07-30T00:00:00
1483,CustomerEducation Event Campaign 01483,CustomerEducation,Event,Completed,2026-02-19,2026-05-07,8462.56,USD,2025-12-05T00:00:00
1484,Nurture Webinar Campaign 01484,Nurture,Webinar,Active,2024-12-29,,7455.90,USD,2024-11-03T00:00:00
1485,Nurture Email Campaign 01485,Nurture,Email,Active,2026-02-18,,5795.17,USD,2026-01-08T00:00:00
1486,Reengagement Email Campaign 01486,Reengagement,Email,Completed,2023-09-20,2023-10-04,10378.80,USD,2023-09-12T00:00:00
1487,CustomerEducation Event Campaign 01487,CustomerEducation,Event,Active,2024-08-22,,9167.62,USD,2024-07-02T00:00:00
1488,Nurture Webinar Campaign 01488,Nurture,Webinar,Cancelled,2023-11-08,2024-02-18,,USD,2023-08-04T00:00:00
1489,Retention Email Campaign 01489,Retention,Email,Scheduled,2026-11-18,2027-02-28,,USD,2026-08-27T00:00:00
1490,Nurture Webinar Campaign 01490,Nurture,Webinar,Scheduled,2026-11-05,2027-02-10,7029.00,USD,2026-08-21T00:00:00
1491,Nurture Event Campaign 01491,Nurture,Event,Draft,2026-11-07,,18639.62,USD,2026-09-03T00:00:00
1492,Reengagement Web Campaign 01492,Reengagement,Web,Scheduled,2026-09-05,2026-11-22,,USD,2026-06-19T00:00:00
1493,Retention Email Campaign 01493,Retention,Email,Scheduled,2026-12-25,2027-02-14,9312.47,USD,2026-08-27T00:00:00
1494,Reengagement Webinar Campaign 01494,Reengagement,Webinar,Completed,2024-10-29,2024-12-02,,USD,2024-07-24T00:00:00
1495,Nurture Phone Campaign 01495,Nurture,Phone,Active,2023-09-06,,,USD,2023-08-04T00:00:00
1496,CustomerEducation Event Campaign 01496,CustomerEducation,Event,Completed,2026-03-01,2026-05-01,15572.90,USD,2025-12-04T00:00:00
1497,Reengagement Webinar Campaign 01497,Reengagement,Webinar,Completed,2026-01-05,2026-01-24,7566.93,USD,2025-10-20T00:00:00
1498,CustomerEducation Webinar Campaign 01498,CustomerEducation,Webinar,Active,2023-10-05,,20876.95,USD,2023-09-20T00:00:00
1499,Nurture Email Campaign 01499,Nurture,Email,Scheduled,2026-11-09,2026-12-09,26983.62,USD,2026-07-22T00:00:00
1500,Retention Event Campaign 01500,Retention,Event,Completed,2024-12-12,2025-02-05,40075.58,USD,2024-10-13T00:00:00
1501,Nurture Email Campaign 01501,Nurture,Email,Completed,2023-11-23,2024-01-05,5232.19,USD,2023-10-26T00:00:00
1502,Reengagement Email Campaign 01502,Reengagement,Email,Completed,2024-12-19,2025-03-21,5629.92,USD,2024-12-14T00:00:00
1503,CustomerEducation Email Campaign 01503,CustomerEducation,Email,Scheduled,2026-09-17,2026-10-23,13371.44,USD,2026-08-15T00:00:00
1504,Reengagement Web Campaign 01504,Reengagement,Web,Active,2023-07-16,,8787.65,USD,2023-05-06T00:00:00
1505,Nurture Phone Campaign 01505,Nurture,Phone,Scheduled,2027-01-01,2027-02-09,5058.07,USD,2026-11-29T00:00:00
1506,Nurture Social Campaign 01506,Nurture,Social,Cancelled,2026-02-19,2026-05-18,,USD,2025-12-16T00:00:00
1507,Awareness Social Campaign 01507,Awareness,Social,Completed,2025-01-09,2025-01-30,32370.45,USD,2024-10-22T00:00:00
1508,Nurture Event Campaign 01508,Nurture,Event,Draft,2026-09-17,,14767.47,USD,2026-07-09T00:00:00
1509,CustomerEducation Web Campaign 01509,CustomerEducation,Web,Cancelled,2024-08-29,2024-10-17,8813.42,USD,2024-06-30T00:00:00
1510,Retention Webinar Campaign 01510,Retention,Webinar,Completed,2023-09-21,2023-12-04,7024.23,USD,2023-06-12T00:00:00
1511,Retention Social Campaign 01511,Retention,Social,Completed,2024-11-20,2025-01-09,24122.09,USD,2024-11-04T00:00:00
1512,Awareness Email Campaign 01512,Awareness,Email,Completed,2024-11-26,2024-12-28,5531.72,USD,2024-11-20T00:00:00
1513,CustomerEducation Social Campaign 01513,CustomerEducation,Social,Completed,2025-12-29,2026-04-19,15452.69,USD,2025-10-04T00:00:00
1514,Reengagement Social Campaign 01514,Reengagement,Social,Draft,2027-01-03,,,USD,2026-11-05T00:00:00
1515,Retention Phone Campaign 01515,Retention,Phone,Completed,2024-11-11,2024-11-23,11932.44,USD,2024-08-20T00:00:00
1516,CustomerEducation Phone Campaign 01516,CustomerEducation,Phone,Completed,2023-12-10,2024-01-29,10519.69,USD,2023-08-21T00:00:00
1517,CustomerEducation Email Campaign 01517,CustomerEducation,Email,Scheduled,2026-11-06,2027-01-16,63523.01,USD,2026-07-22T00:00:00
1518,Awareness Social Campaign 01518,Awareness,Social,Scheduled,2026-12-25,2027-03-23,33882.40,USD,2026-10-26T00:00:00
1519,Reengagement Webinar Campaign 01519,Reengagement,Webinar,Completed,2023-08-31,2023-12-09,57527.05,USD,2023-08-02T00:00:00
1520,Awareness Email Campaign 01520,Awareness,Email,Draft,2026-09-10,,19121.28,USD,2026-05-15T00:00:00
1521,Reengagement Event Campaign 01521,Reengagement,Event,Scheduled,2026-08-30,2026-09-29,5384.54,USD,2026-07-13T00:00:00
1522,Nurture Webinar Campaign 01522,Nurture,Webinar,Completed,2025-02-18,2025-05-04,7220.61,USD,2024-12-31T00:00:00
1523,Nurture Event Campaign 01523,Nurture,Event,Active,2023-11-11,,9111.85,USD,2023-09-18T00:00:00
1524,Awareness Social Campaign 01524,Awareness,Social,Completed,2024-12-30,2025-03-31,5926.34,USD,2024-09-17T00:00:00
1525,Reengagement Web Campaign 01525,Reengagement,Web,Draft,2026-11-05,,8020.09,USD,2026-07-19T00:00:00
1526,Reengagement Event Campaign 01526,Reengagement,Event,Completed,2026-01-22,2026-04-24,529194.85,USD,2025-12-01T00:00:00
1527,Reengagement Event Campaign 01527,Reengagement,Event,Scheduled,2026-11-12,2026-12-21,148636.66,USD,2026-08-14T00:00:00
1528,Retention Web Campaign 01528,Retention,Web,Active,2023-09-17,,5158.50,USD,2023-06-12T00:00:00
1529,Reengagement Social Campaign 01529,Reengagement,Social,Active,2023-08-23,,5467.19,USD,2023-05-03T00:00:00
1530,CustomerEducation Phone Campaign 01530,CustomerEducation,Phone,Completed,2025-12-24,2026-03-01,8584.79,USD,2025-09-08T00:00:00
1531,Retention Email Campaign 01531,Retention,Email,Completed,2025-02-05,2025-03-21,6622.70,USD,2024-12-20T00:00:00
1532,Reengagement Email Campaign 01532,Reengagement,Email,Completed,2025-01-11,2025-05-05,23034.99,USD,2024-12-23T00:00:00
1533,Retention Social Campaign 01533,Retention,Social,Completed,2023-09-18,2023-12-23,7110.60,USD,2023-09-03T00:00:00
1534,Retention Web Campaign 01534,Retention,Web,Cancelled,2025-12-30,2026-04-19,7988.87,USD,2025-12-11T00:00:00
1535,Awareness Social Campaign 01535,Awareness,Social,Active,2024-11-24,,5134.80,USD,2024-08-10T00:00:00
1536,Retention Web Campaign 01536,Retention,Web,Cancelled,2023-09-10,2024-01-02,7667.26,USD,2023-07-13T00:00:00
1537,Retention Event Campaign 01537,Retention,Event,Active,2025-12-16,,14901.64,USD,2025-10-11T00:00:00
1538,Retention Web Campaign 01538,Retention,Web,Active,2026-02-06,,6405.54,USD,2025-10-10T00:00:00
1539,Nurture Phone Campaign 01539,Nurture,Phone,Scheduled,2026-11-09,2027-01-06,10197.34,USD,2026-09-18T00:00:00
1540,Retention Event Campaign 01540,Retention,Event,Completed,2026-01-20,2026-05-03,12038.39,USD,2025-12-03T00:00:00
1541,Awareness Email Campaign 01541,Awareness,Email,Active,2025-12-26,,,USD,2025-10-06T00:00:00
1542,Nurture Webinar Campaign 01542,Nurture,Webinar,Completed,2023-09-07,2023-09-28,5178.93,USD,2023-06-13T00:00:00
1543,Retention Phone Campaign 01543,Retention,Phone,Scheduled,2026-09-16,2026-11-13,5086.25,USD,2026-08-22T00:00:00
1544,Awareness Event Campaign 01544,Awareness,Event,Completed,2023-06-06,2023-07-03,20964.35,USD,2023-03-17T00:00:00
1545,Reengagement Phone Campaign 01545,Reengagement,Phone,Scheduled,2026-12-25,2027-01-24,33751.45,USD,2026-09-15T00:00:00
1546,Retention Phone Campaign 01546,Retention,Phone,Completed,2025-01-17,2025-05-02,5043.23,USD,2024-11-02T00:00:00
1547,Reengagement Web Campaign 01547,Reengagement,Web,Completed,2025-12-24,2026-02-03,9694.37,USD,2025-09-14T00:00:00
1548,Awareness Web Campaign 01548,Awareness,Web,Draft,2026-09-01,,5645.87,USD,2026-07-01T00:00:00
1549,Reengagement Email Campaign 01549,Reengagement,Email,Completed,2026-01-24,2026-02-12,6171.58,USD,2025-10-13T00:00:00
1550,CustomerEducation Web Campaign 01550,CustomerEducation,Web,Completed,2023-10-05,2023-12-01,7803.35,USD,2023-06-16T00:00:00
1551,Retention Webinar Campaign 01551,Retention,Webinar,Completed,2026-01-07,2026-04-16,34979.52,USD,2025-11-26T00:00:00
1552,Retention Webinar Campaign 01552,Retention,Webinar,Completed,2025-02-08,2025-04-17,5806.68,USD,2024-11-08T00:00:00
1553,Nurture Email Campaign 01553,Nurture,Email,Active,2023-11-08,,6086.21,USD,2023-08-11T00:00:00
1554,CustomerEducation Event Campaign 01554,CustomerEducation,Event,Active,2026-03-14,,,USD,2026-02-06T00:00:00
1555,CustomerEducation Social Campaign 01555,CustomerEducation,Social,Draft,2026-11-10,,8282.72,USD,2026-10-27T00:00:00
1556,Nurture Webinar Campaign 01556,Nurture,Webinar,Active,2023-10-09,,6461.08,USD,2023-08-20T00:00:00
1557,Retention Web Campaign 01557,Retention,Web,Active,2026-01-05,,7003.50,USD,2025-10-12T00:00:00
1558,Awareness Web Campaign 01558,Awareness,Web,Completed,2024-11-28,2025-01-12,5017.18,USD,2024-11-06T00:00:00
1559,CustomerEducation Event Campaign 01559,CustomerEducation,Event,Completed,2026-03-19,2026-07-09,45897.26,USD,2026-03-09T00:00:00
1560,Retention Web Campaign 01560,Retention,Web,Scheduled,2026-08-31,2026-09-30,7578.44,USD,2026-08-03T00:00:00
1561,CustomerEducation Event Campaign 01561,CustomerEducation,Event,Draft,2026-11-18,,8195.01,USD,2026-11-08T00:00:00
1562,CustomerEducation Event Campaign 01562,CustomerEducation,Event,Active,2025-02-01,,12412.28,USD,2025-01-12T00:00:00
1563,Retention Social Campaign 01563,Retention,Social,Active,2023-11-07,,7959.13,USD,2023-09-14T00:00:00
1564,Retention Social Campaign 01564,Retention,Social,Active,2026-01-02,,9185.63,USD,2025-11-25T00:00:00
1565,CustomerEducation Social Campaign 01565,CustomerEducation,Social,Cancelled,2025-01-13,2025-04-27,7331.14,USD,2024-10-08T00:00:00
1566,Nurture Phone Campaign 01566,Nurture,Phone,Completed,2023-09-09,2023-10-09,8373.31,USD,2023-07-06T00:00:00
1567,Reengagement Webinar Campaign 01567,Reengagement,Webinar,Active,2025-12-08,,,USD,2025-09-21T00:00:00
1568,CustomerEducation Phone Campaign 01568,CustomerEducation,Phone,Scheduled,2026-11-06,2026-12-16,10868.33,USD,2026-07-16T00:00:00
1569,Nurture Phone Campaign 01569,Nurture,Phone,Completed,2023-10-03,2023-11-21,5416.65,USD,2023-09-11T00:00:00
1570,Reengagement Social Campaign 01570,Reengagement,Social,Cancelled,2026-02-01,2026-03-03,19383.79,USD,2025-12-16T00:00:00
1571,CustomerEducation Phone Campaign 01571,CustomerEducation,Phone,Completed,2026-02-01,2026-02-24,,USD,2025-11-08T00:00:00
1572,Retention Web Campaign 01572,Retention,Web,Completed,2025-02-23,2025-06-16,5675.56,USD,2025-02-19T00:00:00
1573,CustomerEducation Webinar Campaign 01573,CustomerEducation,Webinar,Completed,2025-01-26,2025-05-22,14016.35,USD,2024-11-24T00:00:00
1574,CustomerEducation Webinar Campaign 01574,CustomerEducation,Webinar,Scheduled,2026-11-12,2027-03-07,10329.63,USD,2026-07-17T00:00:00
1575,Awareness Social Campaign 01575,Awareness,Social,Completed,2023-08-29,2023-11-09,31759.04,USD,2023-05-15T00:00:00
1576,Awareness Web Campaign 01576,Awareness,Web,Active,2025-01-26,,6008.12,USD,2024-11-29T00:00:00
1577,Reengagement Social Campaign 01577,Reengagement,Social,Active,2025-12-06,,7308.18,USD,2025-08-25T00:00:00
1578,Nurture Phone Campaign 01578,Nurture,Phone,Completed,2024-09-25,2024-10-17,111136.80,USD,2024-07-21T00:00:00
1579,CustomerEducation Event Campaign 01579,CustomerEducation,Event,Active,2024-11-29,,6964.65,USD,2024-09-22T00:00:00
1580,Reengagement Event Campaign 01580,Reengagement,Event,Cancelled,2025-01-19,2025-02-07,6471.28,USD,2025-01-07T00:00:00
1581,Retention Social Campaign 01581,Retention,Social,Active,2023-11-12,,6159.68,USD,2023-10-04T00:00:00
1582,CustomerEducation Email Campaign 01582,CustomerEducation,Email,Scheduled,2026-09-10,2026-11-25,11221.90,USD,2026-06-27T00:00:00
1583,Reengagement Web Campaign 01583,Reengagement,Web,Completed,2024-10-13,2025-01-31,13830.75,USD,2024-08-08T00:00:00
1584,CustomerEducation Web Campaign 01584,CustomerEducation,Web,Completed,2025-10-31,2026-02-23,13620.01,USD,2025-08-04T00:00:00
1585,Reengagement Event Campaign 01585,Reengagement,Event,Completed,2026-03-21,2026-05-14,7476.99,USD,2026-02-28T00:00:00
1586,Awareness Social Campaign 01586,Awareness,Social,Completed,2023-08-25,2023-11-28,14281.86,USD,2023-08-13T00:00:00
1587,CustomerEducation Phone Campaign 01587,CustomerEducation,Phone,Active,2025-12-15,,,USD,2025-09-26T00:00:00
1588,Awareness Phone Campaign 01588,Awareness,Phone,Active,2025-01-09,,23835.31,USD,2024-12-01T00:00:00
1589,Retention Event Campaign 01589,Retention,Event,Completed,2025-01-26,2025-04-28,33290.79,USD,2025-01-12T00:00:00
1590,Reengagement Webinar Campaign 01590,Reengagement,Webinar,Scheduled,2026-11-06,2027-02-25,7267.82,USD,2026-09-22T00:00:00
1591,Awareness Webinar Campaign 01591,Awareness,Webinar,Scheduled,2026-09-08,2026-12-27,9666.40,USD,2026-05-29T00:00:00
1592,Awareness Social Campaign 01592,Awareness,Social,Active,2024-12-18,,13667.27,USD,2024-12-16T00:00:00
1593,Retention Social Campaign 01593,Retention,Social,Cancelled,2026-02-13,2026-03-16,,USD,2025-12-13T00:00:00
1594,Awareness Phone Campaign 01594,Awareness,Phone,Completed,2024-12-26,2025-04-01,5956.82,USD,2024-12-05T00:00:00
1595,Awareness Webinar Campaign 01595,Awareness,Webinar,Cancelled,2023-10-14,2024-02-02,421400.62,USD,2023-07-18T00:00:00
1596,Retention Social Campaign 01596,Retention,Social,Active,2025-01-12,,8023.03,USD,2024-09-26T00:00:00
1597,Awareness Web Campaign 01597,Awareness,Web,Scheduled,2026-11-01,2026-12-20,6287.87,USD,2026-07-19T00:00:00
1598,Reengagement Event Campaign 01598,Reengagement,Event,Active,2025-01-05,,5240.98,USD,2024-10-08T00:00:00
1599,Retention Social Campaign 01599,Retention,Social,Active,2026-03-01,,5011.52,USD,2025-12-21T00:00:00
1600,Nurture Email Campaign 01600,Nurture,Email,Active,2025-01-16,,6623.90,USD,2024-11-12T00:00:00
1601,Reengagement Social Campaign 01601,Reengagement,Social,Completed,2024-12-27,2025-02-14,7243.79,USD,2024-09-21T00:00:00
1602,Retention Email Campaign 01602,Retention,Email,Completed,2025-11-07,2026-01-21,6230.31,USD,2025-07-29T00:00:00
1603,Awareness Webinar Campaign 01603,Awareness,Webinar,Completed,2024-11-25,2024-12-07,5519.16,USD,2024-09-17T00:00:00
1604,Reengagement Event Campaign 01604,Reengagement,Event,Active,2025-02-01,,6410.47,USD,2024-12-10T00:00:00
1605,CustomerEducation Email Campaign 01605,CustomerEducation,Email,Active,2023-10-13,,57017.80,USD,2023-08-12T00:00:00
1606,Nurture Web Campaign 01606,Nurture,Web,Active,2025-02-01,,7344.30,USD,2024-12-13T00:00:00
1607,Retention Webinar Campaign 01607,Retention,Webinar,Active,2026-01-31,,6641.88,USD,2025-10-15T00:00:00
1608,Nurture Social Campaign 01608,Nurture,Social,Completed,2026-02-23,2026-05-31,10178.02,USD,2026-01-20T00:00:00
1609,Reengagement Email Campaign 01609,Reengagement,Email,Cancelled,2023-11-05,2024-01-03,47675.92,USD,2023-08-03T00:00:00
1610,CustomerEducation Phone Campaign 01610,CustomerEducation,Phone,Active,2025-02-11,,5868.05,USD,2024-10-25T00:00:00
1611,Reengagement Email Campaign 01611,Reengagement,Email,Completed,2023-08-28,2023-09-11,5847.43,USD,2023-07-27T00:00:00
1612,Reengagement Email Campaign 01612,Reengagement,Email,Scheduled,2027-01-04,2027-04-18,7856.12,USD,2026-09-12T00:00:00
1613,Awareness Web Campaign 01613,Awareness,Web,Completed,2025-12-03,2026-02-15,,USD,2025-09-04T00:00:00
1614,Nurture Phone Campaign 01614,Nurture,Phone,Completed,2026-01-13,2026-04-19,20071.10,USD,2025-10-20T00:00:00
1615,CustomerEducation Social Campaign 01615,CustomerEducation,Social,Completed,2025-12-15,2026-02-22,50709.36,USD,2025-11-14T00:00:00
1616,Nurture Phone Campaign 01616,Nurture,Phone,Completed,2023-10-03,2023-10-24,11392.27,USD,2023-08-31T00:00:00
1617,Retention Email Campaign 01617,Retention,Email,Completed,2025-01-23,2025-04-30,9708.37,USD,2024-12-22T00:00:00
1618,Awareness Event Campaign 01618,Awareness,Event,Scheduled,2026-11-04,2026-12-19,8904.03,USD,2026-09-08T00:00:00
1619,Reengagement Email Campaign 01619,Reengagement,Email,Completed,2026-02-24,2026-04-27,,USD,2026-01-07T00:00:00
1620,Retention Webinar Campaign 01620,Retention,Webinar,Cancelled,2023-06-14,2023-09-10,,USD,2023-04-24T00:00:00
1621,Awareness Phone Campaign 01621,Awareness,Phone,Cancelled,2025-12-04,2026-03-17,9559.22,USD,2025-10-12T00:00:00
1622,Nurture Social Campaign 01622,Nurture,Social,Completed,2026-01-16,2026-04-21,11728.15,USD,2025-12-16T00:00:00
1623,Nurture Event Campaign 01623,Nurture,Event,Active,2026-03-11,,29016.55,USD,2025-11-18T00:00:00
1624,Nurture Social Campaign 01624,Nurture,Social,Completed,2023-09-22,2023-10-24,51426.52,USD,2023-07-04T00:00:00
1625,Retention Web Campaign 01625,Retention,Web,Completed,2023-10-18,2023-11-26,28301.09,USD,2023-09-07T00:00:00
1626,Awareness Webinar Campaign 01626,Awareness,Webinar,Scheduled,2026-09-04,2026-10-06,16757.04,USD,2026-06-01T00:00:00
1627,Awareness Event Campaign 01627,Awareness,Event,Cancelled,2025-02-17,2025-05-01,6297.20,USD,2025-02-06T00:00:00
1628,Nurture Social Campaign 01628,Nurture,Social,Active,2023-06-23,,7317.10,USD,2023-04-26T00:00:00
1629,Awareness Web Campaign 01629,Awareness,Web,Draft,2027-01-01,,29644.71,USD,2026-11-07T00:00:00
1630,Retention Web Campaign 01630,Retention,Web,Cancelled,2025-12-23,2026-04-07,17364.05,USD,2025-12-17T00:00:00
1631,Retention Phone Campaign 01631,Retention,Phone,Completed,2024-11-18,2024-11-27,80765.79,USD,2024-09-10T00:00:00
1632,Nurture Email Campaign 01632,Nurture,Email,Draft,2026-11-08,,17594.71,USD,2026-09-14T00:00:00
1633,CustomerEducation Webinar Campaign 01633,CustomerEducation,Webinar,Cancelled,2024-11-02,2025-02-15,12274.03,USD,2024-10-18T00:00:00
1634,CustomerEducation Social Campaign 01634,CustomerEducation,Social,Active,2023-11-30,,5563.60,USD,2023-11-12T00:00:00
1635,Reengagement Phone Campaign 01635,Reengagement,Phone,Draft,2026-11-06,,82616.18,USD,2026-09-19T00:00:00
1636,Reengagement Webinar Campaign 01636,Reengagement,Webinar,Cancelled,2025-11-20,2026-03-01,57925.48,USD,2025-08-04T00:00:00
1637,Awareness Event Campaign 01637,Awareness,Event,Active,2025-04-26,,5061.43,USD,2025-04-15T00:00:00
1638,CustomerEducation Phone Campaign 01638,CustomerEducation,Phone,Completed,2023-10-13,2023-11-15,15124.37,USD,2023-09-20T00:00:00
1639,Awareness Event Campaign 01639,Awareness,Event,Completed,2023-12-07,2024-02-24,23911.14,USD,2023-08-28T00:00:00
1640,Awareness Event Campaign 01640,Awareness,Event,Active,2024-10-27,,47906.78,USD,2024-09-07T00:00:00
1641,Reengagement Web Campaign 01641,Reengagement,Web,Draft,2026-08-27,,25152.83,USD,2026-06-03T00:00:00
1642,Reengagement Event Campaign 01642,Reengagement,Event,Completed,2023-10-07,2023-10-31,6620.27,USD,2023-08-25T00:00:00
1643,Retention Webinar Campaign 01643,Retention,Webinar,Cancelled,2023-09-04,2023-12-18,6759.94,USD,2023-05-27T00:00:00
1644,Nurture Email Campaign 01644,Nurture,Email,Completed,2023-09-17,2023-11-02,8212.32,USD,2023-08-27T00:00:00
1645,Awareness Social Campaign 01645,Awareness,Social,Active,2025-03-15,,5111.51,USD,2025-01-06T00:00:00
1646,Nurture Webinar Campaign 01646,Nurture,Webinar,Active,2026-02-07,,8981.66,USD,2025-12-24T00:00:00
1647,Retention Web Campaign 01647,Retention,Web,Completed,2023-10-08,2023-12-02,5212.30,USD,2023-06-18T00:00:00
1648,CustomerEducation Web Campaign 01648,CustomerEducation,Web,Scheduled,2027-01-16,2027-02-15,18621.21,USD,2026-12-12T00:00:00
1649,CustomerEducation Social Campaign 01649,CustomerEducation,Social,Active,2023-08-31,,12240.97,USD,2023-07-13T00:00:00
1650,Nurture Email Campaign 01650,Nurture,Email,Completed,2025-11-09,2025-12-31,77950.02,USD,2025-07-20T00:00:00
1651,Retention Social Campaign 01651,Retention,Social,Completed,2025-01-19,2025-03-31,12565.53,USD,2024-11-23T00:00:00
1652,CustomerEducation Social Campaign 01652,CustomerEducation,Social,Draft,2026-12-21,,13851.34,USD,2026-10-18T00:00:00
1653,CustomerEducation Webinar Campaign 01653,CustomerEducation,Webinar,Active,2024-10-19,,6598.20,USD,2024-09-18T00:00:00
1654,Retention Social Campaign 01654,Retention,Social,Completed,2025-12-26,2026-03-18,6847.53,USD,2025-09-22T00:00:00
1655,Retention Webinar Campaign 01655,Retention,Webinar,Completed,2023-09-21,2023-12-25,,USD,2023-06-15T00:00:00
1656,Retention Phone Campaign 01656,Retention,Phone,Completed,2026-03-02,2026-03-31,15391.86,USD,2025-11-14T00:00:00
1657,Nurture Web Campaign 01657,Nurture,Web,Completed,2023-10-26,2024-01-11,18783.84,USD,2023-09-30T00:00:00
1658,Nurture Webinar Campaign 01658,Nurture,Webinar,Cancelled,2023-06-12,2023-08-28,65473.17,USD,2023-04-10T00:00:00
1659,Nurture Social Campaign 01659,Nurture,Social,Completed,2023-11-04,2024-02-09,7319.78,USD,2023-10-03T00:00:00
1660,Retention Social Campaign 01660,Retention,Social,Scheduled,2026-11-02,2027-03-01,16381.81,USD,2026-09-03T00:00:00
1661,CustomerEducation Web Campaign 01661,CustomerEducation,Web,Completed,2025-03-02,2025-05-22,6118.01,USD,2025-02-26T00:00:00
1662,Awareness Web Campaign 01662,Awareness,Web,Active,2025-01-13,,21313.58,USD,2024-12-16T00:00:00
1663,Awareness Event Campaign 01663,Awareness,Event,Draft,2026-09-07,,18273.81,USD,2026-07-07T00:00:00
1664,Nurture Web Campaign 01664,Nurture,Web,Completed,2023-08-02,2023-09-23,9734.45,USD,2023-06-06T00:00:00
1665,Reengagement Email Campaign 01665,Reengagement,Email,Completed,2023-09-21,2023-10-10,6251.07,USD,2023-09-14T00:00:00
1666,Reengagement Social Campaign 01666,Reengagement,Social,Draft,2026-11-18,,137458.02,USD,2026-09-26T00:00:00
1667,CustomerEducation Social Campaign 01667,CustomerEducation,Social,Completed,2024-10-18,2024-11-28,8407.74,USD,2024-09-07T00:00:00
1668,Retention Webinar Campaign 01668,Retention,Webinar,Completed,2024-10-22,2025-01-05,5202.96,USD,2024-09-22T00:00:00
1669,Awareness Email Campaign 01669,Awareness,Email,Scheduled,2026-08-29,2026-10-31,18959.81,USD,2026-06-16T00:00:00
1670,Retention Social Campaign 01670,Retention,Social,Scheduled,2026-11-08,2027-01-12,6810.09,USD,2026-09-08T00:00:00
1671,Nurture Webinar Campaign 01671,Nurture,Webinar,Draft,2026-09-02,,5186.18,USD,2026-05-30T00:00:00
1672,Reengagement Social Campaign 01672,Reengagement,Social,Active,2024-11-22,,213508.21,USD,2024-10-30T00:00:00
1673,Awareness Email Campaign 01673,Awareness,Email,Active,2026-01-18,,9419.82,USD,2025-10-21T00:00:00
1674,Awareness Social Campaign 01674,Awareness,Social,Draft,2026-09-04,,10920.73,USD,2026-06-06T00:00:00
1675,Reengagement Social Campaign 01675,Reengagement,Social,Completed,2024-12-18,2024-12-25,5217.99,USD,2024-08-25T00:00:00
1676,Retention Social Campaign 01676,Retention,Social,Completed,2023-07-25,2023-11-05,20500.57,USD,2023-04-02T00:00:00
1677,CustomerEducation Social Campaign 01677,CustomerEducation,Social,Active,2026-02-20,,,USD,2026-01-07T00:00:00
1678,CustomerEducation Email Campaign 01678,CustomerEducation,Email,Active,2026-01-19,,9307.43,USD,2025-10-08T00:00:00
1679,Awareness Webinar Campaign 01679,Awareness,Webinar,Draft,2026-09-13,,8757.74,USD,2026-05-18T00:00:00
1680,Retention Phone Campaign 01680,Retention,Phone,Completed,2023-11-11,2024-01-03,6460.23,USD,2023-07-23T00:00:00
1681,Reengagement Phone Campaign 01681,Reengagement,Phone,Scheduled,2026-09-05,2026-11-25,6049.50,USD,2026-05-24T00:00:00
1682,Retention Phone Campaign 01682,Retention,Phone,Active,2024-12-15,,5534.04,USD,2024-09-10T00:00:00
1683,Retention Email Campaign 01683,Retention,Email,Active,2023-10-24,,6426.84,USD,2023-09-07T00:00:00
1684,CustomerEducation Phone Campaign 01684,CustomerEducation,Phone,Active,2024-11-04,,6849.29,USD,2024-07-07T00:00:00
1685,Retention Email Campaign 01685,Retention,Email,Active,2026-02-04,,5905.26,USD,2025-11-05T00:00:00
1686,Awareness Social Campaign 01686,Awareness,Social,Completed,2023-07-31,2023-10-04,9363.94,USD,2023-06-22T00:00:00
1687,Awareness Event Campaign 01687,Awareness,Event,Active,2026-01-05,,12638.87,USD,2026-01-04T00:00:00
1688,Nurture Web Campaign 01688,Nurture,Web,Completed,2024-11-29,2025-02-21,5089.24,USD,2024-08-13T00:00:00
1689,Nurture Webinar Campaign 01689,Nurture,Webinar,Cancelled,2025-12-20,2026-02-02,5246.31,USD,2025-11-03T00:00:00
1690,Reengagement Phone Campaign 01690,Reengagement,Phone,Active,2024-10-05,,5654.29,USD,2024-09-08T00:00:00
1691,Nurture Social Campaign 01691,Nurture,Social,Active,2025-11-22,,5967.95,USD,2025-10-16T00:00:00
1692,Reengagement Phone Campaign 01692,Reengagement,Phone,Completed,2023-10-19,2024-02-04,8318.26,USD,2023-06-23T00:00:00
1693,CustomerEducation Phone Campaign 01693,CustomerEducation,Phone,Completed,2023-06-16,2023-07-13,9407.93,USD,2023-03-17T00:00:00
1694,Retention Email Campaign 01694,Retention,Email,Completed,2023-12-30,2024-01-26,22204.86,USD,2023-09-19T00:00:00
1695,CustomerEducation Social Campaign 01695,CustomerEducation,Social,Completed,2025-11-07,2025-12-20,11734.23,USD,2025-09-26T00:00:00
1696,Nurture Phone Campaign 01696,Nurture,Phone,Active,2025-12-12,,11370.15,USD,2025-11-29T00:00:00
1697,Retention Social Campaign 01697,Retention,Social,Completed,2024-12-14,2025-03-16,7119.04,USD,2024-11-28T00:00:00
1698,Reengagement Phone Campaign 01698,Reengagement,Phone,Completed,2025-12-17,2026-02-01,5053.54,USD,2025-12-04T00:00:00
1699,Awareness Email Campaign 01699,Awareness,Email,Completed,2023-10-08,2023-12-31,64689.53,USD,2023-07-07T00:00:00
1700,Retention Web Campaign 01700,Retention,Web,Scheduled,2026-11-05,2026-12-23,,USD,2026-09-29T00:00:00
1701,Reengagement Phone Campaign 01701,Reengagement,Phone,Active,2023-07-15,,120985.38,USD,2023-03-29T00:00:00
1702,Retention Social Campaign 01702,Retention,Social,Active,2023-09-02,,,USD,2023-07-31T00:00:00
1703,Awareness Event Campaign 01703,Awareness,Event,Completed,2023-09-12,2023-10-05,13822.51,USD,2023-08-29T00:00:00
1704,Nurture Webinar Campaign 01704,Nurture,Webinar,Active,2026-03-03,,21015.07,USD,2026-01-03T00:00:00
1705,Reengagement Social Campaign 01705,Reengagement,Social,Completed,2023-06-28,2023-09-19,24248.05,USD,2023-03-31T00:00:00
1706,Retention Social Campaign 01706,Retention,Social,Draft,2026-08-29,,,USD,2026-08-24T00:00:00
1707,Awareness Webinar Campaign 01707,Awareness,Webinar,Completed,2026-02-08,2026-06-06,6492.16,USD,2025-12-09T00:00:00
1708,Awareness Social Campaign 01708,Awareness,Social,Active,2023-08-06,,12638.77,USD,2023-07-24T00:00:00
1709,CustomerEducation Phone Campaign 01709,CustomerEducation,Phone,Completed,2026-01-12,2026-02-14,5744.45,USD,2025-09-22T00:00:00
1710,Nurture Event Campaign 01710,Nurture,Event,Completed,2023-10-26,2024-02-19,43867.13,USD,2023-07-04T00:00:00
1711,Awareness Web Campaign 01711,Awareness,Web,Scheduled,2026-09-16,2026-10-19,5796.41,USD,2026-08-16T00:00:00
1712,Nurture Webinar Campaign 01712,Nurture,Webinar,Completed,2026-01-11,2026-01-24,,USD,2025-10-01T00:00:00
1713,CustomerEducation Webinar Campaign 01713,CustomerEducation,Webinar,Active,2025-04-16,,5844.37,USD,2024-12-21T00:00:00
1714,CustomerEducation Social Campaign 01714,CustomerEducation,Social,Active,2024-09-21,,39908.40,USD,2024-06-18T00:00:00
1715,Reengagement Social Campaign 01715,Reengagement,Social,Cancelled,2023-10-23,2023-11-24,7940.50,USD,2023-08-18T00:00:00
1716,Reengagement Event Campaign 01716,Reengagement,Event,Completed,2023-08-27,2023-12-23,5435.17,USD,2023-05-29T00:00:00
1717,Reengagement Event Campaign 01717,Reengagement,Event,Cancelled,2025-02-02,2025-05-06,19399.44,USD,2024-10-09T00:00:00
1718,Reengagement Social Campaign 01718,Reengagement,Social,Completed,2024-11-12,2025-01-16,5674.63,USD,2024-09-20T00:00:00
1719,CustomerEducation Webinar Campaign 01719,CustomerEducation,Webinar,Completed,2023-09-27,2023-10-13,6980.57,USD,2023-07-26T00:00:00
1720,Nurture Social Campaign 01720,Nurture,Social,Completed,2024-11-30,2025-02-23,129388.96,USD,2024-11-20T00:00:00
1721,Nurture Social Campaign 01721,Nurture,Social,Completed,2025-01-25,2025-02-19,8145.48,USD,2024-11-04T00:00:00
1722,CustomerEducation Web Campaign 01722,CustomerEducation,Web,Active,2023-11-18,,26455.54,USD,2023-07-29T00:00:00
1723,CustomerEducation Email Campaign 01723,CustomerEducation,Email,Draft,2026-11-09,,6279.26,USD,2026-09-03T00:00:00
1724,Awareness Webinar Campaign 01724,Awareness,Webinar,Cancelled,2025-10-31,2025-12-02,31148.43,USD,2025-08-19T00:00:00
1725,Retention Event Campaign 01725,Retention,Event,Active,2025-12-04,,16470.12,USD,2025-09-08T00:00:00
1726,Awareness Phone Campaign 01726,Awareness,Phone,Completed,2025-01-04,2025-03-18,8915.63,USD,2024-09-15T00:00:00
1727,Awareness Event Campaign 01727,Awareness,Event,Completed,2024-12-16,2025-01-31,9103.06,USD,2024-09-10T00:00:00
1728,Awareness Webinar Campaign 01728,Awareness,Webinar,Completed,2025-12-30,2026-02-06,5978.03,USD,2025-10-22T00:00:00
1729,Retention Email Campaign 01729,Retention,Email,Completed,2025-12-10,2026-04-09,,USD,2025-08-23T00:00:00
1730,Nurture Web Campaign 01730,Nurture,Web,Active,2023-10-20,,6445.30,USD,2023-08-17T00:00:00
1731,Reengagement Web Campaign 01731,Reengagement,Web,Active,2024-10-11,,8828.04,USD,2024-09-09T00:00:00
1732,Awareness Phone Campaign 01732,Awareness,Phone,Completed,2025-10-19,2025-12-17,6584.45,USD,2025-06-23T00:00:00
1733,CustomerEducation Phone Campaign 01733,CustomerEducation,Phone,Completed,2024-12-02,2025-03-25,7249.63,USD,2024-08-15T00:00:00
1734,Retention Email Campaign 01734,Retention,Email,Completed,2024-12-11,2025-03-28,6838.65,USD,2024-11-17T00:00:00
1735,CustomerEducation Event Campaign 01735,CustomerEducation,Event,Active,2024-10-30,,6808.92,USD,2024-08-28T00:00:00
1736,CustomerEducation Event Campaign 01736,CustomerEducation,Event,Active,2025-12-26,,11680.99,USD,2025-12-12T00:00:00
1737,Reengagement Email Campaign 01737,Reengagement,Email,Scheduled,2026-11-17,2027-01-07,,USD,2026-09-24T00:00:00
1738,Awareness Webinar Campaign 01738,Awareness,Webinar,Cancelled,2025-01-26,2025-02-02,5461.71,USD,2024-12-16T00:00:00
1739,Reengagement Email Campaign 01739,Reengagement,Email,Active,2023-10-11,,8744.06,USD,2023-07-22T00:00:00
1740,Reengagement Webinar Campaign 01740,Reengagement,Webinar,Completed,2023-08-25,2023-10-26,,USD,2023-05-31T00:00:00
1741,Retention Social Campaign 01741,Retention,Social,Active,2024-10-26,,7103.60,USD,2024-09-06T00:00:00
1742,Nurture Phone Campaign 01742,Nurture,Phone,Active,2025-01-08,,5708.36,USD,2024-11-04T00:00:00
1743,Reengagement Email Campaign 01743,Reengagement,Email,Completed,2023-08-24,2023-11-27,16908.85,USD,2023-04-28T00:00:00
1744,CustomerEducation Social Campaign 01744,CustomerEducation,Social,Completed,2026-01-02,2026-02-04,11315.66,USD,2025-12-27T00:00:00
1745,Nurture Email Campaign 01745,Nurture,Email,Scheduled,2026-12-24,2027-01-23,5459.09,USD,2026-10-03T00:00:00
1746,Reengagement Event Campaign 01746,Reengagement,Event,Draft,2027-01-07,,17930.27,USD,2026-09-13T00:00:00
1747,Nurture Email Campaign 01747,Nurture,Email,Scheduled,2026-12-20,2027-03-13,,USD,2026-08-26T00:00:00
1748,Retention Phone Campaign 01748,Retention,Phone,Active,2024-12-10,,17088.01,USD,2024-11-27T00:00:00
1749,Awareness Web Campaign 01749,Awareness,Web,Completed,2025-11-06,2026-03-03,8647.94,USD,2025-09-28T00:00:00
1750,Awareness Event Campaign 01750,Awareness,Event,Completed,2025-10-24,2025-12-19,15889.15,USD,2025-08-03T00:00:00
1751,Awareness Email Campaign 01751,Awareness,Email,Completed,2023-09-13,2023-09-28,,USD,2023-07-27T00:00:00
1752,Nurture Social Campaign 01752,Nurture,Social,Draft,2026-09-12,,5307.87,USD,2026-08-02T00:00:00
1753,Retention Web Campaign 01753,Retention,Web,Scheduled,2026-09-03,2026-11-01,7061.91,USD,2026-06-07T00:00:00
1754,Reengagement Email Campaign 01754,Reengagement,Email,Completed,2025-01-01,2025-03-21,9563.30,USD,2024-09-25T00:00:00
1755,Reengagement Webinar Campaign 01755,Reengagement,Webinar,Scheduled,2026-12-29,2027-04-05,6777.16,USD,2026-09-08T00:00:00
1756,Reengagement Event Campaign 01756,Reengagement,Event,Draft,2026-10-27,,24270.01,USD,2026-07-04T00:00:00
1757,Nurture Social Campaign 01757,Nurture,Social,Completed,2024-11-28,2025-02-23,41998.09,USD,2024-10-22T00:00:00
1758,Reengagement Phone Campaign 01758,Reengagement,Phone,Draft,2026-11-11,,110384.12,USD,2026-11-07T00:00:00
1759,Retention Phone Campaign 01759,Retention,Phone,Active,2025-02-08,,21920.99,USD,2024-10-13T00:00:00
1760,Reengagement Webinar Campaign 01760,Reengagement,Webinar,Active,2025-01-17,,8595.60,USD,2024-09-28T00:00:00
1761,CustomerEducation Social Campaign 01761,CustomerEducation,Social,Cancelled,2024-12-05,2025-01-21,14000.18,USD,2024-11-20T00:00:00
1762,Awareness Phone Campaign 01762,Awareness,Phone,Active,2025-01-01,,5282.93,USD,2024-10-04T00:00:00
1763,Nurture Web Campaign 01763,Nurture,Web,Draft,2026-08-28,,7977.99,USD,2026-07-04T00:00:00
1764,CustomerEducation Web Campaign 01764,CustomerEducation,Web,Cancelled,2025-01-04,2025-01-27,7441.64,USD,2024-09-12T00:00:00
1765,Nurture Web Campaign 01765,Nurture,Web,Completed,2026-02-17,2026-04-15,5470.92,USD,2025-10-23T00:00:00
1766,Reengagement Event Campaign 01766,Reengagement,Event,Completed,2023-11-08,2023-12-19,7284.41,USD,2023-10-26T00:00:00
1767,Nurture Event Campaign 01767,Nurture,Event,Scheduled,2026-09-10,2026-12-14,74223.73,USD,2026-06-12T00:00:00
1768,CustomerEducation Webinar Campaign 01768,CustomerEducation,Webinar,Completed,2023-09-22,2023-10-28,16259.57,USD,2023-09-01T00:00:00
1769,Nurture Webinar Campaign 01769,Nurture,Webinar,Active,2023-09-05,,31774.61,USD,2023-05-17T00:00:00
1770,Retention Webinar Campaign 01770,Retention,Webinar,Completed,2023-11-30,2024-03-15,11911.23,USD,2023-11-23T00:00:00
1771,Reengagement Phone Campaign 01771,Reengagement,Phone,Active,2023-11-02,,5601.12,USD,2023-09-19T00:00:00
1772,CustomerEducation Webinar Campaign 01772,CustomerEducation,Webinar,Active,2024-09-29,,21316.50,USD,2024-08-28T00:00:00
1773,Retention Webinar Campaign 01773,Retention,Webinar,Scheduled,2026-09-04,2026-10-04,36563.48,USD,2026-05-26T00:00:00
1774,Nurture Web Campaign 01774,Nurture,Web,Completed,2024-12-14,2025-02-22,5378.49,USD,2024-11-29T00:00:00
1775,Reengagement Webinar Campaign 01775,Reengagement,Webinar,Draft,2027-01-12,,5086.59,USD,2026-12-21T00:00:00
1776,Nurture Social Campaign 01776,Nurture,Social,Completed,2024-12-08,2025-02-15,,USD,2024-09-11T00:00:00
1777,CustomerEducation Web Campaign 01777,CustomerEducation,Web,Active,2023-08-27,,5839.72,USD,2023-08-24T00:00:00
1778,Reengagement Event Campaign 01778,Reengagement,Event,Active,2025-01-12,,5807.71,USD,2024-12-12T00:00:00
1779,CustomerEducation Webinar Campaign 01779,CustomerEducation,Webinar,Draft,2026-09-14,,9972.62,USD,2026-08-11T00:00:00
1780,CustomerEducation Email Campaign 01780,CustomerEducation,Email,Active,2026-01-12,,12325.39,USD,2025-11-26T00:00:00
1781,Retention Webinar Campaign 01781,Retention,Webinar,Completed,2026-02-13,2026-06-04,6581.60,USD,2025-10-18T00:00:00
1782,Nurture Email Campaign 01782,Nurture,Email,Completed,2026-01-30,2026-03-15,,USD,2026-01-20T00:00:00
1783,CustomerEducation Event Campaign 01783,CustomerEducation,Event,Active,2023-11-29,,6516.06,USD,2023-09-23T00:00:00
1784,Reengagement Webinar Campaign 01784,Reengagement,Webinar,Draft,2026-09-05,,8533.46,USD,2026-06-03T00:00:00
1785,Nurture Email Campaign 01785,Nurture,Email,Completed,2023-07-28,2023-10-09,,USD,2023-05-15T00:00:00
1786,CustomerEducation Web Campaign 01786,CustomerEducation,Web,Scheduled,2026-11-13,2026-12-13,11740.98,USD,2026-08-29T00:00:00
1787,CustomerEducation Phone Campaign 01787,CustomerEducation,Phone,Active,2023-11-09,,7948.39,USD,2023-10-13T00:00:00
1788,Reengagement Phone Campaign 01788,Reengagement,Phone,Draft,2026-12-28,,7177.02,USD,2026-11-30T00:00:00
1789,Reengagement Email Campaign 01789,Reengagement,Email,Completed,2023-10-26,2024-02-22,14342.73,USD,2023-08-29T00:00:00
1790,Retention Social Campaign 01790,Retention,Social,Completed,2024-12-09,2024-12-19,15498.52,USD,2024-10-12T00:00:00
1791,Nurture Phone Campaign 01791,Nurture,Phone,Active,2025-11-26,,6378.67,USD,2025-08-24T00:00:00
1792,Nurture Email Campaign 01792,Nurture,Email,Completed,2025-11-12,2026-02-17,7328.85,USD,2025-07-24T00:00:00
1793,Nurture Web Campaign 01793,Nurture,Web,Scheduled,2026-11-11,2026-12-11,11858.60,USD,2026-08-17T00:00:00
1794,Retention Webinar Campaign 01794,Retention,Webinar,Completed,2023-12-15,2024-04-01,9188.79,USD,2023-11-09T00:00:00
1795,Awareness Email Campaign 01795,Awareness,Email,Cancelled,2025-12-04,2026-01-24,8831.07,USD,2025-10-19T00:00:00
1796,Reengagement Web Campaign 01796,Reengagement,Web,Cancelled,2026-02-19,2026-05-14,19214.64,USD,2025-12-01T00:00:00
1797,Retention Email Campaign 01797,Retention,Email,Active,2023-08-27,,10448.35,USD,2023-05-30T00:00:00
1798,Reengagement Email Campaign 01798,Reengagement,Email,Active,2023-09-16,,9865.93,USD,2023-06-19T00:00:00
1799,Awareness Email Campaign 01799,Awareness,Email,Completed,2023-08-13,2023-10-31,30419.03,USD,2023-07-19T00:00:00
1800,Reengagement Webinar Campaign 01800,Reengagement,Webinar,Scheduled,2026-10-31,2026-11-30,7169.88,USD,2026-08-12T00:00:00
1801,Retention Webinar Campaign 01801,Retention,Webinar,Completed,2023-10-08,2023-12-15,5066.81,USD,2023-08-29T00:00:00
1802,Awareness Social Campaign 01802,Awareness,Social,Active,2026-01-20,,7473.21,USD,2026-01-02T00:00:00
1803,Retention Social Campaign 01803,Retention,Social,Completed,2023-08-16,2023-09-15,79435.88,USD,2023-05-17T00:00:00
1804,Awareness Email Campaign 01804,Awareness,Email,Completed,2026-03-04,2026-05-11,,USD,2025-11-07T00:00:00
1805,CustomerEducation Web Campaign 01805,CustomerEducation,Web,Completed,2023-08-17,2023-09-28,7541.88,USD,2023-06-13T00:00:00
1806,CustomerEducation Email Campaign 01806,CustomerEducation,Email,Scheduled,2026-12-26,2027-01-31,,USD,2026-09-18T00:00:00
1807,Awareness Web Campaign 01807,Awareness,Web,Completed,2023-11-22,2024-02-13,12893.47,USD,2023-09-23T00:00:00
1808,Nurture Webinar Campaign 01808,Nurture,Webinar,Completed,2026-01-28,2026-02-04,9817.23,USD,2025-11-04T00:00:00
1809,Awareness Phone Campaign 01809,Awareness,Phone,Cancelled,2023-09-14,2023-12-29,5393.35,USD,2023-06-11T00:00:00
1810,CustomerEducation Event Campaign 01810,CustomerEducation,Event,Completed,2025-03-19,2025-04-06,8219.79,USD,2025-02-10T00:00:00
1811,Reengagement Social Campaign 01811,Reengagement,Social,Scheduled,2026-11-06,2026-12-30,7439.06,USD,2026-09-23T00:00:00
1812,Awareness Webinar Campaign 01812,Awareness,Webinar,Active,2026-03-14,,6661.68,USD,2025-11-27T00:00:00
1813,Nurture Webinar Campaign 01813,Nurture,Webinar,Completed,2026-04-09,2026-06-19,,USD,2025-12-19T00:00:00
1814,CustomerEducation Social Campaign 01814,CustomerEducation,Social,Active,2023-10-10,,20339.20,USD,2023-07-15T00:00:00
1815,Reengagement Webinar Campaign 01815,Reengagement,Webinar,Active,2026-01-12,,7933.93,USD,2025-11-28T00:00:00
1816,Reengagement Web Campaign 01816,Reengagement,Web,Cancelled,2023-10-10,2024-01-07,32592.66,USD,2023-08-30T00:00:00
1817,Nurture Email Campaign 01817,Nurture,Email,Scheduled,2026-09-07,2026-11-04,5539.37,USD,2026-06-23T00:00:00
1818,Retention Event Campaign 01818,Retention,Event,Scheduled,2026-12-30,2027-03-29,13464.80,USD,2026-12-04T00:00:00
1819,CustomerEducation Phone Campaign 01819,CustomerEducation,Phone,Cancelled,2023-08-06,2023-11-30,,USD,2023-05-26T00:00:00
1820,Nurture Email Campaign 01820,Nurture,Email,Completed,2025-01-22,2025-02-07,60580.52,USD,2024-12-16T00:00:00
1821,Reengagement Event Campaign 01821,Reengagement,Event,Completed,2023-08-11,2023-11-01,5581.62,USD,2023-05-26T00:00:00
1822,Awareness Web Campaign 01822,Awareness,Web,Active,2023-09-09,,5446.13,USD,2023-05-25T00:00:00
1823,Reengagement Phone Campaign 01823,Reengagement,Phone,Completed,2023-09-23,2024-01-01,18712.51,USD,2023-08-11T00:00:00
1824,Nurture Webinar Campaign 01824,Nurture,Webinar,Completed,2024-12-10,2025-02-11,20180.99,USD,2024-09-23T00:00:00
1825,Awareness Event Campaign 01825,Awareness,Event,Active,2023-11-29,,5181.85,USD,2023-10-19T00:00:00
1826,Reengagement Web Campaign 01826,Reengagement,Web,Active,2025-01-03,,6522.00,USD,2024-11-22T00:00:00
1827,Awareness Web Campaign 01827,Awareness,Web,Active,2025-12-18,,9529.23,USD,2025-09-10T00:00:00
1828,Awareness Phone Campaign 01828,Awareness,Phone,Cancelled,2024-10-26,2024-12-09,,USD,2024-08-11T00:00:00
1829,Reengagement Social Campaign 01829,Reengagement,Social,Scheduled,2026-11-08,2027-02-16,5269.01,USD,2026-09-18T00:00:00
1830,Retention Phone Campaign 01830,Retention,Phone,Completed,2026-01-21,2026-05-14,7704.87,USD,2025-11-06T00:00:00
1831,Reengagement Web Campaign 01831,Reengagement,Web,Draft,2026-11-01,,5495.46,USD,2026-09-17T00:00:00
1832,CustomerEducation Event Campaign 01832,CustomerEducation,Event,Completed,2023-10-24,2023-11-12,6078.62,USD,2023-07-14T00:00:00
1833,Nurture Social Campaign 01833,Nurture,Social,Completed,2024-09-13,2024-12-15,8167.14,USD,2024-05-17T00:00:00
1834,Reengagement Social Campaign 01834,Reengagement,Social,Completed,2023-10-13,2023-12-22,13128.60,USD,2023-08-15T00:00:00
1835,Awareness Email Campaign 01835,Awareness,Email,Active,2024-12-29,,,USD,2024-10-12T00:00:00
1836,Retention Phone Campaign 01836,Retention,Phone,Active,2023-06-08,,,USD,2023-06-05T00:00:00
1837,Awareness Webinar Campaign 01837,Awareness,Webinar,Completed,2023-11-24,2024-02-04,5746.56,USD,2023-10-09T00:00:00
1838,Nurture Social Campaign 01838,Nurture,Social,Completed,2024-11-11,2025-01-02,6376.53,USD,2024-10-07T00:00:00
1839,Reengagement Social Campaign 01839,Reengagement,Social,Scheduled,2026-11-16,2026-12-16,6113.88,USD,2026-08-18T00:00:00
1840,Nurture Webinar Campaign 01840,Nurture,Webinar,Completed,2024-12-17,2025-03-05,10213.02,USD,2024-11-29T00:00:00
1841,Retention Web Campaign 01841,Retention,Web,Draft,2027-01-03,,,USD,2026-12-01T00:00:00
1842,CustomerEducation Phone Campaign 01842,CustomerEducation,Phone,Completed,2025-01-10,2025-02-22,10799.31,USD,2024-10-05T00:00:00
1843,Retention Event Campaign 01843,Retention,Event,Completed,2023-11-24,2023-12-26,7585.05,USD,2023-10-02T00:00:00
1844,Nurture Email Campaign 01844,Nurture,Email,Completed,2025-12-19,2026-03-12,9840.78,USD,2025-09-30T00:00:00
1845,CustomerEducation Phone Campaign 01845,CustomerEducation,Phone,Completed,2024-12-11,2025-01-23,7428.83,USD,2024-09-28T00:00:00
1846,CustomerEducation Email Campaign 01846,CustomerEducation,Email,Completed,2023-09-23,2023-12-12,5743.80,USD,2023-07-27T00:00:00
1847,Retention Phone Campaign 01847,Retention,Phone,Active,2024-11-11,,5480.84,USD,2024-10-15T00:00:00
1848,Reengagement Web Campaign 01848,Reengagement,Web,Completed,2025-02-21,2025-06-06,5192.32,USD,2025-01-30T00:00:00
1849,Nurture Event Campaign 01849,Nurture,Event,Completed,2025-12-23,2025-12-30,7928.33,USD,2025-09-08T00:00:00
1850,Reengagement Web Campaign 01850,Reengagement,Web,Active,2025-01-19,,5233.19,USD,2024-12-16T00:00:00
1851,Reengagement Web Campaign 01851,Reengagement,Web,Completed,2026-01-15,2026-02-14,10629.55,USD,2025-10-17T00:00:00
1852,Nurture Web Campaign 01852,Nurture,Web,Completed,2023-09-28,2024-01-12,5738.37,USD,2023-06-13T00:00:00
1853,Nurture Email Campaign 01853,Nurture,Email,Completed,2023-09-14,2023-10-16,34346.60,USD,2023-07-21T00:00:00
1854,Reengagement Email Campaign 01854,Reengagement,Email,Completed,2023-09-09,2023-12-17,28301.31,USD,2023-07-08T00:00:00
1855,Awareness Event Campaign 01855,Awareness,Event,Completed,2024-11-09,2025-02-26,9290.87,USD,2024-07-29T00:00:00
1856,CustomerEducation Webinar Campaign 01856,CustomerEducation,Webinar,Cancelled,2023-06-20,2023-09-01,,USD,2023-05-25T00:00:00
1857,Nurture Event Campaign 01857,Nurture,Event,Completed,2026-01-13,2026-01-30,5071.20,USD,2026-01-01T00:00:00
1858,CustomerEducation Email Campaign 01858,CustomerEducation,Email,Scheduled,2027-01-07,2027-02-06,24957.68,USD,2026-11-04T00:00:00
1859,Nurture Event Campaign 01859,Nurture,Event,Completed,2023-10-10,2024-02-02,5877.42,USD,2023-08-01T00:00:00
1860,Retention Webinar Campaign 01860,Retention,Webinar,Completed,2024-12-20,2025-04-11,8155.06,USD,2024-11-08T00:00:00
1861,Awareness Social Campaign 01861,Awareness,Social,Cancelled,2025-02-05,2025-03-07,7953.86,USD,2024-12-24T00:00:00
1862,CustomerEducation Email Campaign 01862,CustomerEducation,Email,Completed,2024-10-15,2024-10-23,6416.48,USD,2024-10-02T00:00:00
1863,Reengagement Web Campaign 01863,Reengagement,Web,Active,2026-02-06,,16773.19,USD,2025-11-19T00:00:00
1864,Awareness Web Campaign 01864,Awareness,Web,Completed,2025-12-12,2026-04-03,10651.72,USD,2025-09-08T00:00:00
1865,Nurture Phone Campaign 01865,Nurture,Phone,Active,2024-11-12,,7921.11,USD,2024-08-29T00:00:00
1866,Retention Event Campaign 01866,Retention,Event,Scheduled,2026-11-10,2027-02-12,6388.36,USD,2026-09-09T00:00:00
1867,Retention Event Campaign 01867,Retention,Event,Completed,2024-12-18,2025-03-18,5996.27,USD,2024-08-23T00:00:00
1868,Awareness Event Campaign 01868,Awareness,Event,Draft,2026-09-12,,7539.32,USD,2026-08-31T00:00:00
1869,Awareness Event Campaign 01869,Awareness,Event,Completed,2026-01-05,2026-04-07,93417.15,USD,2025-09-29T00:00:00
1870,Retention Webinar Campaign 01870,Retention,Webinar,Draft,2027-01-02,,,USD,2026-09-09T00:00:00
1871,CustomerEducation Event Campaign 01871,CustomerEducation,Event,Active,2026-01-11,,8235.86,USD,2025-12-31T00:00:00
1872,CustomerEducation Webinar Campaign 01872,CustomerEducation,Webinar,Active,2025-12-22,,6316.12,USD,2025-10-17T00:00:00
1873,CustomerEducation Event Campaign 01873,CustomerEducation,Event,Draft,2026-08-27,,6252.76,USD,2026-05-19T00:00:00
1874,Awareness Webinar Campaign 01874,Awareness,Webinar,Completed,2023-08-19,2023-11-21,12845.30,USD,2023-05-09T00:00:00
1875,Nurture Web Campaign 01875,Nurture,Web,Completed,2024-12-18,2025-04-03,34168.86,USD,2024-09-11T00:00:00
1876,Awareness Web Campaign 01876,Awareness,Web,Completed,2025-12-18,2026-03-07,27939.01,USD,2025-12-12T00:00:00
1877,Awareness Social Campaign 01877,Awareness,Social,Cancelled,2023-08-22,2023-11-13,109124.09,USD,2023-06-11T00:00:00
1878,Retention Event Campaign 01878,Retention,Event,Completed,2026-03-28,2026-07-14,,USD,2026-01-09T00:00:00
1879,Nurture Webinar Campaign 01879,Nurture,Webinar,Completed,2026-02-16,2026-02-24,5862.98,USD,2026-01-16T00:00:00
1880,Nurture Event Campaign 01880,Nurture,Event,Active,2025-01-03,,7260.97,USD,2024-11-20T00:00:00
1881,CustomerEducation Phone Campaign 01881,CustomerEducation,Phone,Completed,2023-10-13,2023-11-28,6740.57,USD,2023-08-25T00:00:00
1882,Nurture Event Campaign 01882,Nurture,Event,Active,2023-12-23,,9077.88,USD,2023-12-17T00:00:00
1883,CustomerEducation Web Campaign 01883,CustomerEducation,Web,Completed,2025-01-28,2025-02-09,8587.05,USD,2024-11-07T00:00:00
1884,Retention Phone Campaign 01884,Retention,Phone,Completed,2024-12-20,2025-02-05,9989.94,USD,2024-09-14T00:00:00
1885,Nurture Phone Campaign 01885,Nurture,Phone,Completed,2025-01-05,2025-02-09,8113.99,USD,2024-09-11T00:00:00
1886,Retention Web Campaign 01886,Retention,Web,Completed,2026-01-14,2026-02-14,336524.92,USD,2025-12-08T00:00:00
1887,Nurture Event Campaign 01887,Nurture,Event,Completed,2023-10-08,2023-11-16,8234.36,USD,2023-07-20T00:00:00
1888,Awareness Event Campaign 01888,Awareness,Event,Cancelled,2023-10-31,2024-01-08,11915.91,USD,2023-09-09T00:00:00
1889,Reengagement Web Campaign 01889,Reengagement,Web,Completed,2023-08-30,2023-12-28,,USD,2023-06-19T00:00:00
1890,Nurture Event Campaign 01890,Nurture,Event,Completed,2025-12-19,2026-02-16,5790.01,USD,2025-11-07T00:00:00
1891,Retention Event Campaign 01891,Retention,Event,Draft,2026-09-17,,54891.02,USD,2026-07-11T00:00:00
1892,Nurture Web Campaign 01892,Nurture,Web,Scheduled,2026-12-30,2027-01-29,5771.29,USD,2026-10-03T00:00:00
1893,Awareness Phone Campaign 01893,Awareness,Phone,Completed,2025-11-06,2026-01-19,6780.54,USD,2025-09-10T00:00:00
1894,Reengagement Phone Campaign 01894,Reengagement,Phone,Active,2026-03-09,,6156.04,USD,2026-01-19T00:00:00
1895,Retention Social Campaign 01895,Retention,Social,Scheduled,2027-01-06,2027-05-06,5956.24,USD,2026-11-29T00:00:00
1896,Awareness Webinar Campaign 01896,Awareness,Webinar,Scheduled,2026-11-14,2026-12-20,9308.07,USD,2026-08-03T00:00:00
1897,Nurture Email Campaign 01897,Nurture,Email,Completed,2024-10-04,2024-10-19,7388.03,USD,2024-06-27T00:00:00
1898,CustomerEducation Web Campaign 01898,CustomerEducation,Web,Active,2025-02-22,,8396.55,USD,2024-10-26T00:00:00
1899,Awareness Social Campaign 01899,Awareness,Social,Scheduled,2027-01-04,2027-02-22,6256.38,USD,2026-11-12T00:00:00
1900,Retention Social Campaign 01900,Retention,Social,Cancelled,2023-09-29,2023-10-09,31723.81,USD,2023-07-13T00:00:00
1901,Reengagement Email Campaign 01901,Reengagement,Email,Completed,2023-11-25,2024-02-11,5226.86,USD,2023-09-27T00:00:00
1902,Nurture Phone Campaign 01902,Nurture,Phone,Completed,2026-01-29,2026-02-09,44619.58,USD,2025-12-15T00:00:00
1903,Reengagement Webinar Campaign 01903,Reengagement,Webinar,Active,2024-09-18,,15615.36,USD,2024-05-28T00:00:00
1904,Retention Email Campaign 01904,Retention,Email,Active,2026-01-05,,11839.80,USD,2025-10-11T00:00:00
1905,Nurture Email Campaign 01905,Nurture,Email,Draft,2026-09-09,,6502.80,USD,2026-08-18T00:00:00
1906,Reengagement Social Campaign 01906,Reengagement,Social,Active,2024-12-06,,6518.18,USD,2024-10-20T00:00:00
1907,Reengagement Web Campaign 01907,Reengagement,Web,Completed,2026-01-07,2026-04-09,12907.51,USD,2025-12-13T00:00:00
1908,Nurture Webinar Campaign 01908,Nurture,Webinar,Completed,2023-09-15,2023-11-28,8603.51,USD,2023-07-04T00:00:00
1909,CustomerEducation Event Campaign 01909,CustomerEducation,Event,Scheduled,2027-01-04,2027-02-27,11724.78,USD,2026-12-20T00:00:00
1910,Reengagement Phone Campaign 01910,Reengagement,Phone,Active,2025-02-13,,5967.64,USD,2025-02-03T00:00:00
1911,Awareness Webinar Campaign 01911,Awareness,Webinar,Draft,2026-11-16,,6372.75,USD,2026-11-01T00:00:00
1912,Retention Webinar Campaign 01912,Retention,Webinar,Completed,2023-09-14,2023-11-06,,USD,2023-08-24T00:00:00
1913,Awareness Event Campaign 01913,Awareness,Event,Scheduled,2026-09-16,2026-11-06,5934.25,USD,2026-07-04T00:00:00
1914,Retention Event Campaign 01914,Retention,Event,Active,2023-09-04,,27197.24,USD,2023-08-29T00:00:00
1915,Retention Email Campaign 01915,Retention,Email,Completed,2024-12-19,2025-04-05,,USD,2024-11-23T00:00:00
1916,CustomerEducation Email Campaign 01916,CustomerEducation,Email,Scheduled,2026-09-11,2026-10-31,6283.42,USD,2026-07-21T00:00:00
1917,Nurture Email Campaign 01917,Nurture,Email,Cancelled,2025-12-25,2026-04-11,6173.60,USD,2025-10-13T00:00:00
1918,Retention Event Campaign 01918,Retention,Event,Active,2023-10-21,,7683.16,USD,2023-07-26T00:00:00
1919,Nurture Social Campaign 01919,Nurture,Social,Scheduled,2026-11-05,2026-12-05,13102.97,USD,2026-09-13T00:00:00
1920,Retention Event Campaign 01920,Retention,Event,Cancelled,2025-12-12,2026-02-20,13479.59,USD,2025-09-26T00:00:00
1921,CustomerEducation Social Campaign 01921,CustomerEducation,Social,Scheduled,2026-11-01,2026-12-01,12592.05,USD,2026-09-02T00:00:00
1922,Nurture Web Campaign 01922,Nurture,Web,Completed,2025-12-27,2026-04-13,9467.81,USD,2025-12-06T00:00:00
1923,Retention Social Campaign 01923,Retention,Social,Completed,2023-09-16,2024-01-02,26306.18,USD,2023-09-05T00:00:00
1924,CustomerEducation Email Campaign 01924,CustomerEducation,Email,Active,2023-08-23,,5836.73,USD,2023-05-05T00:00:00
1925,CustomerEducation Social Campaign 01925,CustomerEducation,Social,Completed,2023-12-20,2024-02-18,5390.42,USD,2023-10-09T00:00:00
1926,Awareness Phone Campaign 01926,Awareness,Phone,Active,2026-04-20,,6824.52,USD,2026-04-03T00:00:00
1927,CustomerEducation Webinar Campaign 01927,CustomerEducation,Webinar,Completed,2025-12-10,2026-01-14,9412.70,USD,2025-08-21T00:00:00
1928,Retention Web Campaign 01928,Retention,Web,Active,2023-09-02,,9211.79,USD,2023-06-01T00:00:00
1929,Awareness Webinar Campaign 01929,Awareness,Webinar,Active,2023-12-11,,6120.58,USD,2023-12-06T00:00:00
1930,Reengagement Event Campaign 01930,Reengagement,Event,Scheduled,2026-11-17,2027-02-08,11930.44,USD,2026-10-01T00:00:00
1931,Awareness Phone Campaign 01931,Awareness,Phone,Active,2026-02-28,,9893.22,USD,2025-11-12T00:00:00
1932,Reengagement Phone Campaign 01932,Reengagement,Phone,Active,2023-12-22,,9514.84,USD,2023-09-04T00:00:00
1933,Retention Event Campaign 01933,Retention,Event,Completed,2025-01-28,2025-04-09,11631.85,USD,2024-11-19T00:00:00
1934,Retention Webinar Campaign 01934,Retention,Webinar,Completed,2023-09-18,2023-12-06,24210.61,USD,2023-06-08T00:00:00
1935,Awareness Webinar Campaign 01935,Awareness,Webinar,Draft,2026-11-07,,14450.62,USD,2026-07-18T00:00:00
1936,Reengagement Event Campaign 01936,Reengagement,Event,Draft,2026-12-21,,,USD,2026-11-24T00:00:00
1937,CustomerEducation Email Campaign 01937,CustomerEducation,Email,Completed,2025-01-02,2025-03-30,7296.33,USD,2024-11-22T00:00:00
1938,Awareness Social Campaign 01938,Awareness,Social,Active,2025-03-04,,,USD,2025-01-11T00:00:00
1939,CustomerEducation Phone Campaign 01939,CustomerEducation,Phone,Completed,2023-09-12,2023-12-07,10841.65,USD,2023-08-01T00:00:00
1940,CustomerEducation Email Campaign 01940,CustomerEducation,Email,Active,2023-09-12,,34527.86,USD,2023-07-17T00:00:00
1941,CustomerEducation Event Campaign 01941,CustomerEducation,Event,Active,2025-12-28,,8137.23,USD,2025-10-05T00:00:00
1942,Reengagement Phone Campaign 01942,Reengagement,Phone,Completed,2023-11-24,2024-02-25,267737.89,USD,2023-09-19T00:00:00
1943,Reengagement Event Campaign 01943,Reengagement,Event,Completed,2025-04-23,2025-05-09,6738.19,USD,2025-02-27T00:00:00
1944,Retention Email Campaign 01944,Retention,Email,Active,2024-12-02,,5721.14,USD,2024-10-27T00:00:00
1945,Awareness Email Campaign 01945,Awareness,Email,Completed,2023-08-16,2023-10-24,7553.92,USD,2023-06-01T00:00:00
1946,CustomerEducation Social Campaign 01946,CustomerEducation,Social,Cancelled,2023-09-10,2023-10-13,5045.48,USD,2023-07-18T00:00:00
1947,Retention Social Campaign 01947,Retention,Social,Completed,2025-02-14,2025-03-21,5921.90,USD,2024-12-31T00:00:00
1948,Retention Phone Campaign 01948,Retention,Phone,Active,2023-10-23,,6361.92,USD,2023-10-05T00:00:00
1949,Nurture Email Campaign 01949,Nurture,Email,Completed,2023-07-29,2023-10-27,15762.55,USD,2023-06-02T00:00:00
1950,Awareness Phone Campaign 01950,Awareness,Phone,Scheduled,2026-08-29,2026-09-28,8360.95,USD,2026-06-30T00:00:00
1951,CustomerEducation Web Campaign 01951,CustomerEducation,Web,Completed,2023-07-06,2023-09-08,7482.63,USD,2023-05-01T00:00:00
1952,Nurture Social Campaign 01952,Nurture,Social,Completed,2023-09-05,2023-11-03,7717.43,USD,2023-08-11T00:00:00
1953,Nurture Web Campaign 01953,Nurture,Web,Scheduled,2026-09-13,2027-01-02,,USD,2026-08-19T00:00:00
1954,Awareness Phone Campaign 01954,Awareness,Phone,Completed,2024-10-19,2024-10-31,15878.57,USD,2024-10-08T00:00:00
1955,Reengagement Web Campaign 01955,Reengagement,Web,Active,2023-10-26,,,USD,2023-09-05T00:00:00
1956,CustomerEducation Web Campaign 01956,CustomerEducation,Web,Draft,2027-01-02,,5878.35,USD,2026-12-03T00:00:00
1957,CustomerEducation Social Campaign 01957,CustomerEducation,Social,Completed,2025-12-14,2026-02-07,10919.90,USD,2025-10-08T00:00:00
1958,Retention Event Campaign 01958,Retention,Event,Completed,2025-04-17,2025-07-28,9421.76,USD,2025-01-29T00:00:00
1959,Awareness Event Campaign 01959,Awareness,Event,Draft,2026-11-06,,5242.17,USD,2026-10-24T00:00:00
1960,Awareness Email Campaign 01960,Awareness,Email,Active,2023-08-23,,,USD,2023-06-29T00:00:00
1961,Reengagement Web Campaign 01961,Reengagement,Web,Completed,2024-12-28,2025-03-06,,USD,2024-12-09T00:00:00
1962,Awareness Social Campaign 01962,Awareness,Social,Cancelled,2023-10-13,2023-11-08,6092.78,USD,2023-07-01T00:00:00
1963,Nurture Web Campaign 01963,Nurture,Web,Completed,2023-10-10,2024-01-29,6274.57,USD,2023-09-05T00:00:00
1964,Awareness Phone Campaign 01964,Awareness,Phone,Cancelled,2025-01-07,2025-01-14,16341.01,USD,2024-10-09T00:00:00
1965,Reengagement Phone Campaign 01965,Reengagement,Phone,Active,2023-08-03,,5508.46,USD,2023-06-19T00:00:00
1966,CustomerEducation Social Campaign 01966,CustomerEducation,Social,Active,2025-01-30,,15644.72,USD,2025-01-14T00:00:00
1967,Awareness Phone Campaign 01967,Awareness,Phone,Active,2025-12-03,,6369.59,USD,2025-10-04T00:00:00
1968,Awareness Email Campaign 01968,Awareness,Email,Cancelled,2023-11-24,2024-03-18,53539.04,USD,2023-10-19T00:00:00
1969,CustomerEducation Event Campaign 01969,CustomerEducation,Event,Completed,2025-12-17,2026-03-07,5425.03,USD,2025-11-25T00:00:00
1970,Nurture Social Campaign 01970,Nurture,Social,Scheduled,2026-11-14,2027-01-23,31694.18,USD,2026-08-23T00:00:00
1971,Nurture Webinar Campaign 01971,Nurture,Webinar,Scheduled,2026-11-09,2026-12-11,5975.23,USD,2026-07-17T00:00:00
1972,Nurture Event Campaign 01972,Nurture,Event,Draft,2027-01-05,,6606.21,USD,2026-12-14T00:00:00
1973,Awareness Social Campaign 01973,Awareness,Social,Completed,2023-05-29,2023-08-06,12806.63,USD,2023-05-01T00:00:00
1974,CustomerEducation Email Campaign 01974,CustomerEducation,Email,Draft,2026-11-09,,16148.40,USD,2026-08-13T00:00:00
1975,Reengagement Social Campaign 01975,Reengagement,Social,Completed,2023-08-04,2023-10-09,6035.38,USD,2023-06-12T00:00:00
1976,Nurture Social Campaign 01976,Nurture,Social,Completed,2026-01-22,2026-03-18,,USD,2025-11-22T00:00:00
1977,Nurture Phone Campaign 01977,Nurture,Phone,Active,2023-07-19,,19287.55,USD,2023-06-07T00:00:00
1978,Retention Email Campaign 01978,Retention,Email,Completed,2024-12-21,2024-12-28,7812.56,USD,2024-09-12T00:00:00
1979,CustomerEducation Web Campaign 01979,CustomerEducation,Web,Completed,2023-08-11,2023-11-11,5998.97,USD,2023-05-22T00:00:00
1980,Awareness Event Campaign 01980,Awareness,Event,Draft,2026-12-29,,21725.09,USD,2026-09-21T00:00:00
1981,Awareness Phone Campaign 01981,Awareness,Phone,Active,2025-01-19,,5638.73,USD,2025-01-14T00:00:00
1982,Nurture Event Campaign 01982,Nurture,Event,Completed,2024-10-12,2024-12-09,53801.73,USD,2024-07-08T00:00:00
1983,Retention Email Campaign 01983,Retention,Email,Completed,2026-01-18,2026-02-20,5625.18,USD,2025-09-23T00:00:00
1984,Retention Email Campaign 01984,Retention,Email,Draft,2026-11-12,,28196.04,USD,2026-08-23T00:00:00
1985,Reengagement Social Campaign 01985,Reengagement,Social,Cancelled,2025-01-16,2025-04-01,7530.18,USD,2024-09-23T00:00:00
1986,Retention Web Campaign 01986,Retention,Web,Scheduled,2026-11-03,2026-12-29,5257.73,USD,2026-10-07T00:00:00
1987,Nurture Event Campaign 01987,Nurture,Event,Completed,2026-01-10,2026-04-15,6135.66,USD,2025-10-29T00:00:00
1988,Awareness Webinar Campaign 01988,Awareness,Webinar,Completed,2026-02-01,2026-02-25,6280.29,USD,2025-12-17T00:00:00
1989,Nurture Phone Campaign 01989,Nurture,Phone,Completed,2025-02-20,2025-03-30,9061.71,USD,2024-11-18T00:00:00
1990,Retention Webinar Campaign 01990,Retention,Webinar,Cancelled,2024-12-27,2025-03-11,12995.84,USD,2024-10-09T00:00:00
1991,Reengagement Webinar Campaign 01991,Reengagement,Webinar,Scheduled,2027-01-02,2027-02-22,183628.71,USD,2026-11-15T00:00:00
1992,Nurture Webinar Campaign 01992,Nurture,Webinar,Completed,2023-08-29,2023-10-03,15672.56,USD,2023-08-09T00:00:00
1993,CustomerEducation Web Campaign 01993,CustomerEducation,Web,Scheduled,2026-11-12,2027-02-21,5133.66,USD,2026-10-28T00:00:00
1994,Awareness Event Campaign 01994,Awareness,Event,Draft,2026-11-06,,8864.93,USD,2026-09-09T00:00:00
1995,Nurture Phone Campaign 01995,Nurture,Phone,Cancelled,2024-08-31,2024-10-22,18979.16,USD,2024-08-07T00:00:00
1996,CustomerEducation Web Campaign 01996,CustomerEducation,Web,Scheduled,2027-01-05,2027-02-04,14658.92,USD,2026-11-18T00:00:00
1997,Awareness Web Campaign 01997,Awareness,Web,Active,2024-12-23,,30637.30,USD,2024-10-15T00:00:00
1998,Nurture Email Campaign 01998,Nurture,Email,Active,2023-11-02,,12571.57,USD,2023-07-07T00:00:00
1999,Reengagement Social Campaign 01999,Reengagement,Social,Scheduled,2026-10-29,2027-02-06,12063.46,USD,2026-10-09T00:00:00
2000,Awareness Social Campaign 02000,Awareness,Social,Cancelled,2026-01-19,2026-03-18,258742.41,USD,2025-10-18T00:00:00
2001,Awareness Social Campaign 02001,Awareness,Social,Completed,2025-01-24,2025-03-29,6461.99,USD,2024-10-05T00:00:00
2002,Nurture Email Campaign 02002,Nurture,Email,Completed,2024-11-22,2025-02-25,,USD,2024-08-08T00:00:00
2003,Nurture Social Campaign 02003,Nurture,Social,Active,2026-04-15,,30834.03,USD,2026-01-19T00:00:00
2004,Reengagement Web Campaign 02004,Reengagement,Web,Completed,2026-01-16,2026-05-08,15196.09,USD,2026-01-01T00:00:00
2005,Retention Event Campaign 02005,Retention,Event,Completed,2023-08-30,2023-11-05,5592.29,USD,2023-05-16T00:00:00
2006,Nurture Email Campaign 02006,Nurture,Email,Cancelled,2023-10-02,2024-01-15,8361.10,USD,2023-08-27T00:00:00
2007,Retention Social Campaign 02007,Retention,Social,Scheduled,2026-12-27,2027-04-05,36148.86,USD,2026-09-27T00:00:00
2008,Awareness Email Campaign 02008,Awareness,Email,Completed,2025-02-12,2025-05-01,10045.65,USD,2024-12-21T00:00:00
2009,Reengagement Web Campaign 02009,Reengagement,Web,Active,2023-12-17,,7456.10,USD,2023-09-09T00:00:00
2010,CustomerEducation Webinar Campaign 02010,CustomerEducation,Webinar,Completed,2025-12-29,2026-02-21,6566.84,USD,2025-12-21T00:00:00
2011,Awareness Webinar Campaign 02011,Awareness,Webinar,Completed,2025-01-19,2025-02-27,,USD,2024-10-07T00:00:00
2012,Reengagement Social Campaign 02012,Reengagement,Social,Scheduled,2027-01-13,2027-04-28,14902.69,USD,2026-12-12T00:00:00
2013,Reengagement Phone Campaign 02013,Reengagement,Phone,Draft,2026-12-26,,8094.41,USD,2026-09-22T00:00:00
2014,Retention Event Campaign 02014,Retention,Event,Completed,2025-12-15,2026-01-13,9705.05,USD,2025-10-06T00:00:00
2015,Nurture Email Campaign 02015,Nurture,Email,Completed,2025-08-07,2025-08-21,5116.95,USD,2025-04-21T00:00:00
2016,Reengagement Social Campaign 02016,Reengagement,Social,Completed,2025-02-01,2025-04-05,8142.68,USD,2024-12-22T00:00:00
2017,Retention Email Campaign 02017,Retention,Email,Cancelled,2023-10-07,2023-10-16,8707.76,USD,2023-07-29T00:00:00
2018,Awareness Webinar Campaign 02018,Awareness,Webinar,Completed,2026-03-14,2026-04-24,27564.98,USD,2026-02-25T00:00:00
2019,Nurture Phone Campaign 02019,Nurture,Phone,Cancelled,2023-08-21,2023-11-03,14365.52,USD,2023-05-23T00:00:00
2020,Awareness Email Campaign 02020,Awareness,Email,Active,2025-03-03,,61906.46,USD,2024-12-04T00:00:00
2021,Retention Event Campaign 02021,Retention,Event,Completed,2024-12-01,2025-01-11,91336.11,USD,2024-08-14T00:00:00
2022,Retention Webinar Campaign 02022,Retention,Webinar,Scheduled,2026-09-02,2026-10-04,26734.85,USD,2026-06-29T00:00:00
2023,Nurture Webinar Campaign 02023,Nurture,Webinar,Completed,2024-11-18,2024-12-02,15843.71,USD,2024-08-15T00:00:00
2024,Nurture Social Campaign 02024,Nurture,Social,Cancelled,2026-02-10,2026-03-02,36253.79,USD,2025-12-29T00:00:00
2025,Awareness Phone Campaign 02025,Awareness,Phone,Completed,2023-09-08,2023-12-16,14198.70,USD,2023-06-12T00:00:00
2026,CustomerEducation Email Campaign 02026,CustomerEducation,Email,Completed,2023-10-09,2023-12-28,,USD,2023-07-12T00:00:00
2027,CustomerEducation Email Campaign 02027,CustomerEducation,Email,Completed,2025-01-04,2025-04-15,5738.67,USD,2025-01-03T00:00:00
2028,Awareness Webinar Campaign 02028,Awareness,Webinar,Completed,2023-08-04,2023-11-12,,USD,2023-04-17T00:00:00
2029,Awareness Email Campaign 02029,Awareness,Email,Active,2023-09-17,,73178.17,USD,2023-09-05T00:00:00
2030,Awareness Social Campaign 02030,Awareness,Social,Active,2024-12-12,,7882.48,USD,2024-10-23T00:00:00
2031,CustomerEducation Event Campaign 02031,CustomerEducation,Event,Scheduled,2026-09-21,2026-12-19,5406.99,USD,2026-09-19T00:00:00
2032,Awareness Webinar Campaign 02032,Awareness,Webinar,Completed,2023-10-05,2024-01-02,,USD,2023-09-27T00:00:00
2033,Reengagement Email Campaign 02033,Reengagement,Email,Draft,2026-10-31,,7759.80,USD,2026-08-21T00:00:00
2034,Awareness Webinar Campaign 02034,Awareness,Webinar,Completed,2025-01-22,2025-03-14,7789.90,USD,2024-10-17T00:00:00
2035,Retention Phone Campaign 02035,Retention,Phone,Completed,2026-02-26,2026-04-27,13545.98,USD,2025-11-18T00:00:00
2036,Retention Event Campaign 02036,Retention,Event,Active,2023-10-11,,13285.52,USD,2023-07-31T00:00:00
2037,Reengagement Webinar Campaign 02037,Reengagement,Webinar,Scheduled,2026-11-08,2026-12-29,10591.17,USD,2026-07-17T00:00:00
2038,Retention Phone Campaign 02038,Retention,Phone,Completed,2024-10-05,2025-01-25,6042.73,USD,2024-09-10T00:00:00
2039,Nurture Webinar Campaign 02039,Nurture,Webinar,Completed,2025-12-04,2026-02-15,17105.63,USD,2025-11-21T00:00:00
2040,Nurture Phone Campaign 02040,Nurture,Phone,Scheduled,2027-01-03,2027-02-02,5338.71,USD,2026-09-07T00:00:00
2041,Retention Webinar Campaign 02041,Retention,Webinar,Completed,2025-10-11,2026-01-21,10826.96,USD,2025-10-02T00:00:00
2042,CustomerEducation Web Campaign 02042,CustomerEducation,Web,Cancelled,2023-08-08,2023-11-02,5781.90,USD,2023-05-29T00:00:00
2043,Awareness Email Campaign 02043,Awareness,Email,Completed,2025-12-02,2026-01-07,21967.53,USD,2025-11-28T00:00:00
2044,CustomerEducation Phone Campaign 02044,CustomerEducation,Phone,Completed,2025-02-08,2025-04-25,11146.53,USD,2025-01-22T00:00:00
2045,Reengagement Webinar Campaign 02045,Reengagement,Webinar,Cancelled,2025-12-30,2026-02-19,5597.38,USD,2025-09-21T00:00:00
2046,Awareness Social Campaign 02046,Awareness,Social,Completed,2023-08-23,2023-12-19,,USD,2023-04-27T00:00:00
2047,CustomerEducation Event Campaign 02047,CustomerEducation,Event,Completed,2023-08-14,2023-11-28,12859.95,USD,2023-06-28T00:00:00
2048,Awareness Event Campaign 02048,Awareness,Event,Completed,2023-10-17,2023-10-26,8233.13,USD,2023-08-17T00:00:00
2049,CustomerEducation Social Campaign 02049,CustomerEducation,Social,Completed,2024-12-24,2025-02-14,6353.33,USD,2024-12-16T00:00:00
2050,CustomerEducation Phone Campaign 02050,CustomerEducation,Phone,Active,2024-11-05,,6520.67,USD,2024-07-30T00:00:00
2051,Reengagement Social Campaign 02051,Reengagement,Social,Completed,2023-07-24,2023-08-18,16066.42,USD,2023-06-23T00:00:00
2052,Nurture Phone Campaign 02052,Nurture,Phone,Completed,2026-01-16,2026-04-01,443350.28,USD,2025-12-17T00:00:00
2053,Retention Event Campaign 02053,Retention,Event,Draft,2026-11-03,,13851.50,USD,2026-09-24T00:00:00
2054,Awareness Event Campaign 02054,Awareness,Event,Completed,2025-10-07,2026-02-03,18439.53,USD,2025-07-22T00:00:00
2055,CustomerEducation Web Campaign 02055,CustomerEducation,Web,Completed,2024-10-16,2025-01-19,5338.71,USD,2024-10-15T00:00:00
2056,Retention Email Campaign 02056,Retention,Email,Active,2024-12-04,,,USD,2024-09-22T00:00:00
2057,Awareness Email Campaign 02057,Awareness,Email,Active,2024-12-13,,24911.73,USD,2024-11-13T00:00:00
2058,CustomerEducation Event Campaign 02058,CustomerEducation,Event,Active,2024-12-23,,7649.58,USD,2024-11-16T00:00:00
2059,Nurture Event Campaign 02059,Nurture,Event,Cancelled,2025-01-06,2025-03-05,5360.95,USD,2024-09-30T00:00:00
2060,Awareness Phone Campaign 02060,Awareness,Phone,Completed,2023-10-29,2023-11-14,8131.67,USD,2023-08-16T00:00:00
2061,Retention Event Campaign 02061,Retention,Event,Completed,2023-11-01,2023-11-11,13671.00,USD,2023-08-09T00:00:00
2062,Awareness Webinar Campaign 02062,Awareness,Webinar,Cancelled,2025-10-05,2025-11-24,5906.98,USD,2025-09-14T00:00:00
2063,Awareness Email Campaign 02063,Awareness,Email,Cancelled,2025-11-28,2026-01-26,35008.69,USD,2025-11-20T00:00:00
2064,Reengagement Web Campaign 02064,Reengagement,Web,Active,2024-09-25,,5090.38,USD,2024-06-19T00:00:00
2065,Awareness Event Campaign 02065,Awareness,Event,Completed,2023-10-13,2024-01-26,19090.88,USD,2023-10-12T00:00:00
2066,Reengagement Phone Campaign 02066,Reengagement,Phone,Completed,2024-11-17,2025-03-05,42436.89,USD,2024-08-29T00:00:00
2067,Retention Email Campaign 02067,Retention,Email,Completed,2023-07-18,2023-08-24,15036.71,USD,2023-04-11T00:00:00
2068,CustomerEducation Email Campaign 02068,CustomerEducation,Email,Completed,2025-12-26,2026-03-06,17089.68,USD,2025-10-18T00:00:00
2069,Nurture Email Campaign 02069,Nurture,Email,Completed,2023-09-07,2023-11-20,15771.03,USD,2023-07-17T00:00:00
2070,CustomerEducation Webinar Campaign 02070,CustomerEducation,Webinar,Draft,2026-12-31,,6362.05,USD,2026-11-05T00:00:00
2071,Retention Webinar Campaign 02071,Retention,Webinar,Completed,2026-03-23,2026-05-25,,USD,2026-02-28T00:00:00
2072,Reengagement Social Campaign 02072,Reengagement,Social,Completed,2025-02-16,2025-03-09,8337.93,USD,2025-01-08T00:00:00
2073,CustomerEducation Webinar Campaign 02073,CustomerEducation,Webinar,Completed,2025-10-21,2026-01-09,7011.55,USD,2025-07-26T00:00:00
2074,Reengagement Phone Campaign 02074,Reengagement,Phone,Completed,2025-11-05,2025-12-17,5202.79,USD,2025-08-09T00:00:00
2075,Awareness Email Campaign 02075,Awareness,Email,Scheduled,2026-09-07,2026-12-13,7827.92,USD,2026-06-21T00:00:00
2076,CustomerEducation Webinar Campaign 02076,CustomerEducation,Webinar,Completed,2023-08-25,2023-09-16,9512.11,USD,2023-06-29T00:00:00
2077,Reengagement Web Campaign 02077,Reengagement,Web,Scheduled,2026-12-31,2027-03-26,5251.44,USD,2026-09-11T00:00:00
2078,Nurture Webinar Campaign 02078,Nurture,Webinar,Active,2024-12-08,,5974.31,USD,2024-09-30T00:00:00
2079,Nurture Phone Campaign 02079,Nurture,Phone,Completed,2025-11-29,2026-02-09,7917.01,USD,2025-08-27T00:00:00
2080,CustomerEducation Web Campaign 02080,CustomerEducation,Web,Draft,2026-11-12,,,USD,2026-08-22T00:00:00
2081,Awareness Email Campaign 02081,Awareness,Email,Completed,2023-10-31,2024-01-02,,USD,2023-07-30T00:00:00
2082,Nurture Event Campaign 02082,Nurture,Event,Completed,2025-02-16,2025-03-05,16265.93,USD,2024-10-21T00:00:00
2083,Retention Web Campaign 02083,Retention,Web,Completed,2025-12-23,2026-03-03,127266.29,USD,2025-11-18T00:00:00
2084,Reengagement Social Campaign 02084,Reengagement,Social,Draft,2026-12-28,,5468.03,USD,2026-09-29T00:00:00
2085,Awareness Web Campaign 02085,Awareness,Web,Completed,2023-10-10,2024-01-31,,USD,2023-07-29T00:00:00
2086,CustomerEducation Event Campaign 02086,CustomerEducation,Event,Active,2024-11-08,,,USD,2024-10-20T00:00:00
2087,Awareness Social Campaign 02087,Awareness,Social,Active,2025-02-07,,5197.27,USD,2024-11-06T00:00:00
2088,CustomerEducation Webinar Campaign 02088,CustomerEducation,Webinar,Completed,2024-11-26,2025-01-26,23446.98,USD,2024-09-11T00:00:00
2089,Awareness Email Campaign 02089,Awareness,Email,Active,2024-02-03,,43348.18,USD,2023-11-22T00:00:00
2090,Reengagement Webinar Campaign 02090,Reengagement,Webinar,Draft,2026-09-10,,9895.11,USD,2026-06-29T00:00:00
2091,Nurture Event Campaign 02091,Nurture,Event,Scheduled,2026-11-04,2026-12-28,9018.49,USD,2026-08-19T00:00:00
2092,Nurture Web Campaign 02092,Nurture,Web,Completed,2025-11-10,2026-01-03,6316.41,USD,2025-08-05T00:00:00
2093,Nurture Event Campaign 02093,Nurture,Event,Cancelled,2026-02-27,2026-03-18,22668.17,USD,2025-12-01T00:00:00
2094,Reengagement Phone Campaign 02094,Reengagement,Phone,Active,2024-12-04,,5416.60,USD,2024-10-30T00:00:00
2095,CustomerEducation Phone Campaign 02095,CustomerEducation,Phone,Completed,2026-01-06,2026-04-24,15314.30,USD,2025-10-24T00:00:00
2096,CustomerEducation Web Campaign 02096,CustomerEducation,Web,Cancelled,2026-01-24,2026-03-20,18192.94,USD,2025-11-10T00:00:00
2097,CustomerEducation Phone Campaign 02097,CustomerEducation,Phone,Active,2024-11-23,,8704.51,USD,2024-10-28T00:00:00
2098,Nurture Phone Campaign 02098,Nurture,Phone,Completed,2025-01-05,2025-01-25,7028.40,USD,2025-01-01T00:00:00
2099,Nurture Web Campaign 02099,Nurture,Web,Completed,2024-10-17,2024-12-07,8154.89,USD,2024-07-03T00:00:00
2100,Reengagement Webinar Campaign 02100,Reengagement,Webinar,Active,2026-05-03,,10029.41,USD,2026-02-22T00:00:00
2101,CustomerEducation Webinar Campaign 02101,CustomerEducation,Webinar,Completed,2023-10-01,2024-01-14,13299.80,USD,2023-07-15T00:00:00
2102,Reengagement Phone Campaign 02102,Reengagement,Phone,Completed,2026-02-15,2026-04-17,9291.91,USD,2025-12-17T00:00:00
2103,Reengagement Webinar Campaign 02103,Reengagement,Webinar,Draft,2026-11-11,,14515.40,USD,2026-09-23T00:00:00
2104,Reengagement Social Campaign 02104,Reengagement,Social,Active,2024-12-20,,5658.66,USD,2024-11-20T00:00:00
2105,Reengagement Phone Campaign 02105,Reengagement,Phone,Draft,2026-09-03,,5227.29,USD,2026-08-08T00:00:00
2106,Retention Webinar Campaign 02106,Retention,Webinar,Active,2024-10-08,,20485.37,USD,2024-07-07T00:00:00
2107,CustomerEducation Phone Campaign 02107,CustomerEducation,Phone,Active,2024-11-20,,,USD,2024-08-15T00:00:00
2108,Reengagement Email Campaign 02108,Reengagement,Email,Active,2025-03-05,,,USD,2025-01-26T00:00:00
2109,Nurture Phone Campaign 02109,Nurture,Phone,Completed,2023-09-24,2023-12-08,15309.14,USD,2023-09-23T00:00:00
2110,CustomerEducation Phone Campaign 02110,CustomerEducation,Phone,Active,2026-01-24,,9164.04,USD,2026-01-14T00:00:00
2111,CustomerEducation Webinar Campaign 02111,CustomerEducation,Webinar,Cancelled,2023-10-23,2024-02-10,,USD,2023-06-25T00:00:00
2112,CustomerEducation Web Campaign 02112,CustomerEducation,Web,Completed,2023-08-29,2023-12-02,13309.74,USD,2023-05-20T00:00:00
2113,Awareness Event Campaign 02113,Awareness,Event,Active,2025-01-21,,5632.01,USD,2025-01-12T00:00:00
2114,Nurture Webinar Campaign 02114,Nurture,Webinar,Cancelled,2023-08-31,2023-10-30,5874.02,USD,2023-07-08T00:00:00
2115,Nurture Webinar Campaign 02115,Nurture,Webinar,Scheduled,2026-09-08,2026-11-30,21693.49,USD,2026-07-07T00:00:00
2116,Reengagement Email Campaign 02116,Reengagement,Email,Completed,2025-01-07,2025-01-23,,USD,2024-09-09T00:00:00
2117,Nurture Event Campaign 02117,Nurture,Event,Cancelled,2023-10-23,2023-12-30,6081.19,USD,2023-09-15T00:00:00
2118,Retention Email Campaign 02118,Retention,Email,Completed,2024-10-17,2025-01-12,,USD,2024-09-08T00:00:00
2119,Reengagement Web Campaign 02119,Reengagement,Web,Completed,2024-12-18,2025-03-05,,USD,2024-11-16T00:00:00
2120,Reengagement Webinar Campaign 02120,Reengagement,Webinar,Active,2026-01-20,,5089.28,USD,2025-09-24T00:00:00
2121,Nurture Social Campaign 02121,Nurture,Social,Cancelled,2026-01-14,2026-05-03,7207.10,USD,2025-12-14T00:00:00
2122,CustomerEducation Phone Campaign 02122,CustomerEducation,Phone,Completed,2024-10-15,2024-12-13,,USD,2024-09-10T00:00:00
2123,Awareness Phone Campaign 02123,Awareness,Phone,Active,2025-12-22,,49290.75,USD,2025-12-19T00:00:00
2124,Nurture Event Campaign 02124,Nurture,Event,Active,2023-09-08,,13687.46,USD,2023-08-03T00:00:00
2125,CustomerEducation Webinar Campaign 02125,CustomerEducation,Webinar,Draft,2026-09-10,,24251.64,USD,2026-06-29T00:00:00
2126,Awareness Email Campaign 02126,Awareness,Email,Scheduled,2026-09-08,2026-11-25,6701.91,USD,2026-07-17T00:00:00
2127,Nurture Social Campaign 02127,Nurture,Social,Completed,2025-01-31,2025-04-26,9848.53,USD,2024-11-28T00:00:00
2128,Retention Event Campaign 02128,Retention,Event,Draft,2026-11-12,,25976.91,USD,2026-08-19T00:00:00
2129,CustomerEducation Event Campaign 02129,CustomerEducation,Event,Completed,2023-10-28,2024-01-25,,USD,2023-10-25T00:00:00
2130,CustomerEducation Webinar Campaign 02130,CustomerEducation,Webinar,Completed,2024-12-23,2025-02-20,13901.06,USD,2024-11-18T00:00:00
2131,Awareness Web Campaign 02131,Awareness,Web,Active,2024-11-04,,26589.40,USD,2024-08-08T00:00:00
2132,Awareness Web Campaign 02132,Awareness,Web,Scheduled,2026-11-13,2026-12-13,67912.85,USD,2026-08-16T00:00:00
2133,CustomerEducation Event Campaign 02133,CustomerEducation,Event,Scheduled,2027-01-04,2027-04-16,5947.49,USD,2026-11-09T00:00:00
2134,Retention Webinar Campaign 02134,Retention,Webinar,Active,2023-08-02,,5713.84,USD,2023-05-20T00:00:00
2135,Retention Social Campaign 02135,Retention,Social,Active,2023-09-11,,338560.79,USD,2023-08-05T00:00:00
2136,Awareness Phone Campaign 02136,Awareness,Phone,Completed,2026-01-22,2026-04-26,29163.16,USD,2025-12-23T00:00:00
2137,Awareness Social Campaign 02137,Awareness,Social,Cancelled,2024-11-27,2025-01-20,5156.43,USD,2024-11-16T00:00:00
2138,Retention Event Campaign 02138,Retention,Event,Completed,2023-08-09,2023-09-12,11094.15,USD,2023-05-05T00:00:00
2139,Retention Email Campaign 02139,Retention,Email,Active,2023-10-11,,2000000.00,USD,2023-07-18T00:00:00
2140,Reengagement Phone Campaign 02140,Reengagement,Phone,Completed,2024-12-10,2025-03-03,,USD,2024-11-09T00:00:00
2141,Awareness Web Campaign 02141,Awareness,Web,Cancelled,2024-10-28,2025-02-18,16225.52,USD,2024-07-16T00:00:00
2142,Awareness Web Campaign 02142,Awareness,Web,Completed,2025-02-04,2025-05-18,8196.15,USD,2024-11-13T00:00:00
2143,Nurture Phone Campaign 02143,Nurture,Phone,Active,2025-11-28,,6953.86,USD,2025-09-15T00:00:00
2144,Retention Webinar Campaign 02144,Retention,Webinar,Draft,2026-11-04,,11491.63,USD,2026-10-03T00:00:00
2145,Awareness Event Campaign 02145,Awareness,Event,Active,2025-12-15,,21352.65,USD,2025-09-08T00:00:00
2146,Nurture Phone Campaign 02146,Nurture,Phone,Draft,2026-11-17,,10186.19,USD,2026-10-11T00:00:00
2147,CustomerEducation Webinar Campaign 02147,CustomerEducation,Webinar,Active,2025-12-11,,13600.62,USD,2025-10-29T00:00:00
2148,Retention Event Campaign 02148,Retention,Event,Active,2024-11-20,,18431.52,USD,2024-10-17T00:00:00
2149,Retention Webinar Campaign 02149,Retention,Webinar,Completed,2023-10-13,2024-01-22,7303.72,USD,2023-08-31T00:00:00
2150,Retention Webinar Campaign 02150,Retention,Webinar,Completed,2025-01-04,2025-02-08,6204.87,USD,2024-11-23T00:00:00
2151,Retention Social Campaign 02151,Retention,Social,Active,2026-01-08,,15446.25,USD,2025-10-04T00:00:00
2152,Nurture Web Campaign 02152,Nurture,Web,Active,2026-02-01,,7110.99,USD,2025-10-16T00:00:00
2153,Retention Email Campaign 02153,Retention,Email,Active,2023-11-01,,9750.93,USD,2023-08-08T00:00:00
2154,Retention Social Campaign 02154,Retention,Social,Completed,2024-11-15,2024-12-22,6242.72,USD,2024-08-19T00:00:00
2155,Nurture Email Campaign 02155,Nurture,Email,Completed,2024-12-28,2025-01-15,,USD,2024-10-30T00:00:00
2156,CustomerEducation Phone Campaign 02156,CustomerEducation,Phone,Completed,2024-11-13,2025-02-08,32027.41,USD,2024-09-21T00:00:00
2157,Awareness Event Campaign 02157,Awareness,Event,Completed,2026-02-02,2026-05-31,7423.02,USD,2026-01-07T00:00:00
2158,CustomerEducation Event Campaign 02158,CustomerEducation,Event,Scheduled,2027-01-10,2027-04-24,6143.97,USD,2026-12-14T00:00:00
2159,CustomerEducation Webinar Campaign 02159,CustomerEducation,Webinar,Draft,2026-09-14,,6460.94,USD,2026-08-29T00:00:00
2160,Reengagement Event Campaign 02160,Reengagement,Event,Cancelled,2023-08-25,2023-10-20,6242.29,USD,2023-05-21T00:00:00
2161,Retention Web Campaign 02161,Retention,Web,Active,2024-12-30,,6628.70,USD,2024-12-29T00:00:00
2162,Retention Webinar Campaign 02162,Retention,Webinar,Active,2023-07-27,,9208.12,USD,2023-04-15T00:00:00
2163,Nurture Phone Campaign 02163,Nurture,Phone,Completed,2025-11-24,2026-01-19,5309.06,USD,2025-10-29T00:00:00
2164,CustomerEducation Phone Campaign 02164,CustomerEducation,Phone,Completed,2024-12-13,2025-01-21,11930.05,USD,2024-12-02T00:00:00
2165,CustomerEducation Webinar Campaign 02165,CustomerEducation,Webinar,Scheduled,2026-12-27,2027-03-01,8902.04,USD,2026-12-07T00:00:00
2166,Retention Event Campaign 02166,Retention,Event,Completed,2024-12-03,2025-02-11,5796.46,USD,2024-11-24T00:00:00
2167,Retention Web Campaign 02167,Retention,Web,Active,2023-06-14,,,USD,2023-05-23T00:00:00
2168,Awareness Email Campaign 02168,Awareness,Email,Completed,2023-10-03,2024-01-17,14929.47,USD,2023-09-22T00:00:00
2169,Reengagement Social Campaign 02169,Reengagement,Social,Completed,2026-02-23,2026-03-06,38881.26,USD,2026-01-28T00:00:00
2170,Reengagement Social Campaign 02170,Reengagement,Social,Draft,2026-09-05,,6810.79,USD,2026-07-12T00:00:00
2171,Nurture Event Campaign 02171,Nurture,Event,Completed,2023-09-01,2023-10-02,94288.40,USD,2023-06-09T00:00:00
2172,Retention Social Campaign 02172,Retention,Social,Active,2023-09-11,,9144.13,USD,2023-07-07T00:00:00
2173,Retention Phone Campaign 02173,Retention,Phone,Draft,2027-01-06,,97919.90,USD,2026-12-02T00:00:00
2174,Retention Phone Campaign 02174,Retention,Phone,Scheduled,2026-09-10,2026-10-10,7318.12,USD,2026-07-15T00:00:00
2175,Reengagement Phone Campaign 02175,Reengagement,Phone,Completed,2023-09-24,2023-10-16,7993.66,USD,2023-07-19T00:00:00
2176,Awareness Event Campaign 02176,Awareness,Event,Completed,2023-08-26,2023-11-27,6401.54,USD,2023-06-16T00:00:00
2177,Awareness Event Campaign 02177,Awareness,Event,Cancelled,2024-11-21,2024-12-01,7701.81,USD,2024-08-25T00:00:00
2178,Retention Social Campaign 02178,Retention,Social,Active,2023-08-19,,11217.30,USD,2023-07-11T00:00:00
2179,Retention Social Campaign 02179,Retention,Social,Cancelled,2023-11-06,2024-01-11,15077.84,USD,2023-09-08T00:00:00
2180,Awareness Web Campaign 02180,Awareness,Web,Completed,2025-04-07,2025-04-23,11495.32,USD,2025-01-19T00:00:00
2181,Reengagement Webinar Campaign 02181,Reengagement,Webinar,Completed,2023-11-08,2024-03-03,7097.07,USD,2023-10-31T00:00:00
2182,Reengagement Web Campaign 02182,Reengagement,Web,Scheduled,2027-01-04,2027-02-03,,USD,2026-11-04T00:00:00
2183,CustomerEducation Web Campaign 02183,CustomerEducation,Web,Active,2023-11-11,,5712.45,USD,2023-07-31T00:00:00
2184,Nurture Webinar Campaign 02184,Nurture,Webinar,Completed,2024-12-31,2025-02-14,14543.75,USD,2024-11-03T00:00:00
2185,Reengagement Phone Campaign 02185,Reengagement,Phone,Completed,2024-11-20,2025-03-11,9970.73,USD,2024-10-11T00:00:00
2186,Awareness Web Campaign 02186,Awareness,Web,Completed,2023-06-19,2023-09-06,5056.37,USD,2023-06-16T00:00:00
2187,CustomerEducation Phone Campaign 02187,CustomerEducation,Phone,Scheduled,2026-12-23,2027-01-28,5186.47,USD,2026-11-08T00:00:00
2188,Nurture Email Campaign 02188,Nurture,Email,Scheduled,2026-09-02,2026-10-02,5094.68,USD,2026-05-05T00:00:00
2189,Awareness Webinar Campaign 02189,Awareness,Webinar,Active,2025-12-23,,5315.07,USD,2025-09-12T00:00:00
2190,Nurture Email Campaign 02190,Nurture,Email,Draft,2026-08-29,,126949.62,USD,2026-06-24T00:00:00
2191,Reengagement Social Campaign 02191,Reengagement,Social,Completed,2023-09-24,2023-12-20,8759.61,USD,2023-07-23T00:00:00
2192,Nurture Email Campaign 02192,Nurture,Email,Completed,2025-01-30,2025-03-15,8652.00,USD,2024-12-21T00:00:00
2193,Reengagement Event Campaign 02193,Reengagement,Event,Active,2024-12-03,,8145.35,USD,2024-09-23T00:00:00
2194,Awareness Webinar Campaign 02194,Awareness,Webinar,Cancelled,2025-12-29,2026-03-10,6548.82,USD,2025-10-03T00:00:00
2195,Awareness Event Campaign 02195,Awareness,Event,Draft,2026-09-06,,8570.05,USD,2026-07-09T00:00:00
2196,Nurture Event Campaign 02196,Nurture,Event,Completed,2024-10-13,2025-02-01,42600.05,USD,2024-08-21T00:00:00
2197,Awareness Web Campaign 02197,Awareness,Web,Completed,2024-12-07,2025-01-15,556581.51,USD,2024-10-27T00:00:00
2198,Reengagement Phone Campaign 02198,Reengagement,Phone,Cancelled,2023-10-17,2023-12-05,10192.57,USD,2023-07-02T00:00:00
2199,Reengagement Webinar Campaign 02199,Reengagement,Webinar,Completed,2023-10-22,2023-11-11,5396.29,USD,2023-09-22T00:00:00
2200,Awareness Event Campaign 02200,Awareness,Event,Active,2023-10-07,,11019.88,USD,2023-07-16T00:00:00
2201,Nurture Event Campaign 02201,Nurture,Event,Active,2023-09-25,,6209.73,USD,2023-09-23T00:00:00
2202,CustomerEducation Event Campaign 02202,CustomerEducation,Event,Scheduled,2027-01-03,2027-04-20,8292.89,USD,2026-10-11T00:00:00
2203,Retention Web Campaign 02203,Retention,Web,Completed,2023-07-05,2023-07-23,6162.82,USD,2023-05-19T00:00:00
2204,Retention Web Campaign 02204,Retention,Web,Scheduled,2026-12-27,2027-03-02,9110.19,USD,2026-09-08T00:00:00
2205,Reengagement Email Campaign 02205,Reengagement,Email,Completed,2023-07-15,2023-09-14,42474.53,USD,2023-07-12T00:00:00
2206,Reengagement Social Campaign 02206,Reengagement,Social,Active,2025-12-25,,5664.93,USD,2025-12-02T00:00:00
2207,Awareness Event Campaign 02207,Awareness,Event,Active,2023-07-27,,5231.84,USD,2023-07-22T00:00:00
2208,Awareness Email Campaign 02208,Awareness,Email,Active,2024-11-29,,6140.10,USD,2024-09-14T00:00:00
2209,Nurture Web Campaign 02209,Nurture,Web,Active,2024-12-11,,26763.28,USD,2024-09-24T00:00:00
2210,CustomerEducation Phone Campaign 02210,CustomerEducation,Phone,Completed,2024-12-27,2025-03-09,6136.74,USD,2024-12-13T00:00:00
2211,Awareness Social Campaign 02211,Awareness,Social,Completed,2024-12-29,2025-01-06,9829.44,USD,2024-12-06T00:00:00
2212,Awareness Event Campaign 02212,Awareness,Event,Active,2024-11-12,,9188.20,USD,2024-10-09T00:00:00
2213,Nurture Phone Campaign 02213,Nurture,Phone,Active,2024-11-30,,5875.96,USD,2024-08-31T00:00:00
2214,Nurture Email Campaign 02214,Nurture,Email,Scheduled,2026-10-28,2026-11-27,5522.31,USD,2026-10-19T00:00:00
2215,Nurture Social Campaign 02215,Nurture,Social,Draft,2026-11-13,,6592.44,USD,2026-09-03T00:00:00
2216,Retention Email Campaign 02216,Retention,Email,Active,2023-12-24,,46030.24,USD,2023-09-08T00:00:00
2217,Nurture Web Campaign 02217,Nurture,Web,Active,2025-01-19,,6398.21,USD,2024-12-10T00:00:00
2218,Retention Webinar Campaign 02218,Retention,Webinar,Completed,2026-01-02,2026-01-09,25663.10,USD,2025-11-26T00:00:00
2219,Awareness Web Campaign 02219,Awareness,Web,Active,2026-01-26,,17275.41,USD,2025-12-19T00:00:00
2220,Awareness Event Campaign 02220,Awareness,Event,Active,2025-10-16,,29912.65,USD,2025-09-14T00:00:00
2221,Reengagement Phone Campaign 02221,Reengagement,Phone,Cancelled,2024-12-18,2025-02-07,6789.62,USD,2024-09-16T00:00:00
2222,Reengagement Phone Campaign 02222,Reengagement,Phone,Draft,2026-08-27,,11581.03,USD,2026-07-19T00:00:00
2223,CustomerEducation Web Campaign 02223,CustomerEducation,Web,Completed,2023-10-25,2023-12-08,,USD,2023-09-08T00:00:00
2224,CustomerEducation Email Campaign 02224,CustomerEducation,Email,Active,2024-11-11,,103786.97,USD,2024-08-15T00:00:00
2225,Reengagement Web Campaign 02225,Reengagement,Web,Completed,2025-01-15,2025-03-10,8023.59,USD,2024-12-09T00:00:00
2226,CustomerEducation Web Campaign 02226,CustomerEducation,Web,Draft,2026-09-06,,6521.12,USD,2026-05-24T00:00:00
2227,Retention Event Campaign 02227,Retention,Event,Scheduled,2026-12-22,2027-04-12,7116.33,USD,2026-12-04T00:00:00
2228,Retention Email Campaign 02228,Retention,Email,Completed,2025-12-11,2025-12-22,28574.60,USD,2025-12-08T00:00:00
2229,Reengagement Webinar Campaign 02229,Reengagement,Webinar,Active,2024-12-31,,5392.25,USD,2024-12-23T00:00:00
2230,Retention Webinar Campaign 02230,Retention,Webinar,Cancelled,2025-11-23,2026-02-12,7147.72,USD,2025-08-12T00:00:00
2231,Reengagement Email Campaign 02231,Reengagement,Email,Scheduled,2026-09-09,2026-11-17,6789.15,USD,2026-09-06T00:00:00
2232,CustomerEducation Event Campaign 02232,CustomerEducation,Event,Cancelled,2023-10-18,2024-02-09,7626.75,USD,2023-07-07T00:00:00
2233,Awareness Webinar Campaign 02233,Awareness,Webinar,Active,2023-08-31,,13420.41,USD,2023-06-14T00:00:00
2234,Reengagement Webinar Campaign 02234,Reengagement,Webinar,Scheduled,2026-11-23,2026-12-27,9887.82,USD,2026-11-03T00:00:00
2235,Reengagement Event Campaign 02235,Reengagement,Event,Scheduled,2026-12-25,2027-03-03,5844.64,USD,2026-12-12T00:00:00
2236,CustomerEducation Email Campaign 02236,CustomerEducation,Email,Active,2025-01-03,,,USD,2024-10-27T00:00:00
2237,Retention Email Campaign 02237,Retention,Email,Completed,2024-10-20,2024-12-21,12747.15,USD,2024-07-02T00:00:00
2238,CustomerEducation Webinar Campaign 02238,CustomerEducation,Webinar,Completed,2024-12-19,2025-02-25,5555.88,USD,2024-11-13T00:00:00
2239,Nurture Social Campaign 02239,Nurture,Social,Completed,2023-11-26,2024-01-20,6833.72,USD,2023-11-11T00:00:00
2240,CustomerEducation Phone Campaign 02240,CustomerEducation,Phone,Active,2025-01-12,,,USD,2024-10-06T00:00:00
2241,Retention Webinar Campaign 02241,Retention,Webinar,Draft,2026-11-14,,37919.45,USD,2026-09-01T00:00:00
2242,CustomerEducation Social Campaign 02242,CustomerEducation,Social,Scheduled,2026-11-11,2027-03-06,8913.39,USD,2026-07-23T00:00:00
2243,Nurture Webinar Campaign 02243,Nurture,Webinar,Completed,2023-11-25,2024-03-19,16063.66,USD,2023-09-24T00:00:00
2244,Retention Web Campaign 02244,Retention,Web,Draft,2026-12-24,,5124.60,USD,2026-11-19T00:00:00
2245,Awareness Email Campaign 02245,Awareness,Email,Cancelled,2025-02-21,2025-06-13,11285.26,USD,2024-11-08T00:00:00
2246,Retention Event Campaign 02246,Retention,Event,Active,2025-01-15,,5036.52,USD,2024-12-23T00:00:00
2247,Nurture Email Campaign 02247,Nurture,Email,Draft,2026-11-09,,10230.33,USD,2026-08-23T00:00:00
2248,Nurture Email Campaign 02248,Nurture,Email,Active,2023-10-03,,5958.45,USD,2023-09-19T00:00:00
2249,Reengagement Social Campaign 02249,Reengagement,Social,Active,2023-09-26,,5554.79,USD,2023-06-27T00:00:00
2250,CustomerEducation Web Campaign 02250,CustomerEducation,Web,Active,2023-07-21,,5848.71,USD,2023-05-28T00:00:00
2251,CustomerEducation Email Campaign 02251,CustomerEducation,Email,Active,2024-10-13,,11469.07,USD,2024-07-22T00:00:00
2252,Reengagement Social Campaign 02252,Reengagement,Social,Completed,2023-07-20,2023-10-17,41432.94,USD,2023-03-23T00:00:00
2253,CustomerEducation Webinar Campaign 02253,CustomerEducation,Webinar,Completed,2025-10-26,2026-02-19,,USD,2025-08-01T00:00:00
2254,Nurture Email Campaign 02254,Nurture,Email,Completed,2025-12-22,2026-03-24,30001.15,USD,2025-09-25T00:00:00
2255,Awareness Email Campaign 02255,Awareness,Email,Draft,2026-12-31,,9950.10,USD,2026-10-19T00:00:00
2256,Awareness Event Campaign 02256,Awareness,Event,Scheduled,2026-12-27,2027-02-18,6230.04,USD,2026-12-06T00:00:00
2257,Awareness Phone Campaign 02257,Awareness,Phone,Active,2024-10-28,,20784.65,USD,2024-09-25T00:00:00
2258,Nurture Web Campaign 02258,Nurture,Web,Cancelled,2023-10-30,2023-12-05,25721.65,USD,2023-07-26T00:00:00
2259,Retention Webinar Campaign 02259,Retention,Webinar,Scheduled,2026-11-12,2027-03-03,6366.03,USD,2026-09-05T00:00:00
2260,Reengagement Webinar Campaign 02260,Reengagement,Webinar,Active,2023-08-29,,7920.32,USD,2023-08-20T00:00:00
2261,CustomerEducation Event Campaign 02261,CustomerEducation,Event,Completed,2026-01-02,2026-01-31,8876.37,USD,2025-10-03T00:00:00
2262,Awareness Social Campaign 02262,Awareness,Social,Active,2024-12-26,,6895.96,USD,2024-09-28T00:00:00
2263,Reengagement Event Campaign 02263,Reengagement,Event,Completed,2023-06-14,2023-09-28,21315.08,USD,2023-04-26T00:00:00
2264,Awareness Web Campaign 02264,Awareness,Web,Scheduled,2027-01-06,2027-04-27,26443.76,USD,2026-11-19T00:00:00
2265,Awareness Phone Campaign 02265,Awareness,Phone,Active,2026-01-03,,8805.58,USD,2025-09-26T00:00:00
2266,Reengagement Event Campaign 02266,Reengagement,Event,Completed,2023-10-02,2023-11-27,15972.82,USD,2023-09-16T00:00:00
2267,Nurture Event Campaign 02267,Nurture,Event,Active,2024-11-23,,6007.60,USD,2024-08-15T00:00:00
2268,Retention Web Campaign 02268,Retention,Web,Completed,2025-12-01,2026-02-16,107039.41,USD,2025-10-27T00:00:00
2269,Retention Phone Campaign 02269,Retention,Phone,Cancelled,2025-11-21,2026-02-01,12373.47,USD,2025-10-12T00:00:00
2270,Retention Phone Campaign 02270,Retention,Phone,Completed,2025-12-07,2026-01-27,5502.52,USD,2025-10-07T00:00:00
2271,Awareness Phone Campaign 02271,Awareness,Phone,Scheduled,2026-11-23,2026-12-23,27286.16,USD,2026-09-27T00:00:00
2272,Nurture Social Campaign 02272,Nurture,Social,Active,2025-12-16,,5051.32,USD,2025-09-30T00:00:00
2273,Reengagement Event Campaign 02273,Reengagement,Event,Completed,2024-12-29,2025-02-04,7947.76,USD,2024-12-12T00:00:00
2274,CustomerEducation Social Campaign 02274,CustomerEducation,Social,Scheduled,2026-09-06,2026-12-02,6760.21,USD,2026-07-18T00:00:00
2275,Nurture Event Campaign 02275,Nurture,Event,Active,2023-12-04,,5218.38,USD,2023-10-04T00:00:00
2276,Retention Email Campaign 02276,Retention,Email,Active,2025-01-19,,8572.66,USD,2025-01-12T00:00:00
2277,Awareness Phone Campaign 02277,Awareness,Phone,Active,2025-12-22,,9662.03,USD,2025-11-27T00:00:00
2278,Retention Social Campaign 02278,Retention,Social,Completed,2024-11-13,2024-11-25,14077.09,USD,2024-09-22T00:00:00
2279,Reengagement Web Campaign 02279,Reengagement,Web,Completed,2023-09-17,2023-11-16,9272.64,USD,2023-06-10T00:00:00
2280,Awareness Email Campaign 02280,Awareness,Email,Active,2026-03-05,,18841.49,USD,2025-11-13T00:00:00
2281,Nurture Email Campaign 02281,Nurture,Email,Completed,2026-02-24,2026-03-04,95861.16,USD,2025-11-08T00:00:00
2282,Awareness Email Campaign 02282,Awareness,Email,Scheduled,2026-12-28,2027-04-22,33296.44,USD,2026-12-18T00:00:00
2283,Nurture Phone Campaign 02283,Nurture,Phone,Active,2023-07-01,,10706.15,USD,2023-04-10T00:00:00
2284,CustomerEducation Phone Campaign 02284,CustomerEducation,Phone,Completed,2026-01-08,2026-05-05,6803.84,USD,2025-09-21T00:00:00
2285,Reengagement Webinar Campaign 02285,Reengagement,Webinar,Scheduled,2026-12-22,2027-01-21,21690.92,USD,2026-10-24T00:00:00
2286,Nurture Event Campaign 02286,Nurture,Event,Completed,2026-02-18,2026-06-08,1685802.06,USD,2026-02-01T00:00:00
2287,Retention Event Campaign 02287,Retention,Event,Scheduled,2026-08-28,2026-11-17,6967.70,USD,2026-06-02T00:00:00
2288,Retention Webinar Campaign 02288,Retention,Webinar,Completed,2024-10-22,2025-01-12,42173.08,USD,2024-09-06T00:00:00
2289,Nurture Phone Campaign 02289,Nurture,Phone,Completed,2023-06-23,2023-08-23,7812.71,USD,2023-04-17T00:00:00
2290,Nurture Social Campaign 02290,Nurture,Social,Active,2025-03-06,,16183.76,USD,2025-01-21T00:00:00
2291,CustomerEducation Phone Campaign 02291,CustomerEducation,Phone,Scheduled,2026-12-24,2027-01-23,54377.16,USD,2026-10-12T00:00:00
2292,Reengagement Webinar Campaign 02292,Reengagement,Webinar,Completed,2023-12-26,2024-04-05,45941.37,USD,2023-10-04T00:00:00
2293,Reengagement Phone Campaign 02293,Reengagement,Phone,Completed,2023-10-21,2024-01-03,10043.78,USD,2023-08-01T00:00:00
2294,Reengagement Email Campaign 02294,Reengagement,Email,Completed,2023-09-12,2023-12-03,,USD,2023-06-20T00:00:00
2295,Nurture Web Campaign 02295,Nurture,Web,Completed,2023-10-03,2023-11-29,6572.25,USD,2023-08-29T00:00:00
2296,Awareness Webinar Campaign 02296,Awareness,Webinar,Scheduled,2027-01-05,2027-02-24,5925.06,USD,2026-09-08T00:00:00
2297,Nurture Event Campaign 02297,Nurture,Event,Active,2024-09-17,,120706.40,USD,2024-08-20T00:00:00
2298,Nurture Email Campaign 02298,Nurture,Email,Draft,2026-12-30,,13879.65,USD,2026-11-13T00:00:00
2299,Retention Email Campaign 02299,Retention,Email,Active,2023-08-09,,,USD,2023-04-14T00:00:00
2300,CustomerEducation Email Campaign 02300,CustomerEducation,Email,Completed,2024-11-12,2025-02-10,859818.75,USD,2024-09-12T00:00:00
2301,Reengagement Social Campaign 02301,Reengagement,Social,Active,2023-09-04,,12691.74,USD,2023-08-14T00:00:00
2302,Awareness Event Campaign 02302,Awareness,Event,Cancelled,2023-09-05,2023-12-23,9456.02,USD,2023-06-01T00:00:00
2303,Awareness Phone Campaign 02303,Awareness,Phone,Active,2024-10-23,,7902.42,USD,2024-09-14T00:00:00
2304,Reengagement Webinar Campaign 02304,Reengagement,Webinar,Completed,2023-08-02,2023-11-18,7765.14,USD,2023-04-12T00:00:00
2305,CustomerEducation Phone Campaign 02305,CustomerEducation,Phone,Cancelled,2023-12-20,2024-01-15,,USD,2023-09-22T00:00:00
2306,Reengagement Social Campaign 02306,Reengagement,Social,Draft,2026-11-09,,,USD,2026-09-16T00:00:00
2307,CustomerEducation Webinar Campaign 02307,CustomerEducation,Webinar,Active,2025-12-24,,,USD,2025-11-27T00:00:00
2308,Nurture Event Campaign 02308,Nurture,Event,Completed,2023-11-05,2024-02-05,14471.57,USD,2023-10-18T00:00:00
2309,Retention Phone Campaign 02309,Retention,Phone,Completed,2023-09-30,2023-10-25,5784.60,USD,2023-09-25T00:00:00
2310,Awareness Webinar Campaign 02310,Awareness,Webinar,Completed,2023-10-08,2023-11-01,51103.68,USD,2023-08-29T00:00:00
2311,CustomerEducation Webinar Campaign 02311,CustomerEducation,Webinar,Completed,2023-10-24,2024-02-17,45422.88,USD,2023-07-23T00:00:00
2312,Reengagement Email Campaign 02312,Reengagement,Email,Completed,2023-11-27,2024-01-24,12853.56,USD,2023-08-16T00:00:00
2313,Awareness Event Campaign 02313,Awareness,Event,Cancelled,2023-10-04,2023-12-17,50815.82,USD,2023-09-15T00:00:00
2314,Reengagement Web Campaign 02314,Reengagement,Web,Draft,2027-01-04,,5173.89,USD,2026-10-18T00:00:00
2315,Retention Social Campaign 02315,Retention,Social,Active,2026-01-23,,26171.94,USD,2025-11-07T00:00:00
2316,Nurture Email Campaign 02316,Nurture,Email,Active,2023-11-28,,41105.58,USD,2023-10-10T00:00:00
2317,Awareness Social Campaign 02317,Awareness,Social,Draft,2027-01-08,,6106.76,USD,2026-10-28T00:00:00
2318,Nurture Event Campaign 02318,Nurture,Event,Completed,2023-08-08,2023-09-11,,USD,2023-05-02T00:00:00
2319,Retention Web Campaign 02319,Retention,Web,Completed,2025-01-20,2025-03-17,6000.25,USD,2024-12-25T00:00:00
2320,Retention Webinar Campaign 02320,Retention,Webinar,Cancelled,2023-09-05,2023-10-02,6293.31,USD,2023-08-04T00:00:00
2321,Reengagement Social Campaign 02321,Reengagement,Social,Draft,2027-01-05,,20074.44,USD,2026-09-30T00:00:00
2322,Retention Webinar Campaign 02322,Retention,Webinar,Completed,2025-12-23,2026-01-31,15938.94,USD,2025-08-26T00:00:00
2323,CustomerEducation Phone Campaign 02323,CustomerEducation,Phone,Completed,2026-01-08,2026-03-31,6055.95,USD,2025-11-04T00:00:00
2324,Awareness Social Campaign 02324,Awareness,Social,Completed,2023-10-18,2023-12-29,,USD,2023-09-07T00:00:00
2325,Reengagement Email Campaign 02325,Reengagement,Email,Active,2025-03-27,,18221.54,USD,2025-02-03T00:00:00
2326,CustomerEducation Email Campaign 02326,CustomerEducation,Email,Completed,2024-12-31,2025-02-17,5839.00,USD,2024-10-06T00:00:00
2327,Nurture Phone Campaign 02327,Nurture,Phone,Draft,2026-11-02,,28713.34,USD,2026-07-24T00:00:00
2328,Awareness Event Campaign 02328,Awareness,Event,Active,2025-01-08,,10840.64,USD,2024-11-20T00:00:00
2329,CustomerEducation Event Campaign 02329,CustomerEducation,Event,Cancelled,2024-10-10,2025-01-10,7455.75,USD,2024-10-08T00:00:00
2330,Awareness Web Campaign 02330,Awareness,Web,Active,2023-10-27,,6466.48,USD,2023-09-26T00:00:00
2331,Retention Web Campaign 02331,Retention,Web,Completed,2024-12-30,2025-03-01,5013.38,USD,2024-10-23T00:00:00
2332,Reengagement Email Campaign 02332,Reengagement,Email,Active,2025-02-04,,16756.74,USD,2025-02-02T00:00:00
2333,CustomerEducation Web Campaign 02333,CustomerEducation,Web,Completed,2024-11-27,2025-02-03,18388.73,USD,2024-09-01T00:00:00
2334,Retention Social Campaign 02334,Retention,Social,Scheduled,2026-09-02,2026-10-02,5263.81,USD,2026-06-19T00:00:00
2335,CustomerEducation Email Campaign 02335,CustomerEducation,Email,Cancelled,2025-11-27,2026-03-04,12047.47,USD,2025-10-28T00:00:00
2336,CustomerEducation Social Campaign 02336,CustomerEducation,Social,Completed,2024-10-22,2025-01-13,16923.78,USD,2024-10-15T00:00:00
2337,Reengagement Phone Campaign 02337,Reengagement,Phone,Completed,2023-07-21,2023-09-24,5535.97,USD,2023-05-26T00:00:00
2338,Nurture Email Campaign 02338,Nurture,Email,Cancelled,2026-01-13,2026-01-25,24252.21,USD,2025-10-04T00:00:00
2339,CustomerEducation Phone Campaign 02339,CustomerEducation,Phone,Active,2023-10-24,,6875.21,USD,2023-10-22T00:00:00
2340,Retention Webinar Campaign 02340,Retention,Webinar,Cancelled,2026-03-11,2026-06-09,9840.33,USD,2025-12-11T00:00:00
2341,Awareness Social Campaign 02341,Awareness,Social,Active,2024-12-16,,5257.07,USD,2024-12-15T00:00:00
2342,Awareness Web Campaign 02342,Awareness,Web,Draft,2026-11-12,,127011.98,USD,2026-11-11T00:00:00
2343,Awareness Event Campaign 02343,Awareness,Event,Cancelled,2023-10-02,2023-10-22,6314.53,USD,2023-07-14T00:00:00
2344,Awareness Phone Campaign 02344,Awareness,Phone,Active,2024-12-06,,8202.36,USD,2024-10-01T00:00:00
2345,Reengagement Web Campaign 02345,Reengagement,Web,Active,2023-10-01,,6155.84,USD,2023-08-14T00:00:00
2346,Awareness Email Campaign 02346,Awareness,Email,Completed,2026-03-21,2026-07-06,10156.40,USD,2026-01-27T00:00:00
2347,Nurture Email Campaign 02347,Nurture,Email,Completed,2026-02-10,2026-03-24,9204.38,USD,2026-01-22T00:00:00
2348,Awareness Email Campaign 02348,Awareness,Email,Active,2023-10-15,,6022.64,USD,2023-08-16T00:00:00
2349,Awareness Email Campaign 02349,Awareness,Email,Active,2026-05-15,,74750.97,USD,2026-01-16T00:00:00
2350,Reengagement Event Campaign 02350,Reengagement,Event,Active,2026-01-30,,5021.38,USD,2025-11-21T00:00:00
2351,Reengagement Phone Campaign 02351,Reengagement,Phone,Draft,2026-09-08,,5604.37,USD,2026-07-26T00:00:00
2352,CustomerEducation Web Campaign 02352,CustomerEducation,Web,Cancelled,2025-01-12,2025-02-27,6101.81,USD,2024-10-27T00:00:00
2353,Retention Email Campaign 02353,Retention,Email,Scheduled,2026-11-10,2026-12-10,,USD,2026-08-27T00:00:00
2354,Awareness Web Campaign 02354,Awareness,Web,Active,2023-08-19,,6451.02,USD,2023-07-08T00:00:00
2355,Awareness Social Campaign 02355,Awareness,Social,Completed,2024-10-19,2024-11-06,19710.68,USD,2024-10-13T00:00:00
2356,Retention Web Campaign 02356,Retention,Web,Completed,2023-09-17,2023-10-31,5918.98,USD,2023-06-12T00:00:00
2357,Reengagement Webinar Campaign 02357,Reengagement,Webinar,Completed,2024-11-24,2024-12-02,78910.69,USD,2024-08-01T00:00:00
2358,Nurture Email Campaign 02358,Nurture,Email,Completed,2025-12-04,2026-02-12,5478.51,USD,2025-11-04T00:00:00
2359,Nurture Email Campaign 02359,Nurture,Email,Active,2025-12-22,,36230.52,USD,2025-10-22T00:00:00
2360,Retention Email Campaign 02360,Retention,Email,Completed,2025-02-13,2025-03-31,11814.71,USD,2024-11-06T00:00:00
2361,Retention Social Campaign 02361,Retention,Social,Completed,2026-01-08,2026-04-23,23747.57,USD,2025-10-27T00:00:00
2362,Retention Web Campaign 02362,Retention,Web,Draft,2026-12-23,,,USD,2026-12-14T00:00:00
2363,Awareness Webinar Campaign 02363,Awareness,Webinar,Draft,2026-09-15,,10542.48,USD,2026-06-29T00:00:00
2364,Reengagement Phone Campaign 02364,Reengagement,Phone,Active,2023-10-12,,,USD,2023-08-28T00:00:00
2365,CustomerEducation Social Campaign 02365,CustomerEducation,Social,Completed,2023-07-07,2023-07-28,6319.14,USD,2023-04-18T00:00:00
2366,Reengagement Web Campaign 02366,Reengagement,Web,Cancelled,2025-12-25,2026-02-11,10998.39,USD,2025-12-22T00:00:00
2367,Nurture Phone Campaign 02367,Nurture,Phone,Completed,2026-02-02,2026-04-13,6101.55,USD,2025-10-27T00:00:00
2368,Nurture Webinar Campaign 02368,Nurture,Webinar,Completed,2024-12-03,2024-12-16,14929.83,USD,2024-08-27T00:00:00
2369,Reengagement Web Campaign 02369,Reengagement,Web,Active,2023-10-20,,39732.47,USD,2023-10-01T00:00:00
2370,Reengagement Webinar Campaign 02370,Reengagement,Webinar,Completed,2024-11-24,2025-02-22,20008.23,USD,2024-09-27T00:00:00
2371,CustomerEducation Email Campaign 02371,CustomerEducation,Email,Completed,2026-02-25,2026-03-19,5497.12,USD,2026-02-17T00:00:00
2372,Retention Event Campaign 02372,Retention,Event,Scheduled,2026-11-12,2027-02-14,17840.10,USD,2026-11-09T00:00:00
2373,Nurture Email Campaign 02373,Nurture,Email,Active,2023-10-20,,38712.94,USD,2023-08-11T00:00:00
2374,Retention Event Campaign 02374,Retention,Event,Completed,2024-11-12,2025-02-17,7134.08,USD,2024-10-26T00:00:00
2375,CustomerEducation Social Campaign 02375,CustomerEducation,Social,Draft,2026-12-31,,22694.42,USD,2026-11-11T00:00:00
2376,CustomerEducation Event Campaign 02376,CustomerEducation,Event,Cancelled,2026-01-25,2026-03-27,6573.38,USD,2026-01-02T00:00:00
2377,Retention Social Campaign 02377,Retention,Social,Cancelled,2025-02-15,2025-06-07,18835.39,USD,2024-11-24T00:00:00
2378,Retention Email Campaign 02378,Retention,Email,Scheduled,2026-09-09,2026-10-17,44942.83,USD,2026-08-10T00:00:00
2379,Reengagement Phone Campaign 02379,Reengagement,Phone,Completed,2025-01-10,2025-03-30,8339.81,USD,2024-09-21T00:00:00
2380,Nurture Social Campaign 02380,Nurture,Social,Completed,2023-12-12,2024-03-06,5314.33,USD,2023-11-21T00:00:00
2381,Awareness Social Campaign 02381,Awareness,Social,Draft,2026-09-06,,6893.28,USD,2026-08-26T00:00:00
2382,Retention Event Campaign 02382,Retention,Event,Completed,2023-08-02,2023-10-07,8919.75,USD,2023-04-19T00:00:00
2383,Nurture Phone Campaign 02383,Nurture,Phone,Completed,2023-08-31,2023-11-15,6338.05,USD,2023-05-12T00:00:00
2384,Nurture Email Campaign 02384,Nurture,Email,Active,2024-12-26,,21736.21,USD,2024-10-06T00:00:00
2385,Awareness Email Campaign 02385,Awareness,Email,Draft,2026-09-05,,14141.68,USD,2026-08-13T00:00:00
2386,CustomerEducation Web Campaign 02386,CustomerEducation,Web,Active,2026-01-13,,5367.65,USD,2025-12-11T00:00:00
2387,Reengagement Webinar Campaign 02387,Reengagement,Webinar,Completed,2025-11-26,2026-02-19,5714.12,USD,2025-08-11T00:00:00
2388,Nurture Event Campaign 02388,Nurture,Event,Draft,2026-09-11,,8764.86,USD,2026-08-07T00:00:00
2389,Nurture Social Campaign 02389,Nurture,Social,Completed,2026-03-01,2026-03-22,,USD,2025-11-28T00:00:00
2390,Awareness Event Campaign 02390,Awareness,Event,Completed,2026-02-19,2026-03-14,25039.48,USD,2025-11-23T00:00:00
2391,CustomerEducation Phone Campaign 02391,CustomerEducation,Phone,Completed,2025-02-02,2025-05-20,15306.57,USD,2024-10-06T00:00:00
2392,Nurture Webinar Campaign 02392,Nurture,Webinar,Completed,2024-11-14,2024-12-15,,USD,2024-10-03T00:00:00
2393,Nurture Web Campaign 02393,Nurture,Web,Scheduled,2026-11-23,2027-02-09,,USD,2026-08-27T00:00:00
2394,Nurture Phone Campaign 02394,Nurture,Phone,Scheduled,2026-12-27,2027-02-17,8563.83,USD,2026-09-27T00:00:00
2395,Nurture Web Campaign 02395,Nurture,Web,Completed,2024-09-19,2024-12-02,21112.99,USD,2024-08-09T00:00:00
2396,Reengagement Email Campaign 02396,Reengagement,Email,Cancelled,2023-12-05,2024-03-15,16553.81,USD,2023-09-10T00:00:00
2397,Awareness Phone Campaign 02397,Awareness,Phone,Cancelled,2026-02-11,2026-05-08,5316.63,USD,2026-01-23T00:00:00
2398,Reengagement Event Campaign 02398,Reengagement,Event,Completed,2024-11-08,2024-12-19,8150.66,USD,2024-08-27T00:00:00
2399,Nurture Social Campaign 02399,Nurture,Social,Completed,2023-08-19,2023-12-06,27543.96,USD,2023-07-09T00:00:00
2400,Retention Email Campaign 02400,Retention,Email,Completed,2023-07-07,2023-08-31,53421.70,USD,2023-04-08T00:00:00
2401,Awareness Webinar Campaign 02401,Awareness,Webinar,Draft,2026-09-11,,11834.40,USD,2026-06-25T00:00:00
2402,CustomerEducation Social Campaign 02402,CustomerEducation,Social,Completed,2026-01-20,2026-04-10,16407.81,USD,2025-11-24T00:00:00
2403,Retention Phone Campaign 02403,Retention,Phone,Active,2023-11-30,,8070.71,USD,2023-11-17T00:00:00
2404,Reengagement Event Campaign 02404,Reengagement,Event,Completed,2026-03-04,2026-05-14,5272.54,USD,2026-02-12T00:00:00
2405,CustomerEducation Webinar Campaign 02405,CustomerEducation,Webinar,Completed,2023-08-10,2023-08-30,5130.45,USD,2023-04-16T00:00:00
2406,Reengagement Email Campaign 02406,Reengagement,Email,Completed,2026-02-08,2026-04-15,8027.83,USD,2026-01-25T00:00:00
2407,Awareness Event Campaign 02407,Awareness,Event,Cancelled,2024-12-07,2024-12-16,64652.88,USD,2024-09-27T00:00:00
2408,Reengagement Phone Campaign 02408,Reengagement,Phone,Scheduled,2026-09-05,2026-11-05,6150.09,USD,2026-07-22T00:00:00
2409,Nurture Webinar Campaign 02409,Nurture,Webinar,Active,2025-12-12,,9766.85,USD,2025-10-08T00:00:00
2410,CustomerEducation Event Campaign 02410,CustomerEducation,Event,Active,2024-11-29,,20741.93,USD,2024-09-06T00:00:00
2411,Nurture Event Campaign 02411,Nurture,Event,Cancelled,2023-07-12,2023-08-20,12401.43,USD,2023-04-19T00:00:00
2412,Nurture Phone Campaign 02412,Nurture,Phone,Draft,2026-11-10,,212426.62,USD,2026-10-21T00:00:00
2413,Reengagement Web Campaign 02413,Reengagement,Web,Completed,2023-09-04,2023-11-21,47282.52,USD,2023-06-01T00:00:00
2414,CustomerEducation Social Campaign 02414,CustomerEducation,Social,Draft,2026-11-19,,11865.57,USD,2026-10-26T00:00:00
2415,Reengagement Phone Campaign 02415,Reengagement,Phone,Cancelled,2023-11-05,2024-02-25,,USD,2023-07-28T00:00:00
2416,Nurture Event Campaign 02416,Nurture,Event,Active,2023-08-29,,6503.83,USD,2023-05-20T00:00:00
2417,Awareness Email Campaign 02417,Awareness,Email,Active,2025-01-20,,11007.82,USD,2024-10-06T00:00:00
2418,Reengagement Email Campaign 02418,Reengagement,Email,Active,2026-01-07,,28832.04,USD,2025-10-06T00:00:00
2419,CustomerEducation Event Campaign 02419,CustomerEducation,Event,Completed,2026-01-23,2026-04-04,5004.31,USD,2025-11-27T00:00:00
2420,Awareness Webinar Campaign 02420,Awareness,Webinar,Completed,2023-09-19,2023-12-31,15716.00,USD,2023-06-23T00:00:00
2421,CustomerEducation Web Campaign 02421,CustomerEducation,Web,Active,2023-05-30,,10209.32,USD,2023-03-02T00:00:00
2422,CustomerEducation Webinar Campaign 02422,CustomerEducation,Webinar,Active,2024-12-03,,11892.40,USD,2024-09-07T00:00:00
2423,CustomerEducation Phone Campaign 02423,CustomerEducation,Phone,Completed,2023-12-11,2024-01-15,7890.12,USD,2023-08-29T00:00:00
2424,Nurture Phone Campaign 02424,Nurture,Phone,Completed,2024-12-11,2025-02-25,6631.80,USD,2024-09-09T00:00:00
2425,Retention Webinar Campaign 02425,Retention,Webinar,Completed,2025-01-13,2025-02-23,17889.35,USD,2024-10-31T00:00:00
2426,Reengagement Phone Campaign 02426,Reengagement,Phone,Completed,2025-02-10,2025-04-13,101246.49,USD,2025-02-06T00:00:00
2427,Nurture Web Campaign 02427,Nurture,Web,Active,2024-11-14,,7767.97,USD,2024-07-19T00:00:00
2428,Retention Email Campaign 02428,Retention,Email,Completed,2025-02-05,2025-03-09,11761.13,USD,2025-01-30T00:00:00
2429,Awareness Web Campaign 02429,Awareness,Web,Active,2025-02-26,,8595.44,USD,2025-01-18T00:00:00
2430,Retention Event Campaign 02430,Retention,Event,Scheduled,2027-01-04,2027-02-03,12193.24,USD,2026-10-14T00:00:00
2431,Nurture Event Campaign 02431,Nurture,Event,Completed,2025-12-03,2026-01-10,13944.52,USD,2025-09-22T00:00:00
2432,Retention Event Campaign 02432,Retention,Event,Active,2023-09-03,,,USD,2023-06-11T00:00:00
2433,Awareness Webinar Campaign 02433,Awareness,Webinar,Completed,2025-02-27,2025-05-02,12410.41,USD,2024-12-14T00:00:00
2434,Reengagement Web Campaign 02434,Reengagement,Web,Draft,2027-01-02,,5218.84,USD,2026-11-04T00:00:00
2435,Reengagement Phone Campaign 02435,Reengagement,Phone,Completed,2024-11-16,2024-11-25,13446.15,USD,2024-10-30T00:00:00
2436,Retention Email Campaign 02436,Retention,Email,Scheduled,2027-01-04,2027-03-22,5061.77,USD,2026-10-11T00:00:00
2437,Retention Phone Campaign 02437,Retention,Phone,Completed,2025-02-19,2025-05-18,15352.63,USD,2025-02-12T00:00:00
2438,CustomerEducation Webinar Campaign 02438,CustomerEducation,Webinar,Completed,2026-01-23,2026-04-17,6029.83,USD,2025-12-26T00:00:00
2439,Nurture Webinar Campaign 02439,Nurture,Webinar,Completed,2025-12-08,2025-12-31,13612.20,USD,2025-10-24T00:00:00
2440,Reengagement Web Campaign 02440,Reengagement,Web,Completed,2024-09-07,2024-10-03,12973.68,USD,2024-06-25T00:00:00
2441,CustomerEducation Web Campaign 02441,CustomerEducation,Web,Cancelled,2025-01-20,2025-02-08,22849.24,USD,2024-10-11T00:00:00
2442,Reengagement Web Campaign 02442,Reengagement,Web,Scheduled,2026-12-31,2027-03-06,7463.00,USD,2026-12-05T00:00:00
2443,Retention Web Campaign 02443,Retention,Web,Completed,2023-09-10,2023-12-14,5242.97,USD,2023-05-21T00:00:00
2444,Awareness Email Campaign 02444,Awareness,Email,Completed,2023-09-30,2023-12-14,7382.58,USD,2023-07-21T00:00:00
2445,Reengagement Social Campaign 02445,Reengagement,Social,Cancelled,2023-09-26,2023-11-14,7793.09,USD,2023-07-07T00:00:00
2446,CustomerEducation Web Campaign 02446,CustomerEducation,Web,Cancelled,2025-01-24,2025-04-18,5088.55,USD,2024-12-04T00:00:00
2447,Awareness Social Campaign 02447,Awareness,Social,Cancelled,2025-01-22,2025-04-20,5478.05,USD,2025-01-07T00:00:00
2448,Nurture Social Campaign 02448,Nurture,Social,Cancelled,2025-01-22,2025-03-27,9541.79,USD,2024-10-28T00:00:00
2449,Awareness Phone Campaign 02449,Awareness,Phone,Completed,2023-07-15,2023-09-21,10014.23,USD,2023-04-08T00:00:00
2450,Retention Phone Campaign 02450,Retention,Phone,Completed,2024-11-30,2024-12-14,11781.53,USD,2024-10-16T00:00:00
2451,Awareness Webinar Campaign 02451,Awareness,Webinar,Cancelled,2023-09-10,2023-12-09,8504.74,USD,2023-05-26T00:00:00
2452,Awareness Event Campaign 02452,Awareness,Event,Active,2024-10-18,,9998.95,USD,2024-10-14T00:00:00
2453,CustomerEducation Social Campaign 02453,CustomerEducation,Social,Active,2023-08-09,,5805.11,USD,2023-06-08T00:00:00
2454,Retention Email Campaign 02454,Retention,Email,Scheduled,2026-09-05,2026-11-13,9685.49,USD,2026-08-14T00:00:00
2455,Nurture Email Campaign 02455,Nurture,Email,Completed,2023-10-17,2024-01-15,20866.85,USD,2023-07-01T00:00:00
2456,CustomerEducation Social Campaign 02456,CustomerEducation,Social,Draft,2026-08-30,,6439.27,USD,2026-08-14T00:00:00
2457,Awareness Email Campaign 02457,Awareness,Email,Draft,2026-08-31,,5563.41,USD,2026-05-10T00:00:00
2458,Retention Phone Campaign 02458,Retention,Phone,Active,2024-11-06,,8740.19,USD,2024-07-20T00:00:00
2459,Retention Email Campaign 02459,Retention,Email,Draft,2026-12-29,,49617.99,USD,2026-09-01T00:00:00
2460,Awareness Webinar Campaign 02460,Awareness,Webinar,Completed,2023-09-14,2024-01-03,108493.91,USD,2023-06-10T00:00:00
2461,Awareness Email Campaign 02461,Awareness,Email,Active,2026-01-21,,5014.64,USD,2025-11-10T00:00:00
2462,CustomerEducation Email Campaign 02462,CustomerEducation,Email,Completed,2025-10-10,2025-12-28,12773.86,USD,2025-07-01T00:00:00
2463,Awareness Event Campaign 02463,Awareness,Event,Draft,2026-11-07,,60413.47,USD,2026-09-14T00:00:00
2464,CustomerEducation Web Campaign 02464,CustomerEducation,Web,Completed,2024-10-16,2024-10-27,89788.53,USD,2024-08-15T00:00:00
2465,Nurture Social Campaign 02465,Nurture,Social,Completed,2024-12-06,2025-02-02,,USD,2024-12-04T00:00:00
2466,CustomerEducation Phone Campaign 02466,CustomerEducation,Phone,Completed,2026-02-03,2026-05-14,8887.37,USD,2025-10-26T00:00:00
2467,Reengagement Web Campaign 02467,Reengagement,Web,Completed,2024-12-13,2025-01-19,14157.74,USD,2024-08-15T00:00:00
2468,Retention Email Campaign 02468,Retention,Email,Active,2023-12-10,,8267.15,USD,2023-11-11T00:00:00
2469,CustomerEducation Social Campaign 02469,CustomerEducation,Social,Active,2024-12-02,,15668.51,USD,2024-09-14T00:00:00
2470,CustomerEducation Social Campaign 02470,CustomerEducation,Social,Active,2026-03-09,,13735.41,USD,2025-12-19T00:00:00
2471,Reengagement Event Campaign 02471,Reengagement,Event,Completed,2025-01-04,2025-01-28,5590.79,USD,2024-11-19T00:00:00
2472,Retention Social Campaign 02472,Retention,Social,Cancelled,2025-01-12,2025-01-29,14826.00,USD,2024-11-06T00:00:00
2473,Nurture Phone Campaign 02473,Nurture,Phone,Cancelled,2025-12-14,2026-01-18,12189.00,USD,2025-08-20T00:00:00
2474,Retention Webinar Campaign 02474,Retention,Webinar,Completed,2023-10-30,2024-01-22,,USD,2023-10-11T00:00:00
2475,Awareness Social Campaign 02475,Awareness,Social,Active,2023-08-10,,295643.59,USD,2023-04-14T00:00:00
2476,CustomerEducation Phone Campaign 02476,CustomerEducation,Phone,Completed,2025-03-17,2025-05-02,12469.12,USD,2025-01-06T00:00:00
2477,Nurture Email Campaign 02477,Nurture,Email,Completed,2026-01-08,2026-04-24,6385.13,USD,2025-12-04T00:00:00
2478,Nurture Email Campaign 02478,Nurture,Email,Completed,2024-12-26,2025-04-02,6239.38,USD,2024-10-19T00:00:00
2479,Awareness Webinar Campaign 02479,Awareness,Webinar,Cancelled,2023-08-29,2023-12-07,,USD,2023-05-14T00:00:00
2480,CustomerEducation Social Campaign 02480,CustomerEducation,Social,Active,2023-11-29,,10466.95,USD,2023-08-04T00:00:00
2481,CustomerEducation Social Campaign 02481,CustomerEducation,Social,Completed,2023-10-10,2023-11-10,21458.82,USD,2023-09-28T00:00:00
2482,Reengagement Email Campaign 02482,Reengagement,Email,Completed,2023-07-29,2023-11-17,11268.39,USD,2023-04-01T00:00:00
2483,Retention Phone Campaign 02483,Retention,Phone,Active,2026-04-13,,15153.61,USD,2026-01-07T00:00:00
2484,CustomerEducation Event Campaign 02484,CustomerEducation,Event,Cancelled,2024-11-18,2025-01-07,10519.96,USD,2024-10-28T00:00:00
2485,Reengagement Web Campaign 02485,Reengagement,Web,Draft,2026-09-11,,7001.87,USD,2026-08-08T00:00:00
2486,Awareness Web Campaign 02486,Awareness,Web,Scheduled,2027-01-07,2027-04-22,86251.79,USD,2026-11-06T00:00:00
2487,Reengagement Phone Campaign 02487,Reengagement,Phone,Active,2025-12-11,,6254.32,USD,2025-10-25T00:00:00
2488,CustomerEducation Web Campaign 02488,CustomerEducation,Web,Scheduled,2026-10-28,2026-11-27,,USD,2026-07-01T00:00:00
2489,Retention Email Campaign 02489,Retention,Email,Completed,2023-09-21,2023-10-17,6827.61,USD,2023-07-26T00:00:00
2490,Nurture Phone Campaign 02490,Nurture,Phone,Completed,2023-08-26,2023-09-21,9583.26,USD,2023-08-19T00:00:00
2491,Retention Social Campaign 02491,Retention,Social,Active,2025-12-07,,10684.22,USD,2025-10-06T00:00:00
2492,CustomerEducation Event Campaign 02492,CustomerEducation,Event,Active,2025-01-24,,24818.01,USD,2024-10-30T00:00:00
2493,Awareness Web Campaign 02493,Awareness,Web,Completed,2025-11-05,2025-12-04,6109.61,USD,2025-08-01T00:00:00
2494,Reengagement Webinar Campaign 02494,Reengagement,Webinar,Active,2023-09-26,,6245.24,USD,2023-06-11T00:00:00
2495,Awareness Event Campaign 02495,Awareness,Event,Completed,2024-10-30,2024-12-03,18171.45,USD,2024-08-23T00:00:00
2496,Awareness Web Campaign 02496,Awareness,Web,Active,2026-01-30,,505849.49,USD,2026-01-09T00:00:00
2497,CustomerEducation Social Campaign 02497,CustomerEducation,Social,Draft,2026-09-02,,5054.34,USD,2026-05-09T00:00:00
2498,CustomerEducation Webinar Campaign 02498,CustomerEducation,Webinar,Completed,2025-12-15,2026-03-19,6174.53,USD,2025-11-15T00:00:00
2499,Retention Webinar Campaign 02499,Retention,Webinar,Draft,2026-09-10,,,USD,2026-05-27T00:00:00
2500,Retention Webinar Campaign 02500,Retention,Webinar,Cancelled,2026-02-21,2026-04-15,9586.88,USD,2025-11-30T00:00:00
2501,CustomerEducation Event Campaign 02501,CustomerEducation,Event,Cancelled,2024-09-10,2024-11-07,14278.60,USD,2024-09-06T00:00:00
2502,Nurture Phone Campaign 02502,Nurture,Phone,Completed,2026-02-19,2026-03-05,9847.20,USD,2025-12-02T00:00:00
2503,Awareness Phone Campaign 02503,Awareness,Phone,Completed,2026-01-19,2026-03-29,7944.91,USD,2025-10-11T00:00:00
2504,Awareness Social Campaign 02504,Awareness,Social,Completed,2026-01-15,2026-03-17,6929.47,USD,2025-09-17T00:00:00
2505,Awareness Webinar Campaign 02505,Awareness,Webinar,Active,2023-09-29,,13616.58,USD,2023-06-01T00:00:00
2506,CustomerEducation Phone Campaign 02506,CustomerEducation,Phone,Completed,2026-01-19,2026-04-30,11543.80,USD,2025-11-20T00:00:00
2507,Nurture Web Campaign 02507,Nurture,Web,Completed,2026-03-21,2026-05-02,5909.27,USD,2025-12-25T00:00:00
2508,Nurture Email Campaign 02508,Nurture,Email,Draft,2026-12-27,,13075.25,USD,2026-10-21T00:00:00
2509,Awareness Event Campaign 02509,Awareness,Event,Scheduled,2026-11-12,2027-01-19,15120.67,USD,2026-09-09T00:00:00
2510,CustomerEducation Webinar Campaign 02510,CustomerEducation,Webinar,Active,2023-08-24,,406669.39,USD,2023-08-03T00:00:00
2511,Awareness Event Campaign 02511,Awareness,Event,Scheduled,2026-11-06,2026-12-06,5155.03,USD,2026-09-19T00:00:00
2512,Awareness Webinar Campaign 02512,Awareness,Webinar,Active,2023-10-24,,8702.89,USD,2023-10-14T00:00:00
2513,Nurture Web Campaign 02513,Nurture,Web,Active,2023-10-15,,5615.76,USD,2023-07-13T00:00:00
2514,CustomerEducation Webinar Campaign 02514,CustomerEducation,Webinar,Completed,2025-01-30,2025-05-06,5987.98,USD,2024-11-06T00:00:00
2515,Reengagement Event Campaign 02515,Reengagement,Event,Completed,2025-03-18,2025-06-13,5996.02,USD,2024-11-20T00:00:00
2516,CustomerEducation Web Campaign 02516,CustomerEducation,Web,Active,2025-11-10,,13340.35,USD,2025-10-28T00:00:00
2517,CustomerEducation Social Campaign 02517,CustomerEducation,Social,Completed,2023-10-07,2023-12-31,6346.79,USD,2023-07-07T00:00:00
2518,Retention Web Campaign 02518,Retention,Web,Scheduled,2026-11-20,2027-02-02,5604.14,USD,2026-09-18T00:00:00
2519,CustomerEducation Event Campaign 02519,CustomerEducation,Event,Scheduled,2026-08-27,2026-09-26,19886.84,USD,2026-07-09T00:00:00
2520,Awareness Event Campaign 02520,Awareness,Event,Draft,2026-09-09,,11465.81,USD,2026-05-18T00:00:00
2521,Retention Email Campaign 02521,Retention,Email,Active,2025-01-09,,28966.11,USD,2024-12-23T00:00:00
2522,Awareness Social Campaign 02522,Awareness,Social,Completed,2024-11-01,2025-01-27,5809.64,USD,2024-10-30T00:00:00
2523,Reengagement Event Campaign 02523,Reengagement,Event,Completed,2023-08-09,2023-11-20,5913.35,USD,2023-04-20T00:00:00
2524,Awareness Email Campaign 02524,Awareness,Email,Active,2023-09-19,,15079.43,USD,2023-05-30T00:00:00
2525,Nurture Email Campaign 02525,Nurture,Email,Draft,2026-09-10,,66127.13,USD,2026-08-22T00:00:00
2526,Reengagement Email Campaign 02526,Reengagement,Email,Active,2024-12-10,,5625.67,USD,2024-10-13T00:00:00
2527,Awareness Email Campaign 02527,Awareness,Email,Active,2023-11-23,,6326.29,USD,2023-08-26T00:00:00
2528,Retention Event Campaign 02528,Retention,Event,Completed,2026-01-03,2026-03-23,,USD,2025-10-04T00:00:00
2529,Awareness Event Campaign 02529,Awareness,Event,Draft,2027-01-10,,5080.78,USD,2026-11-09T00:00:00
2530,Awareness Event Campaign 02530,Awareness,Event,Draft,2026-09-06,,41213.18,USD,2026-05-09T00:00:00
2531,Awareness Webinar Campaign 02531,Awareness,Webinar,Completed,2024-12-08,2025-03-20,5317.48,USD,2024-10-14T00:00:00
2532,Reengagement Webinar Campaign 02532,Reengagement,Webinar,Draft,2026-10-30,,,USD,2026-09-28T00:00:00
2533,Awareness Web Campaign 02533,Awareness,Web,Scheduled,2027-01-04,2027-04-22,32356.75,USD,2027-01-02T00:00:00
2534,Awareness Web Campaign 02534,Awareness,Web,Active,2026-04-03,,21095.90,USD,2026-03-23T00:00:00
2535,Retention Email Campaign 02535,Retention,Email,Draft,2026-11-10,,5583.12,USD,2026-10-21T00:00:00
2536,Retention Email Campaign 02536,Retention,Email,Active,2023-07-17,,,USD,2023-06-27T00:00:00
2537,Awareness Phone Campaign 02537,Awareness,Phone,Active,2024-12-13,,62819.18,USD,2024-11-06T00:00:00
2538,CustomerEducation Phone Campaign 02538,CustomerEducation,Phone,Cancelled,2024-12-22,2025-01-18,16415.04,USD,2024-12-13T00:00:00
2539,Awareness Social Campaign 02539,Awareness,Social,Cancelled,2023-08-29,2023-12-17,18947.38,USD,2023-05-24T00:00:00
2540,Retention Event Campaign 02540,Retention,Event,Completed,2023-10-01,2023-12-02,14220.32,USD,2023-06-19T00:00:00
2541,CustomerEducation Email Campaign 02541,CustomerEducation,Email,Completed,2025-12-30,2026-02-25,6779.75,USD,2025-12-09T00:00:00
2542,Nurture Web Campaign 02542,Nurture,Web,Completed,2024-12-18,2025-03-18,45713.01,USD,2024-09-02T00:00:00
2543,Awareness Web Campaign 02543,Awareness,Web,Draft,2026-11-09,,5468.75,USD,2026-07-30T00:00:00
2544,Awareness Web Campaign 02544,Awareness,Web,Draft,2026-11-09,,25505.77,USD,2026-10-24T00:00:00
2545,Reengagement Phone Campaign 02545,Reengagement,Phone,Cancelled,2025-12-04,2025-12-31,8574.48,USD,2025-08-15T00:00:00
2546,Awareness Phone Campaign 02546,Awareness,Phone,Completed,2025-02-09,2025-03-01,6304.48,USD,2024-11-20T00:00:00
2547,CustomerEducation Web Campaign 02547,CustomerEducation,Web,Completed,2026-05-07,2026-07-12,7011.84,USD,2026-01-19T00:00:00
2548,Retention Email Campaign 02548,Retention,Email,Completed,2025-12-13,2025-12-22,14344.95,USD,2025-09-16T00:00:00
2549,Retention Web Campaign 02549,Retention,Web,Active,2023-09-07,,33423.03,USD,2023-08-30T00:00:00
2550,Retention Social Campaign 02550,Retention,Social,Scheduled,2026-11-06,2027-01-09,14177.81,USD,2026-08-29T00:00:00
2551,Reengagement Webinar Campaign 02551,Reengagement,Webinar,Completed,2024-11-26,2025-03-16,22071.67,USD,2024-10-06T00:00:00
2552,CustomerEducation Web Campaign 02552,CustomerEducation,Web,Completed,2023-06-13,2023-09-25,6110.29,USD,2023-04-21T00:00:00
2553,Awareness Webinar Campaign 02553,Awareness,Webinar,Active,2026-02-24,,7180.71,USD,2026-01-24T00:00:00
2554,CustomerEducation Email Campaign 02554,CustomerEducation,Email,Active,2026-01-17,,5359.13,USD,2025-12-19T00:00:00
2555,CustomerEducation Web Campaign 02555,CustomerEducation,Web,Draft,2026-11-03,,6546.95,USD,2026-10-18T00:00:00
2556,Nurture Email Campaign 02556,Nurture,Email,Completed,2024-12-26,2025-04-04,103529.32,USD,2024-11-14T00:00:00
2557,Reengagement Social Campaign 02557,Reengagement,Social,Completed,2023-08-01,2023-09-05,5205.42,USD,2023-05-03T00:00:00
2558,Awareness Web Campaign 02558,Awareness,Web,Active,2023-09-18,,9184.00,USD,2023-06-21T00:00:00
2559,CustomerEducation Social Campaign 02559,CustomerEducation,Social,Completed,2024-12-20,2025-02-12,9215.62,USD,2024-10-29T00:00:00
2560,Retention Event Campaign 02560,Retention,Event,Active,2025-02-01,,33337.79,USD,2024-12-22T00:00:00
2561,Awareness Email Campaign 02561,Awareness,Email,Active,2024-12-19,,16684.23,USD,2024-10-12T00:00:00
2562,CustomerEducation Email Campaign 02562,CustomerEducation,Email,Cancelled,2025-01-21,2025-04-08,9523.02,USD,2024-10-28T00:00:00
2563,Retention Social Campaign 02563,Retention,Social,Cancelled,2023-10-29,2023-11-30,5806.11,USD,2023-08-05T00:00:00
2564,Reengagement Social Campaign 02564,Reengagement,Social,Active,2024-12-03,,5041.35,USD,2024-08-08T00:00:00
2565,Nurture Web Campaign 02565,Nurture,Web,Completed,2026-02-27,2026-06-20,12752.92,USD,2025-12-28T00:00:00
2566,Nurture Email Campaign 02566,Nurture,Email,Completed,2023-12-30,2024-01-22,15522.90,USD,2023-11-25T00:00:00
2567,Retention Event Campaign 02567,Retention,Event,Draft,2026-09-01,,5046.56,USD,2026-05-14T00:00:00
2568,Nurture Event Campaign 02568,Nurture,Event,Completed,2023-08-15,2023-10-03,5073.05,USD,2023-07-02T00:00:00
2569,Nurture Event Campaign 02569,Nurture,Event,Active,2024-11-18,,,USD,2024-09-03T00:00:00
2570,Nurture Web Campaign 02570,Nurture,Web,Active,2025-02-28,,14253.97,USD,2024-12-31T00:00:00
2571,Nurture Email Campaign 02571,Nurture,Email,Completed,2025-02-17,2025-06-09,24232.64,USD,2024-11-12T00:00:00
2572,Awareness Email Campaign 02572,Awareness,Email,Completed,2025-12-04,2026-02-17,6199.80,USD,2025-09-26T00:00:00
2573,Nurture Email Campaign 02573,Nurture,Email,Scheduled,2026-11-07,2027-02-15,5445.70,USD,2026-08-16T00:00:00
2574,Nurture Event Campaign 02574,Nurture,Event,Active,2025-01-18,,,USD,2024-12-15T00:00:00
2575,Retention Webinar Campaign 02575,Retention,Webinar,Cancelled,2026-02-10,2026-03-04,,USD,2025-11-13T00:00:00
2576,Reengagement Social Campaign 02576,Reengagement,Social,Scheduled,2026-09-08,2026-10-25,14271.72,USD,2026-07-10T00:00:00
2577,CustomerEducation Web Campaign 02577,CustomerEducation,Web,Completed,2026-02-13,2026-03-31,13512.06,USD,2025-10-16T00:00:00
2578,CustomerEducation Webinar Campaign 02578,CustomerEducation,Webinar,Completed,2025-12-23,2026-04-08,7191.80,USD,2025-09-26T00:00:00
2579,Awareness Web Campaign 02579,Awareness,Web,Completed,2026-01-17,2026-04-28,30483.33,USD,2025-10-09T00:00:00
2580,CustomerEducation Webinar Campaign 02580,CustomerEducation,Webinar,Completed,2025-01-13,2025-04-07,24091.36,USD,2024-12-01T00:00:00
2581,Nurture Webinar Campaign 02581,Nurture,Webinar,Completed,2025-02-03,2025-03-28,12124.26,USD,2024-12-17T00:00:00
2582,Reengagement Phone Campaign 02582,Reengagement,Phone,Draft,2027-01-06,,6474.29,USD,2026-09-24T00:00:00
2583,Reengagement Email Campaign 02583,Reengagement,Email,Completed,2023-10-20,2023-11-28,52380.00,USD,2023-10-08T00:00:00
2584,Nurture Event Campaign 02584,Nurture,Event,Active,2023-10-20,,9938.67,USD,2023-08-18T00:00:00
2585,Reengagement Event Campaign 02585,Reengagement,Event,Active,2024-12-21,,5398.13,USD,2024-10-18T00:00:00
2586,Retention Event Campaign 02586,Retention,Event,Cancelled,2023-08-25,2023-11-16,11052.42,USD,2023-05-08T00:00:00
2587,Reengagement Web Campaign 02587,Reengagement,Web,Active,2026-04-03,,40458.02,USD,2025-12-15T00:00:00
2588,CustomerEducation Web Campaign 02588,CustomerEducation,Web,Completed,2026-02-12,2026-03-04,19607.69,USD,2025-10-20T00:00:00
2589,Nurture Phone Campaign 02589,Nurture,Phone,Scheduled,2026-09-03,2026-11-04,,USD,2026-08-07T00:00:00
2590,Nurture Web Campaign 02590,Nurture,Web,Completed,2023-12-06,2023-12-15,61353.95,USD,2023-09-12T00:00:00
2591,Nurture Email Campaign 02591,Nurture,Email,Completed,2024-12-07,2025-03-25,13425.66,USD,2024-10-25T00:00:00
2592,Nurture Web Campaign 02592,Nurture,Web,Completed,2023-07-29,2023-09-14,7950.54,USD,2023-04-27T00:00:00
2593,CustomerEducation Email Campaign 02593,CustomerEducation,Email,Active,2023-07-02,,7775.02,USD,2023-03-20T00:00:00
2594,Retention Email Campaign 02594,Retention,Email,Active,2023-08-17,,13141.23,USD,2023-05-24T00:00:00
2595,Nurture Webinar Campaign 02595,Nurture,Webinar,Scheduled,2026-11-10,2027-03-10,5196.25,USD,2026-08-11T00:00:00
2596,Reengagement Email Campaign 02596,Reengagement,Email,Active,2024-12-04,,21550.64,USD,2024-08-18T00:00:00
2597,Awareness Web Campaign 02597,Awareness,Web,Completed,2023-09-14,2023-11-02,61041.05,USD,2023-06-09T00:00:00
2598,Reengagement Email Campaign 02598,Reengagement,Email,Completed,2025-12-02,2026-03-24,10326.30,USD,2025-10-17T00:00:00
2599,Retention Webinar Campaign 02599,Retention,Webinar,Scheduled,2026-08-29,2026-12-15,6524.56,USD,2026-06-19T00:00:00
2600,Awareness Email Campaign 02600,Awareness,Email,Completed,2025-12-23,2026-01-19,9776.84,USD,2025-08-28T00:00:00
2601,Nurture Webinar Campaign 02601,Nurture,Webinar,Cancelled,2026-01-08,2026-04-12,8948.56,USD,2025-09-29T00:00:00
2602,CustomerEducation Email Campaign 02602,CustomerEducation,Email,Active,2026-04-13,,,USD,2026-01-09T00:00:00
2603,CustomerEducation Email Campaign 02603,CustomerEducation,Email,Draft,2026-11-11,,5551.68,USD,2026-10-12T00:00:00
2604,Nurture Webinar Campaign 02604,Nurture,Webinar,Completed,2024-12-25,2025-03-16,7524.43,USD,2024-11-01T00:00:00
2605,Awareness Webinar Campaign 02605,Awareness,Webinar,Completed,2024-12-31,2025-02-22,10505.11,USD,2024-12-09T00:00:00
2606,CustomerEducation Email Campaign 02606,CustomerEducation,Email,Cancelled,2025-02-04,2025-03-12,6902.41,USD,2024-11-13T00:00:00
2607,CustomerEducation Social Campaign 02607,CustomerEducation,Social,Draft,2027-01-02,,5216.82,USD,2026-11-25T00:00:00
2608,CustomerEducation Social Campaign 02608,CustomerEducation,Social,Active,2024-12-16,,,USD,2024-11-03T00:00:00
2609,Awareness Email Campaign 02609,Awareness,Email,Completed,2025-01-31,2025-05-08,5005.48,USD,2024-11-16T00:00:00
2610,CustomerEducation Web Campaign 02610,CustomerEducation,Web,Draft,2026-11-10,,6107.29,USD,2026-10-15T00:00:00
2611,Nurture Event Campaign 02611,Nurture,Event,Active,2025-12-27,,9644.15,USD,2025-10-31T00:00:00
2612,Reengagement Web Campaign 02612,Reengagement,Web,Completed,2024-12-01,2024-12-17,26399.44,USD,2024-09-25T00:00:00
2613,Retention Phone Campaign 02613,Retention,Phone,Completed,2025-02-08,2025-02-21,43014.34,USD,2024-11-22T00:00:00
2614,CustomerEducation Email Campaign 02614,CustomerEducation,Email,Completed,2023-08-19,2023-12-09,16205.89,USD,2023-06-04T00:00:00
2615,Reengagement Event Campaign 02615,Reengagement,Event,Completed,2024-11-21,2024-12-18,31564.58,USD,2024-07-25T00:00:00
2616,CustomerEducation Webinar Campaign 02616,CustomerEducation,Webinar,Cancelled,2026-01-10,2026-03-06,35573.25,USD,2026-01-01T00:00:00
2617,Retention Webinar Campaign 02617,Retention,Webinar,Cancelled,2026-02-06,2026-02-22,8736.33,USD,2026-01-22T00:00:00
2618,Reengagement Phone Campaign 02618,Reengagement,Phone,Completed,2026-03-25,2026-07-18,24437.09,USD,2026-01-07T00:00:00
2619,Reengagement Email Campaign 02619,Reengagement,Email,Completed,2026-01-28,2026-03-22,10006.64,USD,2026-01-23T00:00:00
2620,CustomerEducation Social Campaign 02620,CustomerEducation,Social,Cancelled,2025-12-20,2026-01-24,287433.06,USD,2025-12-17T00:00:00
2621,Reengagement Web Campaign 02621,Reengagement,Web,Completed,2023-09-07,2023-11-21,5127.12,USD,2023-05-23T00:00:00
2622,Nurture Web Campaign 02622,Nurture,Web,Completed,2023-07-12,2023-08-23,9001.68,USD,2023-04-13T00:00:00
2623,Awareness Phone Campaign 02623,Awareness,Phone,Completed,2026-03-17,2026-06-14,14735.75,USD,2026-01-14T00:00:00
2624,CustomerEducation Phone Campaign 02624,CustomerEducation,Phone,Active,2024-11-29,,11459.51,USD,2024-10-30T00:00:00
2625,Awareness Event Campaign 02625,Awareness,Event,Scheduled,2026-12-31,2027-03-16,14373.51,USD,2026-12-14T00:00:00
2626,Reengagement Social Campaign 02626,Reengagement,Social,Completed,2023-08-13,2023-12-06,32363.88,USD,2023-05-09T00:00:00
2627,Retention Event Campaign 02627,Retention,Event,Completed,2023-08-18,2023-11-03,25521.69,USD,2023-04-27T00:00:00
2628,Reengagement Webinar Campaign 02628,Reengagement,Webinar,Active,2023-07-09,,,USD,2023-06-15T00:00:00
2629,Awareness Event Campaign 02629,Awareness,Event,Cancelled,2025-01-24,2025-03-21,6284.87,USD,2025-01-17T00:00:00
2630,Retention Webinar Campaign 02630,Retention,Webinar,Draft,2026-12-26,,,USD,2026-11-09T00:00:00
2631,Awareness Social Campaign 02631,Awareness,Social,Completed,2025-01-29,2025-04-11,13786.30,USD,2024-12-26T00:00:00
2632,Reengagement Event Campaign 02632,Reengagement,Event,Completed,2023-08-01,2023-11-17,21798.28,USD,2023-05-21T00:00:00
2633,Retention Social Campaign 02633,Retention,Social,Cancelled,2023-12-17,2024-01-03,5791.52,USD,2023-08-23T00:00:00
2634,Retention Web Campaign 02634,Retention,Web,Completed,2026-02-01,2026-02-11,5109.99,USD,2025-12-02T00:00:00
2635,Nurture Web Campaign 02635,Nurture,Web,Completed,2025-01-21,2025-03-06,6027.20,USD,2025-01-05T00:00:00
2636,Awareness Phone Campaign 02636,Awareness,Phone,Completed,2023-10-04,2023-10-26,6269.47,USD,2023-07-24T00:00:00
2637,Awareness Web Campaign 02637,Awareness,Web,Active,2023-11-02,,7004.01,USD,2023-07-28T00:00:00
2638,CustomerEducation Event Campaign 02638,CustomerEducation,Event,Completed,2026-02-11,2026-05-20,6638.72,USD,2026-01-11T00:00:00
2639,Retention Webinar Campaign 02639,Retention,Webinar,Active,2025-12-24,,5291.05,USD,2025-09-27T00:00:00
2640,Nurture Email Campaign 02640,Nurture,Email,Active,2023-09-13,,7927.38,USD,2023-07-24T00:00:00
2641,Retention Phone Campaign 02641,Retention,Phone,Active,2023-11-23,,,USD,2023-09-22T00:00:00
2642,Awareness Social Campaign 02642,Awareness,Social,Completed,2025-03-01,2025-05-15,30382.14,USD,2025-02-13T00:00:00
2643,CustomerEducation Webinar Campaign 02643,CustomerEducation,Webinar,Scheduled,2026-11-18,2026-12-18,,USD,2026-08-05T00:00:00
2644,Nurture Web Campaign 02644,Nurture,Web,Completed,2024-11-02,2024-12-16,7238.54,USD,2024-10-28T00:00:00
2645,Nurture Phone Campaign 02645,Nurture,Phone,Completed,2024-08-11,2024-10-06,11877.63,USD,2024-05-22T00:00:00
2646,Nurture Phone Campaign 02646,Nurture,Phone,Completed,2025-02-07,2025-03-05,,USD,2024-11-16T00:00:00
2647,CustomerEducation Webinar Campaign 02647,CustomerEducation,Webinar,Active,2024-12-14,,17807.47,USD,2024-09-23T00:00:00
2648,Nurture Webinar Campaign 02648,Nurture,Webinar,Active,2025-01-17,,5741.21,USD,2024-10-16T00:00:00
2649,CustomerEducation Web Campaign 02649,CustomerEducation,Web,Completed,2024-12-14,2025-01-24,13247.59,USD,2024-10-20T00:00:00
2650,Nurture Event Campaign 02650,Nurture,Event,Completed,2024-12-11,2025-01-04,47483.99,USD,2024-10-25T00:00:00
2651,CustomerEducation Social Campaign 02651,CustomerEducation,Social,Completed,2023-11-25,2023-12-05,,USD,2023-11-10T00:00:00
2652,Nurture Phone Campaign 02652,Nurture,Phone,Cancelled,2025-03-22,2025-05-03,85161.89,USD,2024-11-24T00:00:00
2653,CustomerEducation Phone Campaign 02653,CustomerEducation,Phone,Active,2023-09-18,,24874.52,USD,2023-06-07T00:00:00
2654,Retention Email Campaign 02654,Retention,Email,Draft,2027-01-09,,,USD,2026-09-14T00:00:00
2655,Awareness Webinar Campaign 02655,Awareness,Webinar,Completed,2025-12-14,2026-03-16,8283.00,USD,2025-08-23T00:00:00
2656,CustomerEducation Social Campaign 02656,CustomerEducation,Social,Completed,2023-08-28,2023-12-09,12263.15,USD,2023-05-09T00:00:00
2657,CustomerEducation Social Campaign 02657,CustomerEducation,Social,Scheduled,2026-11-10,2027-03-09,10725.44,USD,2026-07-25T00:00:00
2658,Retention Webinar Campaign 02658,Retention,Webinar,Draft,2026-09-04,,7301.26,USD,2026-05-18T00:00:00
2659,Awareness Social Campaign 02659,Awareness,Social,Active,2026-01-25,,,USD,2025-12-28T00:00:00
2660,Nurture Web Campaign 02660,Nurture,Web,Completed,2025-11-10,2025-11-21,8055.58,USD,2025-10-02T00:00:00
2661,Awareness Social Campaign 02661,Awareness,Social,Cancelled,2026-02-26,2026-03-22,5885.34,USD,2025-10-31T00:00:00
2662,Retention Email Campaign 02662,Retention,Email,Completed,2024-11-29,2024-12-27,35439.58,USD,2024-10-17T00:00:00
2663,CustomerEducation Event Campaign 02663,CustomerEducation,Event,Scheduled,2026-12-31,2027-02-16,22915.59,USD,2026-09-21T00:00:00
2664,Nurture Web Campaign 02664,Nurture,Web,Active,2023-07-21,,,USD,2023-07-08T00:00:00
2665,Retention Social Campaign 02665,Retention,Social,Completed,2023-08-04,2023-09-10,5081.16,USD,2023-06-22T00:00:00
2666,Retention Web Campaign 02666,Retention,Web,Completed,2025-02-14,2025-04-09,5369.67,USD,2024-12-12T00:00:00
2667,Retention Email Campaign 02667,Retention,Email,Completed,2025-01-25,2025-04-29,31153.97,USD,2025-01-21T00:00:00
2668,Nurture Phone Campaign 02668,Nurture,Phone,Completed,2026-01-18,2026-05-07,8706.88,USD,2025-12-08T00:00:00
2669,Awareness Event Campaign 02669,Awareness,Event,Completed,2025-11-12,2025-12-09,16436.42,USD,2025-09-08T00:00:00
2670,Awareness Event Campaign 02670,Awareness,Event,Active,2024-01-02,,5398.73,USD,2023-10-12T00:00:00
2671,Nurture Social Campaign 02671,Nurture,Social,Completed,2024-10-15,2025-01-24,,USD,2024-07-27T00:00:00
2672,Retention Email Campaign 02672,Retention,Email,Completed,2026-01-03,2026-01-10,10455.55,USD,2025-11-17T00:00:00
2673,Retention Web Campaign 02673,Retention,Web,Completed,2023-11-08,2023-12-12,30904.91,USD,2023-08-15T00:00:00
2674,Awareness Phone Campaign 02674,Awareness,Phone,Active,2023-08-06,,5669.97,USD,2023-05-23T00:00:00
2675,Awareness Event Campaign 02675,Awareness,Event,Active,2025-01-10,,112602.61,USD,2024-12-25T00:00:00
2676,Reengagement Event Campaign 02676,Reengagement,Event,Completed,2024-12-09,2025-02-01,85365.73,USD,2024-09-15T00:00:00
2677,Nurture Email Campaign 02677,Nurture,Email,Completed,2026-03-17,2026-05-07,9529.46,USD,2026-02-06T00:00:00
2678,Nurture Phone Campaign 02678,Nurture,Phone,Active,2025-02-23,,9941.90,USD,2024-12-18T00:00:00
2679,Nurture Webinar Campaign 02679,Nurture,Webinar,Cancelled,2023-11-10,2024-01-21,,USD,2023-09-12T00:00:00
2680,Nurture Email Campaign 02680,Nurture,Email,Draft,2026-08-30,,12896.97,USD,2026-06-06T00:00:00
2681,CustomerEducation Event Campaign 02681,CustomerEducation,Event,Completed,2023-10-03,2023-11-28,6172.20,USD,2023-08-29T00:00:00
2682,Reengagement Web Campaign 02682,Reengagement,Web,Draft,2026-11-09,,11520.50,USD,2026-10-13T00:00:00
2683,CustomerEducation Phone Campaign 02683,CustomerEducation,Phone,Completed,2023-08-16,2023-11-04,,USD,2023-05-12T00:00:00
2684,CustomerEducation Social Campaign 02684,CustomerEducation,Social,Active,2023-09-17,,6167.14,USD,2023-08-23T00:00:00
2685,Nurture Web Campaign 02685,Nurture,Web,Draft,2026-11-16,,5258.59,USD,2026-09-04T00:00:00
2686,Reengagement Social Campaign 02686,Reengagement,Social,Cancelled,2023-11-01,2023-12-17,29318.25,USD,2023-08-24T00:00:00
2687,Reengagement Email Campaign 02687,Reengagement,Email,Draft,2026-09-10,,5720.62,USD,2026-06-25T00:00:00
2688,Reengagement Web Campaign 02688,Reengagement,Web,Draft,2026-11-16,,10070.18,USD,2026-09-16T00:00:00
2689,Retention Web Campaign 02689,Retention,Web,Completed,2023-07-25,2023-10-20,10114.57,USD,2023-04-25T00:00:00
2690,Awareness Email Campaign 02690,Awareness,Email,Active,2026-03-12,,5948.76,USD,2026-02-02T00:00:00
2691,Retention Event Campaign 02691,Retention,Event,Draft,2027-01-06,,63395.42,USD,2026-12-14T00:00:00
2692,Awareness Webinar Campaign 02692,Awareness,Webinar,Completed,2024-12-07,2024-12-18,85602.39,USD,2024-12-05T00:00:00
2693,Reengagement Webinar Campaign 02693,Reengagement,Webinar,Completed,2024-11-25,2025-01-22,7053.15,USD,2024-08-09T00:00:00
2694,Awareness Web Campaign 02694,Awareness,Web,Completed,2026-01-11,2026-01-31,12069.85,USD,2025-11-22T00:00:00
2695,Reengagement Social Campaign 02695,Reengagement,Social,Completed,2025-10-01,2025-10-20,5762.01,USD,2025-07-03T00:00:00
2696,Retention Web Campaign 02696,Retention,Web,Cancelled,2026-04-24,2026-07-28,12228.06,USD,2026-03-17T00:00:00
2697,Retention Social Campaign 02697,Retention,Social,Completed,2026-01-25,2026-02-20,7953.42,USD,2025-11-22T00:00:00
2698,Awareness Web Campaign 02698,Awareness,Web,Completed,2025-11-11,2025-12-06,5784.33,USD,2025-10-01T00:00:00
2699,Awareness Email Campaign 02699,Awareness,Email,Cancelled,2023-09-13,2023-10-31,8078.27,USD,2023-07-05T00:00:00
2700,CustomerEducation Email Campaign 02700,CustomerEducation,Email,Completed,2023-10-03,2023-12-12,11290.62,USD,2023-08-09T00:00:00
2701,Retention Phone Campaign 02701,Retention,Phone,Active,2025-12-17,,,USD,2025-08-22T00:00:00
2702,Awareness Event Campaign 02702,Awareness,Event,Completed,2023-11-29,2024-03-12,9410.55,USD,2023-10-27T00:00:00
2703,Awareness Event Campaign 02703,Awareness,Event,Cancelled,2026-02-06,2026-02-15,19064.52,USD,2025-12-11T00:00:00
2704,Reengagement Event Campaign 02704,Reengagement,Event,Active,2023-09-03,,,USD,2023-06-26T00:00:00
2705,Awareness Webinar Campaign 02705,Awareness,Webinar,Completed,2023-07-01,2023-10-27,,USD,2023-06-11T00:00:00
2706,CustomerEducation Phone Campaign 02706,CustomerEducation,Phone,Active,2023-08-23,,14821.89,USD,2023-07-15T00:00:00
2707,Nurture Webinar Campaign 02707,Nurture,Webinar,Active,2026-01-11,,7753.82,USD,2025-11-01T00:00:00
2708,Retention Event Campaign 02708,Retention,Event,Active,2025-02-15,,,USD,2024-12-12T00:00:00
2709,Retention Event Campaign 02709,Retention,Event,Completed,2025-01-19,2025-05-02,9510.70,USD,2024-10-06T00:00:00
2710,Retention Web Campaign 02710,Retention,Web,Completed,2024-12-10,2025-03-22,5595.84,USD,2024-10-26T00:00:00
2711,Reengagement Event Campaign 02711,Reengagement,Event,Draft,2026-11-14,,14870.50,USD,2026-09-23T00:00:00
2712,Retention Email Campaign 02712,Retention,Email,Completed,2026-01-09,2026-04-23,5406.06,USD,2025-12-12T00:00:00
2713,CustomerEducation Event Campaign 02713,CustomerEducation,Event,Completed,2025-01-24,2025-04-23,7120.48,USD,2024-10-11T00:00:00
2714,Awareness Webinar Campaign 02714,Awareness,Webinar,Scheduled,2026-09-04,2026-12-18,17055.11,USD,2026-05-27T00:00:00
2715,Awareness Social Campaign 02715,Awareness,Social,Active,2026-02-21,,7086.60,USD,2025-11-14T00:00:00
2716,Nurture Phone Campaign 02716,Nurture,Phone,Completed,2024-12-29,2025-04-01,5669.99,USD,2024-09-28T00:00:00
2717,Retention Event Campaign 02717,Retention,Event,Active,2025-11-20,,8273.46,USD,2025-09-16T00:00:00
2718,Nurture Social Campaign 02718,Nurture,Social,Active,2025-02-20,,5885.31,USD,2025-01-15T00:00:00
2719,CustomerEducation Social Campaign 02719,CustomerEducation,Social,Draft,2026-12-28,,12716.71,USD,2026-09-27T00:00:00
2720,Reengagement Email Campaign 02720,Reengagement,Email,Completed,2026-01-28,2026-03-01,50451.44,USD,2025-10-21T00:00:00
2721,Retention Webinar Campaign 02721,Retention,Webinar,Active,2023-10-23,,6488.92,USD,2023-10-08T00:00:00
2722,Retention Email Campaign 02722,Retention,Email,Active,2025-10-04,,5948.31,USD,2025-06-08T00:00:00
2723,Retention Social Campaign 02723,Retention,Social,Active,2025-12-14,,6607.00,USD,2025-10-20T00:00:00
2724,CustomerEducation Webinar Campaign 02724,CustomerEducation,Webinar,Completed,2025-01-23,2025-05-17,8877.82,USD,2025-01-19T00:00:00
2725,Reengagement Event Campaign 02725,Reengagement,Event,Draft,2026-10-26,,5986.13,USD,2026-07-29T00:00:00
2726,CustomerEducation Webinar Campaign 02726,CustomerEducation,Webinar,Active,2023-07-30,,6962.30,USD,2023-07-27T00:00:00
2727,Awareness Web Campaign 02727,Awareness,Web,Cancelled,2026-01-16,2026-01-23,,USD,2025-12-19T00:00:00
2728,Retention Webinar Campaign 02728,Retention,Webinar,Draft,2026-12-22,,8626.21,USD,2026-11-19T00:00:00
2729,Retention Phone Campaign 02729,Retention,Phone,Scheduled,2027-01-10,2027-03-09,8898.92,USD,2026-10-07T00:00:00
2730,Awareness Phone Campaign 02730,Awareness,Phone,Draft,2026-08-29,,,USD,2026-05-13T00:00:00
2731,Awareness Phone Campaign 02731,Awareness,Phone,Draft,2027-01-10,,6981.25,USD,2026-11-22T00:00:00
2732,Nurture Social Campaign 02732,Nurture,Social,Completed,2024-11-14,2025-02-23,5174.04,USD,2024-08-20T00:00:00
2733,Retention Social Campaign 02733,Retention,Social,Completed,2023-08-15,2023-12-05,40996.01,USD,2023-07-28T00:00:00
2734,Awareness Web Campaign 02734,Awareness,Web,Scheduled,2026-11-07,2026-12-18,8481.61,USD,2026-10-28T00:00:00
2735,Awareness Event Campaign 02735,Awareness,Event,Completed,2025-01-07,2025-02-13,6479.62,USD,2024-11-16T00:00:00
2736,CustomerEducation Event Campaign 02736,CustomerEducation,Event,Completed,2024-11-22,2025-01-22,17686.68,USD,2024-10-13T00:00:00
2737,Awareness Webinar Campaign 02737,Awareness,Webinar,Active,2024-11-08,,6386.57,USD,2024-10-01T00:00:00
2738,Nurture Web Campaign 02738,Nurture,Web,Completed,2023-07-31,2023-08-26,21911.20,USD,2023-07-18T00:00:00
2739,CustomerEducation Social Campaign 02739,CustomerEducation,Social,Scheduled,2026-12-27,2027-02-14,,USD,2026-09-10T00:00:00
2740,CustomerEducation Event Campaign 02740,CustomerEducation,Event,Completed,2025-12-01,2026-03-03,5406.57,USD,2025-10-28T00:00:00
2741,Nurture Web Campaign 02741,Nurture,Web,Draft,2026-12-26,,7811.86,USD,2026-12-19T00:00:00
2742,CustomerEducation Social Campaign 02742,CustomerEducation,Social,Cancelled,2023-10-28,2023-11-16,10570.82,USD,2023-09-27T00:00:00
2743,Nurture Event Campaign 02743,Nurture,Event,Draft,2026-09-08,,,USD,2026-07-30T00:00:00
2744,Retention Phone Campaign 02744,Retention,Phone,Completed,2023-09-05,2023-11-28,5677.86,USD,2023-08-15T00:00:00
2745,Reengagement Web Campaign 02745,Reengagement,Web,Scheduled,2027-01-05,2027-02-04,10344.47,USD,2026-10-15T00:00:00
2746,CustomerEducation Webinar Campaign 02746,CustomerEducation,Webinar,Completed,2026-02-03,2026-04-22,5858.41,USD,2025-12-12T00:00:00
2747,Reengagement Social Campaign 02747,Reengagement,Social,Completed,2024-12-13,2025-03-09,17415.49,USD,2024-10-30T00:00:00
2748,Reengagement Email Campaign 02748,Reengagement,Email,Cancelled,2024-09-17,2024-12-20,7850.08,USD,2024-08-14T00:00:00
2749,Reengagement Email Campaign 02749,Reengagement,Email,Active,2026-03-05,,6946.50,USD,2025-11-30T00:00:00
2750,Awareness Email Campaign 02750,Awareness,Email,Active,2026-02-19,,,USD,2026-02-03T00:00:00
2751,CustomerEducation Email Campaign 02751,CustomerEducation,Email,Active,2025-11-21,,5213.69,USD,2025-08-02T00:00:00
2752,Awareness Event Campaign 02752,Awareness,Event,Completed,2024-12-25,2025-01-13,7479.20,USD,2024-11-27T00:00:00
2753,CustomerEducation Email Campaign 02753,CustomerEducation,Email,Completed,2023-10-21,2023-12-03,6865.70,USD,2023-08-19T00:00:00
2754,Reengagement Social Campaign 02754,Reengagement,Social,Active,2025-11-13,,1537265.74,USD,2025-10-04T00:00:00
2755,Awareness Webinar Campaign 02755,Awareness,Webinar,Active,2025-01-03,,7082.34,USD,2024-12-06T00:00:00
2756,CustomerEducation Social Campaign 02756,CustomerEducation,Social,Cancelled,2024-11-03,2025-02-16,,USD,2024-09-11T00:00:00
2757,CustomerEducation Email Campaign 02757,CustomerEducation,Email,Active,2026-03-11,,8725.38,USD,2026-01-03T00:00:00
2758,Reengagement Event Campaign 02758,Reengagement,Event,Scheduled,2026-09-10,2026-10-10,8999.08,USD,2026-05-17T00:00:00
2759,Awareness Web Campaign 02759,Awareness,Web,Completed,2024-10-05,2024-10-29,6516.25,USD,2024-07-10T00:00:00
2760,Retention Social Campaign 02760,Retention,Social,Completed,2025-01-03,2025-04-11,5495.09,USD,2024-11-25T00:00:00
2761,Reengagement Event Campaign 02761,Reengagement,Event,Completed,2025-01-15,2025-05-08,47798.11,USD,2025-01-03T00:00:00
2762,Nurture Web Campaign 02762,Nurture,Web,Completed,2024-12-25,2025-04-10,5488.43,USD,2024-09-09T00:00:00
2763,Reengagement Social Campaign 02763,Reengagement,Social,Active,2023-10-10,,8086.84,USD,2023-07-14T00:00:00
2764,Reengagement Social Campaign 02764,Reengagement,Social,Completed,2023-08-07,2023-11-22,11087.08,USD,2023-07-25T00:00:00
2765,Reengagement Web Campaign 02765,Reengagement,Web,Completed,2023-07-26,2023-10-23,10132.44,USD,2023-04-08T00:00:00
2766,Nurture Social Campaign 02766,Nurture,Social,Active,2023-08-31,,5537.87,USD,2023-07-25T00:00:00
2767,Retention Email Campaign 02767,Retention,Email,Completed,2024-11-19,2025-01-31,7749.75,USD,2024-10-24T00:00:00
2768,Reengagement Email Campaign 02768,Reengagement,Email,Cancelled,2026-01-17,2026-03-14,5474.80,USD,2025-11-09T00:00:00
2769,Retention Webinar Campaign 02769,Retention,Webinar,Completed,2026-02-27,2026-04-24,14288.24,USD,2026-01-16T00:00:00
2770,Retention Web Campaign 02770,Retention,Web,Completed,2026-02-03,2026-05-16,5731.88,USD,2025-11-08T00:00:00
2771,Retention Web Campaign 02771,Retention,Web,Cancelled,2024-11-28,2025-03-01,,USD,2024-11-23T00:00:00
2772,Nurture Phone Campaign 02772,Nurture,Phone,Completed,2025-01-29,2025-04-17,22361.48,USD,2024-12-10T00:00:00
2773,Reengagement Web Campaign 02773,Reengagement,Web,Completed,2024-10-30,2025-02-13,8071.02,USD,2024-08-27T00:00:00
2774,Nurture Event Campaign 02774,Nurture,Event,Active,2023-10-28,,,USD,2023-08-25T00:00:00
2775,Nurture Webinar Campaign 02775,Nurture,Webinar,Draft,2026-11-07,,7028.23,USD,2026-09-08T00:00:00
2776,CustomerEducation Email Campaign 02776,CustomerEducation,Email,Active,2025-01-06,,5252.08,USD,2024-11-25T00:00:00
2777,Retention Event Campaign 02777,Retention,Event,Active,2025-01-08,,7367.38,USD,2024-12-11T00:00:00
2778,Reengagement Email Campaign 02778,Reengagement,Email,Completed,2023-10-01,2023-11-08,23354.26,USD,2023-07-22T00:00:00
2779,Awareness Webinar Campaign 02779,Awareness,Webinar,Cancelled,2025-01-06,2025-04-07,9777.88,USD,2024-10-19T00:00:00
2780,CustomerEducation Social Campaign 02780,CustomerEducation,Social,Cancelled,2023-10-09,2023-12-10,2000000.00,USD,2023-08-16T00:00:00
2781,Retention Event Campaign 02781,Retention,Event,Completed,2025-12-27,2026-01-22,17330.43,USD,2025-09-07T00:00:00
2782,Nurture Event Campaign 02782,Nurture,Event,Completed,2026-01-17,2026-04-26,64786.18,USD,2025-12-29T00:00:00
2783,CustomerEducation Webinar Campaign 02783,CustomerEducation,Webinar,Active,2024-09-21,,13986.46,USD,2024-08-27T00:00:00
2784,Nurture Event Campaign 02784,Nurture,Event,Completed,2023-07-22,2023-10-09,10297.11,USD,2023-05-10T00:00:00
2785,Awareness Event Campaign 02785,Awareness,Event,Scheduled,2026-11-09,2027-03-07,33923.20,USD,2026-10-11T00:00:00
2786,Retention Event Campaign 02786,Retention,Event,Active,2024-11-19,,13279.92,USD,2024-11-02T00:00:00
2787,Awareness Phone Campaign 02787,Awareness,Phone,Active,2025-01-03,,5161.81,USD,2025-01-02T00:00:00
2788,Awareness Email Campaign 02788,Awareness,Email,Completed,2026-02-06,2026-03-04,7202.04,USD,2026-01-24T00:00:00
2789,Nurture Web Campaign 02789,Nurture,Web,Active,2025-12-27,,,USD,2025-12-16T00:00:00
2790,CustomerEducation Webinar Campaign 02790,CustomerEducation,Webinar,Active,2023-11-06,,9543.37,USD,2023-11-01T00:00:00
2791,Awareness Webinar Campaign 02791,Awareness,Webinar,Completed,2023-11-15,2024-02-16,21017.08,USD,2023-09-14T00:00:00
2792,Nurture Phone Campaign 02792,Nurture,Phone,Completed,2026-02-06,2026-04-12,26494.25,USD,2025-12-19T00:00:00
2793,CustomerEducation Social Campaign 02793,CustomerEducation,Social,Completed,2025-07-31,2025-11-06,71233.44,USD,2025-04-24T00:00:00
2794,Awareness Webinar Campaign 02794,Awareness,Webinar,Draft,2027-01-12,,,USD,2026-09-21T00:00:00
2795,Nurture Web Campaign 02795,Nurture,Web,Completed,2026-01-28,2026-02-14,7934.88,USD,2026-01-24T00:00:00
2796,Retention Web Campaign 02796,Retention,Web,Completed,2026-02-08,2026-06-08,6777.77,USD,2026-01-31T00:00:00
2797,Awareness Phone Campaign 02797,Awareness,Phone,Active,2025-12-10,,7320.56,USD,2025-10-31T00:00:00
2798,CustomerEducation Webinar Campaign 02798,CustomerEducation,Webinar,Active,2023-09-24,,5226.18,USD,2023-07-04T00:00:00
2799,Retention Email Campaign 02799,Retention,Email,Draft,2026-08-31,,19377.46,USD,2026-07-01T00:00:00
2800,Retention Web Campaign 02800,Retention,Web,Completed,2026-04-21,2026-06-01,,USD,2026-01-31T00:00:00
2801,Nurture Event Campaign 02801,Nurture,Event,Completed,2026-01-27,2026-03-22,126367.86,USD,2025-11-27T00:00:00
2802,Reengagement Webinar Campaign 02802,Reengagement,Webinar,Active,2023-08-28,,5211.63,USD,2023-08-19T00:00:00
2803,Retention Phone Campaign 02803,Retention,Phone,Draft,2026-11-04,,11281.05,USD,2026-07-07T00:00:00
2804,CustomerEducation Email Campaign 02804,CustomerEducation,Email,Completed,2025-12-29,2026-03-01,9184.38,USD,2025-11-03T00:00:00
2805,CustomerEducation Event Campaign 02805,CustomerEducation,Event,Completed,2023-08-16,2023-08-26,5691.56,USD,2023-08-13T00:00:00
2806,Nurture Web Campaign 02806,Nurture,Web,Active,2025-02-23,,39921.92,USD,2024-12-29T00:00:00
2807,Nurture Email Campaign 02807,Nurture,Email,Cancelled,2026-03-04,2026-04-23,12167.91,USD,2026-03-01T00:00:00
2808,Nurture Social Campaign 02808,Nurture,Social,Completed,2026-01-10,2026-03-27,6937.36,USD,2025-10-17T00:00:00
2809,Awareness Social Campaign 02809,Awareness,Social,Active,2023-08-31,,,USD,2023-07-13T00:00:00
2810,Retention Event Campaign 02810,Retention,Event,Scheduled,2026-08-27,2026-11-07,,USD,2026-07-20T00:00:00
2811,Retention Event Campaign 02811,Retention,Event,Draft,2026-11-11,,25914.44,USD,2026-10-13T00:00:00
2812,Awareness Webinar Campaign 02812,Awareness,Webinar,Active,2024-11-07,,,USD,2024-09-20T00:00:00
2813,Awareness Event Campaign 02813,Awareness,Event,Completed,2025-04-09,2025-07-26,13200.14,USD,2025-03-01T00:00:00
2814,Retention Web Campaign 02814,Retention,Web,Completed,2025-01-12,2025-02-27,11438.51,USD,2024-10-28T00:00:00
2815,Awareness Email Campaign 02815,Awareness,Email,Active,2024-11-03,,7043.21,USD,2024-07-09T00:00:00
2816,Nurture Phone Campaign 02816,Nurture,Phone,Active,2025-12-31,,24186.90,USD,2025-09-02T00:00:00
2817,Reengagement Webinar Campaign 02817,Reengagement,Webinar,Completed,2024-10-27,2024-11-07,12505.97,USD,2024-08-06T00:00:00
2818,Nurture Phone Campaign 02818,Nurture,Phone,Cancelled,2026-01-23,2026-04-16,16050.48,USD,2026-01-01T00:00:00
2819,Reengagement Phone Campaign 02819,Reengagement,Phone,Draft,2026-11-24,,12783.37,USD,2026-11-13T00:00:00
2820,Nurture Webinar Campaign 02820,Nurture,Webinar,Completed,2025-01-07,2025-01-31,5229.72,USD,2024-11-27T00:00:00
2821,Reengagement Webinar Campaign 02821,Reengagement,Webinar,Scheduled,2027-01-04,2027-05-01,23509.00,USD,2026-11-01T00:00:00
2822,Reengagement Event Campaign 02822,Reengagement,Event,Completed,2026-01-23,2026-02-18,57483.58,USD,2025-10-24T00:00:00
2823,Reengagement Email Campaign 02823,Reengagement,Email,Completed,2024-11-05,2025-02-24,6473.36,USD,2024-08-18T00:00:00
2824,Reengagement Web Campaign 02824,Reengagement,Web,Completed,2024-10-26,2024-11-05,7328.17,USD,2024-07-25T00:00:00
2825,Retention Phone Campaign 02825,Retention,Phone,Draft,2026-08-31,,,USD,2026-05-10T00:00:00
2826,Nurture Webinar Campaign 02826,Nurture,Webinar,Completed,2023-07-19,2023-09-26,17031.53,USD,2023-04-29T00:00:00
2827,Nurture Event Campaign 02827,Nurture,Event,Completed,2025-02-26,2025-05-22,14895.04,USD,2024-12-04T00:00:00
2828,Nurture Social Campaign 02828,Nurture,Social,Cancelled,2025-02-19,2025-04-08,30986.25,USD,2025-02-06T00:00:00
2829,Reengagement Webinar Campaign 02829,Reengagement,Webinar,Cancelled,2026-01-22,2026-04-02,96909.57,USD,2025-09-29T00:00:00
2830,Awareness Social Campaign 02830,Awareness,Social,Draft,2026-11-10,,,USD,2026-07-26T00:00:00
2831,Retention Phone Campaign 02831,Retention,Phone,Cancelled,2026-03-18,2026-05-01,5857.12,USD,2026-03-03T00:00:00
2832,Retention Phone Campaign 02832,Retention,Phone,Active,2023-07-21,,,USD,2023-06-26T00:00:00
2833,Reengagement Phone Campaign 02833,Reengagement,Phone,Active,2023-07-06,,94175.17,USD,2023-06-22T00:00:00
2834,Nurture Email Campaign 02834,Nurture,Email,Completed,2023-08-01,2023-09-08,10914.37,USD,2023-04-21T00:00:00
2835,CustomerEducation Web Campaign 02835,CustomerEducation,Web,Draft,2027-01-12,,35821.17,USD,2026-12-28T00:00:00
2836,Awareness Event Campaign 02836,Awareness,Event,Completed,2023-09-28,2024-01-11,185761.18,USD,2023-08-26T00:00:00
2837,Retention Email Campaign 02837,Retention,Email,Completed,2026-01-28,2026-04-18,24963.21,USD,2025-11-04T00:00:00
2838,Retention Event Campaign 02838,Retention,Event,Completed,2026-02-11,2026-03-30,12597.52,USD,2025-12-12T00:00:00
2839,Reengagement Event Campaign 02839,Reengagement,Event,Completed,2025-02-05,2025-02-13,10011.60,USD,2024-11-25T00:00:00
2840,CustomerEducation Web Campaign 02840,CustomerEducation,Web,Active,2024-12-01,,11734.90,USD,2024-08-04T00:00:00
2841,Nurture Email Campaign 02841,Nurture,Email,Completed,2024-09-29,2024-12-27,162982.44,USD,2024-09-16T00:00:00
2842,Nurture Webinar Campaign 02842,Nurture,Webinar,Cancelled,2024-11-01,2024-12-10,,USD,2024-07-25T00:00:00
2843,Awareness Web Campaign 02843,Awareness,Web,Completed,2024-11-22,2025-02-23,5233.08,USD,2024-10-10T00:00:00
2844,Retention Webinar Campaign 02844,Retention,Webinar,Completed,2024-12-25,2025-02-17,5752.92,USD,2024-09-09T00:00:00
2845,CustomerEducation Webinar Campaign 02845,CustomerEducation,Webinar,Active,2023-09-12,,14656.80,USD,2023-06-28T00:00:00
2846,Nurture Phone Campaign 02846,Nurture,Phone,Completed,2023-10-08,2024-01-03,37251.84,USD,2023-06-25T00:00:00
2847,Nurture Web Campaign 02847,Nurture,Web,Active,2026-02-23,,12223.01,USD,2026-01-19T00:00:00
2848,CustomerEducation Phone Campaign 02848,CustomerEducation,Phone,Completed,2024-12-08,2025-01-08,129084.86,USD,2024-10-28T00:00:00
2849,Awareness Phone Campaign 02849,Awareness,Phone,Completed,2024-12-05,2025-01-28,6051.41,USD,2024-08-09T00:00:00
2850,Reengagement Email Campaign 02850,Reengagement,Email,Active,2025-02-28,,5305.42,USD,2025-02-23T00:00:00
2851,Nurture Web Campaign 02851,Nurture,Web,Active,2023-08-23,,13431.34,USD,2023-07-18T00:00:00
2852,Retention Webinar Campaign 02852,Retention,Webinar,Completed,2024-09-25,2024-11-21,23037.95,USD,2024-09-23T00:00:00
2853,Nurture Email Campaign 02853,Nurture,Email,Active,2024-11-18,,5073.64,USD,2024-09-24T00:00:00
2854,Awareness Phone Campaign 02854,Awareness,Phone,Active,2023-08-09,,11256.39,USD,2023-08-02T00:00:00
2855,Awareness Email Campaign 02855,Awareness,Email,Active,2024-12-26,,7269.71,USD,2024-09-18T00:00:00
2856,Retention Event Campaign 02856,Retention,Event,Active,2026-01-25,,14148.85,USD,2025-10-31T00:00:00
2857,Awareness Webinar Campaign 02857,Awareness,Webinar,Completed,2023-08-08,2023-10-20,13325.11,USD,2023-05-18T00:00:00
2858,Nurture Email Campaign 02858,Nurture,Email,Completed,2023-08-20,2023-09-04,9291.04,USD,2023-08-07T00:00:00
2859,Nurture Webinar Campaign 02859,Nurture,Webinar,Completed,2023-09-05,2023-12-04,6794.29,USD,2023-07-22T00:00:00
2860,Reengagement Phone Campaign 02860,Reengagement,Phone,Active,2023-05-19,,102449.40,USD,2023-03-19T00:00:00
2861,Reengagement Phone Campaign 02861,Reengagement,Phone,Active,2026-01-24,,15608.78,USD,2026-01-02T00:00:00
2862,CustomerEducation Event Campaign 02862,CustomerEducation,Event,Active,2026-02-19,,7510.53,USD,2026-02-01T00:00:00
2863,Retention Event Campaign 02863,Retention,Event,Scheduled,2026-12-29,2027-01-28,5246.52,USD,2026-09-01T00:00:00
2864,CustomerEducation Webinar Campaign 02864,CustomerEducation,Webinar,Completed,2024-11-23,2025-01-29,6030.97,USD,2024-11-20T00:00:00
2865,CustomerEducation Event Campaign 02865,CustomerEducation,Event,Active,2023-08-08,,6894.60,USD,2023-07-19T00:00:00
2866,Awareness Event Campaign 02866,Awareness,Event,Active,2023-11-15,,10447.16,USD,2023-11-10T00:00:00
2867,Reengagement Webinar Campaign 02867,Reengagement,Webinar,Scheduled,2027-01-06,2027-03-11,5124.96,USD,2026-12-21T00:00:00
2868,Nurture Webinar Campaign 02868,Nurture,Webinar,Scheduled,2026-12-28,2027-01-31,24130.57,USD,2026-12-16T00:00:00
2869,Awareness Webinar Campaign 02869,Awareness,Webinar,Draft,2026-09-14,,15326.20,USD,2026-05-31T00:00:00
2870,Nurture Email Campaign 02870,Nurture,Email,Cancelled,2025-11-14,2026-02-27,8446.26,USD,2025-07-28T00:00:00
2871,Retention Webinar Campaign 02871,Retention,Webinar,Cancelled,2026-02-02,2026-05-24,5774.61,USD,2026-01-31T00:00:00
2872,Retention Webinar Campaign 02872,Retention,Webinar,Completed,2024-12-25,2025-01-06,60976.98,USD,2024-12-14T00:00:00
2873,Awareness Event Campaign 02873,Awareness,Event,Active,2025-12-31,,33692.94,USD,2025-12-03T00:00:00
2874,Retention Social Campaign 02874,Retention,Social,Scheduled,2026-09-12,2026-11-05,5279.03,USD,2026-06-24T00:00:00
2875,Awareness Social Campaign 02875,Awareness,Social,Active,2023-08-10,,6047.72,USD,2023-05-31T00:00:00
2876,Awareness Email Campaign 02876,Awareness,Email,Completed,2023-09-09,2023-11-03,26341.28,USD,2023-07-04T00:00:00
2877,Nurture Phone Campaign 02877,Nurture,Phone,Completed,2024-08-14,2024-08-30,,USD,2024-08-10T00:00:00
2878,Awareness Event Campaign 02878,Awareness,Event,Completed,2026-02-28,2026-04-22,5985.82,USD,2025-11-05T00:00:00
2879,CustomerEducation Event Campaign 02879,CustomerEducation,Event,Cancelled,2023-08-23,2023-10-20,13119.25,USD,2023-04-29T00:00:00
2880,Nurture Social Campaign 02880,Nurture,Social,Completed,2025-03-05,2025-04-30,6317.21,USD,2025-01-18T00:00:00
2881,Nurture Webinar Campaign 02881,Nurture,Webinar,Active,2023-08-28,,29370.83,USD,2023-07-14T00:00:00
2882,Nurture Webinar Campaign 02882,Nurture,Webinar,Completed,2023-10-05,2023-11-03,5315.14,USD,2023-07-06T00:00:00
2883,Reengagement Email Campaign 02883,Reengagement,Email,Active,2024-12-23,,12718.15,USD,2024-11-04T00:00:00
2884,Retention Webinar Campaign 02884,Retention,Webinar,Draft,2026-10-25,,5025.64,USD,2026-07-04T00:00:00
2885,Nurture Webinar Campaign 02885,Nurture,Webinar,Completed,2026-02-04,2026-03-06,45003.37,USD,2026-02-01T00:00:00
2886,Nurture Webinar Campaign 02886,Nurture,Webinar,Active,2023-08-17,,12308.76,USD,2023-08-10T00:00:00
2887,Awareness Event Campaign 02887,Awareness,Event,Completed,2025-01-31,2025-05-09,7101.48,USD,2024-12-18T00:00:00
2888,Awareness Social Campaign 02888,Awareness,Social,Completed,2023-09-25,2024-01-06,17213.13,USD,2023-08-27T00:00:00
2889,Retention Phone Campaign 02889,Retention,Phone,Active,2023-08-29,,42666.34,USD,2023-05-22T00:00:00
2890,Nurture Email Campaign 02890,Nurture,Email,Active,2024-11-01,,5149.02,USD,2024-07-28T00:00:00
2891,Reengagement Social Campaign 02891,Reengagement,Social,Completed,2025-01-14,2025-05-02,37656.41,USD,2024-11-10T00:00:00
2892,Reengagement Event Campaign 02892,Reengagement,Event,Active,2025-01-20,,5411.93,USD,2024-09-26T00:00:00
2893,Awareness Email Campaign 02893,Awareness,Email,Completed,2024-12-17,2025-02-01,24556.74,USD,2024-12-05T00:00:00
2894,Awareness Social Campaign 02894,Awareness,Social,Scheduled,2026-11-09,2026-12-09,,USD,2026-11-02T00:00:00
2895,Reengagement Email Campaign 02895,Reengagement,Email,Draft,2027-01-06,,9013.27,USD,2026-12-21T00:00:00
2896,Awareness Web Campaign 02896,Awareness,Web,Draft,2026-11-24,,18419.69,USD,2026-08-27T00:00:00
2897,Reengagement Event Campaign 02897,Reengagement,Event,Active,2023-10-05,,,USD,2023-09-26T00:00:00
2898,Retention Social Campaign 02898,Retention,Social,Scheduled,2027-01-04,2027-03-03,52340.94,USD,2026-10-06T00:00:00
2899,Reengagement Webinar Campaign 02899,Reengagement,Webinar,Scheduled,2026-12-27,2027-02-15,14516.10,USD,2026-10-23T00:00:00
2900,Reengagement Social Campaign 02900,Reengagement,Social,Draft,2026-12-30,,,USD,2026-12-24T00:00:00
2901,Nurture Email Campaign 02901,Nurture,Email,Completed,2026-01-02,2026-01-31,38758.66,USD,2025-10-28T00:00:00
2902,Awareness Web Campaign 02902,Awareness,Web,Completed,2025-01-09,2025-02-18,20228.32,USD,2024-10-14T00:00:00
2903,Retention Phone Campaign 02903,Retention,Phone,Completed,2024-09-04,2024-11-19,10768.90,USD,2024-07-10T00:00:00
2904,Reengagement Social Campaign 02904,Reengagement,Social,Completed,2025-01-15,2025-04-08,5491.00,USD,2024-11-19T00:00:00
2905,Retention Social Campaign 02905,Retention,Social,Completed,2023-08-29,2023-09-14,5346.59,USD,2023-07-15T00:00:00
2906,Awareness Webinar Campaign 02906,Awareness,Webinar,Active,2023-09-02,,5666.87,USD,2023-08-20T00:00:00
2907,CustomerEducation Email Campaign 02907,CustomerEducation,Email,Completed,2026-01-30,2026-03-23,5529.61,USD,2026-01-27T00:00:00
2908,CustomerEducation Email Campaign 02908,CustomerEducation,Email,Active,2024-12-05,,5036.31,USD,2024-11-13T00:00:00
2909,Nurture Web Campaign 02909,Nurture,Web,Completed,2023-10-01,2023-10-15,261091.13,USD,2023-06-27T00:00:00
2910,CustomerEducation Event Campaign 02910,CustomerEducation,Event,Active,2026-01-25,,65897.34,USD,2025-11-30T00:00:00
2911,Reengagement Email Campaign 02911,Reengagement,Email,Completed,2023-05-03,2023-06-22,7100.83,USD,2023-01-22T00:00:00
2912,CustomerEducation Email Campaign 02912,CustomerEducation,Email,Active,2023-07-25,,9103.06,USD,2023-06-25T00:00:00
2913,Awareness Email Campaign 02913,Awareness,Email,Active,2023-10-14,,6569.95,USD,2023-08-01T00:00:00
2914,Reengagement Web Campaign 02914,Reengagement,Web,Active,2025-02-09,,16349.28,USD,2024-10-17T00:00:00
2915,CustomerEducation Webinar Campaign 02915,CustomerEducation,Webinar,Active,2026-01-13,,12527.67,USD,2025-09-23T00:00:00
2916,Nurture Webinar Campaign 02916,Nurture,Webinar,Draft,2026-12-18,,6252.55,USD,2026-10-11T00:00:00
2917,Nurture Phone Campaign 02917,Nurture,Phone,Completed,2024-12-15,2025-04-10,16885.21,USD,2024-11-28T00:00:00
2918,Reengagement Web Campaign 02918,Reengagement,Web,Completed,2023-09-15,2023-10-27,11733.54,USD,2023-08-13T00:00:00
2919,Reengagement Social Campaign 02919,Reengagement,Social,Draft,2026-12-24,,7866.67,USD,2026-11-09T00:00:00
2920,CustomerEducation Phone Campaign 02920,CustomerEducation,Phone,Completed,2024-11-17,2025-02-20,5326.64,USD,2024-11-16T00:00:00
2921,Reengagement Phone Campaign 02921,Reengagement,Phone,Cancelled,2024-12-21,2025-04-15,5243.02,USD,2024-12-01T00:00:00
2922,Awareness Webinar Campaign 02922,Awareness,Webinar,Scheduled,2026-09-04,2026-10-04,12117.44,USD,2026-07-15T00:00:00
2923,Nurture Web Campaign 02923,Nurture,Web,Cancelled,2024-11-16,2024-12-02,7648.12,USD,2024-11-06T00:00:00
2924,CustomerEducation Phone Campaign 02924,CustomerEducation,Phone,Scheduled,2026-09-02,2026-12-13,12165.02,USD,2026-08-11T00:00:00
2925,Awareness Social Campaign 02925,Awareness,Social,Active,2025-10-29,,8364.69,USD,2025-07-27T00:00:00
2926,Retention Event Campaign 02926,Retention,Event,Completed,2025-11-14,2025-11-26,5415.98,USD,2025-11-12T00:00:00
2927,Retention Web Campaign 02927,Retention,Web,Active,2025-12-21,,6138.29,USD,2025-10-14T00:00:00
2928,CustomerEducation Webinar Campaign 02928,CustomerEducation,Webinar,Completed,2024-11-25,2025-02-20,24873.61,USD,2024-08-24T00:00:00
2929,CustomerEducation Event Campaign 02929,CustomerEducation,Event,Active,2025-02-18,,5521.01,USD,2025-01-31T00:00:00
2930,Nurture Email Campaign 02930,Nurture,Email,Scheduled,2026-11-03,2027-02-27,7013.37,USD,2026-09-10T00:00:00
2931,Awareness Webinar Campaign 02931,Awareness,Webinar,Completed,2026-01-13,2026-02-18,95862.09,USD,2025-10-04T00:00:00
2932,Retention Phone Campaign 02932,Retention,Phone,Active,2023-12-20,,11413.50,USD,2023-10-14T00:00:00
2933,Reengagement Phone Campaign 02933,Reengagement,Phone,Active,2025-11-28,,7365.25,USD,2025-11-18T00:00:00
2934,Reengagement Email Campaign 02934,Reengagement,Email,Active,2026-01-17,,33235.22,USD,2025-11-18T00:00:00
2935,CustomerEducation Webinar Campaign 02935,CustomerEducation,Webinar,Completed,2023-09-07,2023-10-26,5658.89,USD,2023-08-19T00:00:00
2936,CustomerEducation Social Campaign 02936,CustomerEducation,Social,Active,2026-03-09,,10808.21,USD,2026-03-08T00:00:00
2937,Reengagement Email Campaign 02937,Reengagement,Email,Completed,2023-11-06,2024-01-26,9316.57,USD,2023-09-24T00:00:00
2938,CustomerEducation Social Campaign 02938,CustomerEducation,Social,Completed,2024-12-18,2025-01-10,6663.42,USD,2024-11-27T00:00:00
2939,Nurture Phone Campaign 02939,Nurture,Phone,Completed,2026-01-08,2026-04-10,33215.54,USD,2025-09-23T00:00:00
2940,Nurture Email Campaign 02940,Nurture,Email,Completed,2025-11-14,2026-01-04,,USD,2025-11-12T00:00:00
2941,CustomerEducation Event Campaign 02941,CustomerEducation,Event,Cancelled,2025-12-27,2026-02-04,10663.17,USD,2025-10-12T00:00:00
2942,Nurture Email Campaign 02942,Nurture,Email,Draft,2026-08-29,,7076.21,USD,2026-05-20T00:00:00
2943,CustomerEducation Web Campaign 02943,CustomerEducation,Web,Completed,2024-10-16,2025-01-25,16842.69,USD,2024-10-01T00:00:00
2944,Nurture Social Campaign 02944,Nurture,Social,Draft,2026-08-27,,12185.03,USD,2026-05-20T00:00:00
2945,Reengagement Event Campaign 02945,Reengagement,Event,Draft,2026-11-08,,18865.19,USD,2026-07-16T00:00:00
2946,Retention Social Campaign 02946,Retention,Social,Completed,2025-11-29,2026-01-31,5035.32,USD,2025-11-13T00:00:00
2947,Retention Social Campaign 02947,Retention,Social,Completed,2023-07-02,2023-10-11,7788.05,USD,2023-05-26T00:00:00
2948,Awareness Web Campaign 02948,Awareness,Web,Completed,2025-01-29,2025-03-09,6886.70,USD,2024-10-10T00:00:00
2949,Retention Phone Campaign 02949,Retention,Phone,Completed,2023-07-31,2023-08-17,9868.38,USD,2023-07-26T00:00:00
2950,CustomerEducation Webinar Campaign 02950,CustomerEducation,Webinar,Draft,2026-09-02,,5050.58,USD,2026-07-08T00:00:00
2951,Reengagement Webinar Campaign 02951,Reengagement,Webinar,Completed,2024-12-02,2025-03-18,7798.64,USD,2024-08-04T00:00:00
2952,Reengagement Phone Campaign 02952,Reengagement,Phone,Active,2025-12-26,,660626.48,USD,2025-12-21T00:00:00
2953,Awareness Web Campaign 02953,Awareness,Web,Draft,2027-01-12,,39034.93,USD,2026-12-03T00:00:00
2954,CustomerEducation Phone Campaign 02954,CustomerEducation,Phone,Completed,2023-07-23,2023-09-29,6028.31,USD,2023-06-16T00:00:00
2955,Nurture Event Campaign 02955,Nurture,Event,Active,2025-01-28,,5141.78,USD,2025-01-27T00:00:00
2956,Nurture Webinar Campaign 02956,Nurture,Webinar,Completed,2023-10-24,2023-12-12,7748.69,USD,2023-08-01T00:00:00
2957,Nurture Email Campaign 02957,Nurture,Email,Completed,2023-07-22,2023-08-31,11442.64,USD,2023-06-13T00:00:00
2958,CustomerEducation Email Campaign 02958,CustomerEducation,Email,Cancelled,2025-12-16,2025-12-31,5047.88,USD,2025-08-21T00:00:00
2959,Retention Event Campaign 02959,Retention,Event,Active,2024-11-21,,22846.09,USD,2024-10-06T00:00:00
2960,CustomerEducation Phone Campaign 02960,CustomerEducation,Phone,Cancelled,2025-01-24,2025-02-16,,USD,2024-12-18T00:00:00
2961,Awareness Social Campaign 02961,Awareness,Social,Draft,2026-12-26,,5616.91,USD,2026-08-30T00:00:00
2962,Retention Web Campaign 02962,Retention,Web,Active,2024-09-12,,5510.14,USD,2024-06-30T00:00:00
2963,Reengagement Web Campaign 02963,Reengagement,Web,Draft,2027-01-08,,25207.50,USD,2026-12-30T00:00:00
2964,Retention Webinar Campaign 02964,Retention,Webinar,Scheduled,2027-01-01,2027-03-12,84175.30,USD,2026-09-07T00:00:00
2965,Reengagement Email Campaign 02965,Reengagement,Email,Completed,2023-07-06,2023-07-16,72043.22,USD,2023-04-13T00:00:00
2966,Nurture Event Campaign 02966,Nurture,Event,Scheduled,2026-12-30,2027-01-31,160933.66,USD,2026-09-30T00:00:00
2967,CustomerEducation Social Campaign 02967,CustomerEducation,Social,Completed,2025-02-27,2025-04-01,12550.76,USD,2025-01-01T00:00:00
2968,Retention Web Campaign 02968,Retention,Web,Completed,2023-09-28,2023-10-19,39815.47,USD,2023-07-15T00:00:00
2969,Reengagement Social Campaign 02969,Reengagement,Social,Draft,2026-09-03,,7613.09,USD,2026-08-19T00:00:00
2970,Reengagement Web Campaign 02970,Reengagement,Web,Completed,2026-01-03,2026-03-06,10049.70,USD,2025-10-24T00:00:00
2971,Retention Phone Campaign 02971,Retention,Phone,Completed,2025-12-24,2026-01-16,6806.41,USD,2025-11-02T00:00:00
2972,Retention Web Campaign 02972,Retention,Web,Completed,2024-11-04,2025-03-04,6007.80,USD,2024-10-23T00:00:00
2973,CustomerEducation Webinar Campaign 02973,CustomerEducation,Webinar,Active,2026-02-05,,7747.17,USD,2025-10-12T00:00:00
2974,Nurture Phone Campaign 02974,Nurture,Phone,Active,2025-03-24,,24313.15,USD,2024-11-26T00:00:00
2975,Reengagement Web Campaign 02975,Reengagement,Web,Draft,2026-09-01,,10502.23,USD,2026-07-19T00:00:00
2976,Nurture Web Campaign 02976,Nurture,Web,Scheduled,2027-01-05,2027-04-02,6433.23,USD,2026-09-16T00:00:00
2977,Reengagement Web Campaign 02977,Reengagement,Web,Active,2025-12-15,,395253.36,USD,2025-11-30T00:00:00
2978,Retention Email Campaign 02978,Retention,Email,Completed,2026-03-28,2026-06-22,5525.56,USD,2026-01-23T00:00:00
2979,Retention Email Campaign 02979,Retention,Email,Active,2023-10-21,,9233.97,USD,2023-10-17T00:00:00
2980,Awareness Webinar Campaign 02980,Awareness,Webinar,Completed,2025-01-02,2025-02-03,6131.09,USD,2024-12-02T00:00:00
2981,Reengagement Social Campaign 02981,Reengagement,Social,Completed,2023-10-04,2023-11-14,7025.96,USD,2023-07-06T00:00:00
2982,CustomerEducation Email Campaign 02982,CustomerEducation,Email,Completed,2023-10-10,2023-12-10,16127.18,USD,2023-09-03T00:00:00
2983,CustomerEducation Web Campaign 02983,CustomerEducation,Web,Cancelled,2023-09-10,2023-12-03,8178.02,USD,2023-05-30T00:00:00
2984,Reengagement Social Campaign 02984,Reengagement,Social,Cancelled,2024-12-26,2025-03-18,8989.35,USD,2024-09-25T00:00:00
2985,Awareness Phone Campaign 02985,Awareness,Phone,Scheduled,2026-09-06,2026-12-04,,USD,2026-06-27T00:00:00
2986,Retention Email Campaign 02986,Retention,Email,Cancelled,2023-07-31,2023-10-23,212923.24,USD,2023-05-17T00:00:00
2987,Awareness Web Campaign 02987,Awareness,Web,Cancelled,2025-11-15,2025-12-21,12987.62,USD,2025-08-16T00:00:00
2988,Nurture Email Campaign 02988,Nurture,Email,Completed,2025-12-28,2026-01-17,7126.29,USD,2025-09-16T00:00:00
2989,Retention Email Campaign 02989,Retention,Email,Scheduled,2026-11-06,2027-01-31,5843.66,USD,2026-10-13T00:00:00
2990,Retention Web Campaign 02990,Retention,Web,Completed,2023-10-03,2024-01-29,7093.49,USD,2023-09-22T00:00:00
2991,Awareness Social Campaign 02991,Awareness,Social,Scheduled,2026-12-29,2027-04-11,6127.83,USD,2026-12-14T00:00:00
2992,CustomerEducation Webinar Campaign 02992,CustomerEducation,Webinar,Active,2023-06-26,,5438.80,USD,2023-04-10T00:00:00
2993,Reengagement Event Campaign 02993,Reengagement,Event,Active,2023-09-08,,26394.32,USD,2023-07-02T00:00:00
2994,Retention Web Campaign 02994,Retention,Web,Cancelled,2026-02-20,2026-06-13,6677.51,USD,2025-10-31T00:00:00
2995,Retention Phone Campaign 02995,Retention,Phone,Cancelled,2023-07-15,2023-09-30,9919.69,USD,2023-06-30T00:00:00
2996,CustomerEducation Webinar Campaign 02996,CustomerEducation,Webinar,Active,2025-10-20,,,USD,2025-08-05T00:00:00
2997,Nurture Phone Campaign 02997,Nurture,Phone,Completed,2025-11-04,2026-02-19,8022.49,USD,2025-10-31T00:00:00
2998,Reengagement Event Campaign 02998,Reengagement,Event,Scheduled,2027-01-06,2027-04-20,23918.35,USD,2026-10-28T00:00:00
2999,Reengagement Event Campaign 02999,Reengagement,Event,Draft,2026-10-22,,14345.04,USD,2026-07-01T00:00:00
3000,Reengagement Webinar Campaign 03000,Reengagement,Webinar,Completed,2024-10-25,2024-11-12,6836.21,USD,2024-10-22T00:00:00
3001,Nurture Phone Campaign 03001,Nurture,Phone,Completed,2025-01-17,2025-04-25,11482.95,USD,2025-01-03T00:00:00
3002,Nurture Phone Campaign 03002,Nurture,Phone,Scheduled,2027-01-11,2027-02-28,5455.91,USD,2026-10-30T00:00:00
3003,Awareness Webinar Campaign 03003,Awareness,Webinar,Draft,2026-11-18,,5410.20,USD,2026-07-29T00:00:00
3004,Awareness Social Campaign 03004,Awareness,Social,Active,2024-12-28,,5053.95,USD,2024-10-11T00:00:00
3005,CustomerEducation Web Campaign 03005,CustomerEducation,Web,Completed,2024-11-21,2025-01-07,19108.47,USD,2024-09-15T00:00:00
3006,CustomerEducation Social Campaign 03006,CustomerEducation,Social,Completed,2024-11-09,2024-11-30,30158.80,USD,2024-09-27T00:00:00
3007,Awareness Email Campaign 03007,Awareness,Email,Active,2026-02-20,,93029.30,USD,2026-01-20T00:00:00
3008,Nurture Event Campaign 03008,Nurture,Event,Active,2026-01-04,,5767.24,USD,2025-10-21T00:00:00
3009,Nurture Web Campaign 03009,Nurture,Web,Cancelled,2023-07-04,2023-09-23,6399.97,USD,2023-06-29T00:00:00
3010,Awareness Social Campaign 03010,Awareness,Social,Draft,2027-01-08,,40478.65,USD,2026-11-16T00:00:00
3011,Nurture Email Campaign 03011,Nurture,Email,Active,2025-02-19,,19384.91,USD,2024-12-09T00:00:00
3012,Nurture Event Campaign 03012,Nurture,Event,Active,2023-11-28,,13915.02,USD,2023-11-09T00:00:00
3013,CustomerEducation Email Campaign 03013,CustomerEducation,Email,Active,2024-11-12,,5537.16,USD,2024-08-01T00:00:00
3014,Nurture Event Campaign 03014,Nurture,Event,Active,2025-11-16,,19845.22,USD,2025-09-15T00:00:00
3015,Reengagement Web Campaign 03015,Reengagement,Web,Active,2026-02-19,,,USD,2026-01-30T00:00:00
3016,Retention Email Campaign 03016,Retention,Email,Draft,2026-09-16,,7800.24,USD,2026-08-28T00:00:00
3017,Nurture Webinar Campaign 03017,Nurture,Webinar,Completed,2024-11-02,2024-12-18,,USD,2024-08-13T00:00:00
3018,Awareness Webinar Campaign 03018,Awareness,Webinar,Cancelled,2023-09-19,2023-11-05,31636.54,USD,2023-05-26T00:00:00
3019,Awareness Webinar Campaign 03019,Awareness,Webinar,Completed,2025-01-03,2025-03-30,7572.32,USD,2024-12-12T00:00:00
3020,Reengagement Email Campaign 03020,Reengagement,Email,Active,2025-01-04,,5728.04,USD,2024-12-16T00:00:00
3021,Retention Webinar Campaign 03021,Retention,Webinar,Active,2023-10-26,,45075.82,USD,2023-07-19T00:00:00
3022,CustomerEducation Phone Campaign 03022,CustomerEducation,Phone,Completed,2026-01-16,2026-01-31,15451.72,USD,2025-12-28T00:00:00
3023,CustomerEducation Webinar Campaign 03023,CustomerEducation,Webinar,Cancelled,2026-01-11,2026-03-13,,USD,2025-11-20T00:00:00
3024,Awareness Web Campaign 03024,Awareness,Web,Cancelled,2026-04-23,2026-06-27,10610.90,USD,2026-02-16T00:00:00
3025,Awareness Event Campaign 03025,Awareness,Event,Active,2025-02-28,,84717.32,USD,2024-11-05T00:00:00
3026,Retention Webinar Campaign 03026,Retention,Webinar,Completed,2024-11-07,2024-12-20,20290.48,USD,2024-07-10T00:00:00
3027,CustomerEducation Email Campaign 03027,CustomerEducation,Email,Active,2023-09-02,,,USD,2023-05-25T00:00:00
3028,Reengagement Email Campaign 03028,Reengagement,Email,Active,2023-07-13,,111627.48,USD,2023-04-14T00:00:00
3029,Nurture Email Campaign 03029,Nurture,Email,Draft,2026-11-10,,13513.50,USD,2026-09-08T00:00:00
3030,Retention Email Campaign 03030,Retention,Email,Active,2024-12-27,,24429.72,USD,2024-12-15T00:00:00
3031,Awareness Web Campaign 03031,Awareness,Web,Draft,2026-08-30,,,USD,2026-06-16T00:00:00
3032,Awareness Email Campaign 03032,Awareness,Email,Active,2023-12-26,,5883.60,USD,2023-10-07T00:00:00
3033,Awareness Web Campaign 03033,Awareness,Web,Draft,2026-12-23,,10679.01,USD,2026-08-25T00:00:00
3034,CustomerEducation Phone Campaign 03034,CustomerEducation,Phone,Active,2024-12-21,,5622.33,USD,2024-09-29T00:00:00
3035,Retention Web Campaign 03035,Retention,Web,Cancelled,2023-07-22,2023-08-13,8838.88,USD,2023-03-29T00:00:00
3036,Reengagement Web Campaign 03036,Reengagement,Web,Completed,2026-01-03,2026-03-20,5499.79,USD,2025-11-16T00:00:00
3037,Awareness Social Campaign 03037,Awareness,Social,Cancelled,2024-12-25,2025-01-18,8528.30,USD,2024-11-08T00:00:00
3038,Awareness Social Campaign 03038,Awareness,Social,Scheduled,2026-11-04,2027-03-02,22960.10,USD,2026-10-25T00:00:00
3039,Retention Social Campaign 03039,Retention,Social,Active,2025-02-23,,5466.68,USD,2024-11-09T00:00:00
3040,Nurture Event Campaign 03040,Nurture,Event,Completed,2024-11-22,2025-02-18,6107.17,USD,2024-07-26T00:00:00
3041,Retention Phone Campaign 03041,Retention,Phone,Completed,2023-06-12,2023-06-30,9916.30,USD,2023-05-19T00:00:00
3042,Reengagement Social Campaign 03042,Reengagement,Social,Scheduled,2026-09-18,2026-10-30,,USD,2026-07-21T00:00:00
3043,CustomerEducation Event Campaign 03043,CustomerEducation,Event,Draft,2026-09-09,,8099.25,USD,2026-07-14T00:00:00
3044,Retention Email Campaign 03044,Retention,Email,Completed,2023-07-15,2023-08-20,6485.09,USD,2023-06-01T00:00:00
3045,Retention Web Campaign 03045,Retention,Web,Completed,2024-11-13,2024-12-31,5524.33,USD,2024-11-06T00:00:00
3046,CustomerEducation Social Campaign 03046,CustomerEducation,Social,Completed,2026-02-02,2026-04-12,12878.48,USD,2025-10-28T00:00:00
3047,Awareness Web Campaign 03047,Awareness,Web,Completed,2026-01-25,2026-04-12,,USD,2026-01-17T00:00:00
3048,Retention Social Campaign 03048,Retention,Social,Completed,2025-10-30,2026-01-01,16354.96,USD,2025-07-10T00:00:00
3049,Retention Web Campaign 03049,Retention,Web,Completed,2025-11-16,2026-01-28,5419.02,USD,2025-10-30T00:00:00
3050,CustomerEducation Phone Campaign 03050,CustomerEducation,Phone,Cancelled,2023-09-13,2023-12-10,7461.65,USD,2023-08-26T00:00:00
3051,Awareness Social Campaign 03051,Awareness,Social,Draft,2026-09-06,,,USD,2026-08-20T00:00:00
3052,Retention Phone Campaign 03052,Retention,Phone,Scheduled,2026-11-12,2026-12-23,,USD,2026-10-16T00:00:00
3053,Reengagement Social Campaign 03053,Reengagement,Social,Completed,2024-12-06,2024-12-13,46820.08,USD,2024-10-09T00:00:00
3054,Nurture Email Campaign 03054,Nurture,Email,Active,2023-10-02,,96305.04,USD,2023-06-07T00:00:00
3055,Awareness Webinar Campaign 03055,Awareness,Webinar,Draft,2027-01-10,,7305.26,USD,2026-09-30T00:00:00
3056,Nurture Social Campaign 03056,Nurture,Social,Completed,2024-12-20,2024-12-29,,USD,2024-10-22T00:00:00
3057,Reengagement Web Campaign 03057,Reengagement,Web,Active,2024-11-13,,37077.01,USD,2024-08-11T00:00:00
3058,Reengagement Phone Campaign 03058,Reengagement,Phone,Active,2024-12-08,,21667.70,USD,2024-11-24T00:00:00
3059,Awareness Phone Campaign 03059,Awareness,Phone,Completed,2023-08-27,2023-09-04,10635.23,USD,2023-08-22T00:00:00
3060,Reengagement Email Campaign 03060,Reengagement,Email,Completed,2025-11-30,2025-12-13,5643.08,USD,2025-10-12T00:00:00
3061,Retention Email Campaign 03061,Retention,Email,Completed,2023-10-23,2023-12-29,13078.50,USD,2023-06-28T00:00:00
3062,Retention Email Campaign 03062,Retention,Email,Completed,2026-01-08,2026-04-17,117922.13,USD,2025-09-20T00:00:00
3063,CustomerEducation Webinar Campaign 03063,CustomerEducation,Webinar,Active,2025-12-27,,12385.81,USD,2025-09-01T00:00:00
3064,Reengagement Phone Campaign 03064,Reengagement,Phone,Scheduled,2026-11-09,2026-12-12,10928.61,USD,2026-09-16T00:00:00
3065,Retention Social Campaign 03065,Retention,Social,Cancelled,2023-12-16,2024-03-13,11304.15,USD,2023-10-26T00:00:00
3066,CustomerEducation Web Campaign 03066,CustomerEducation,Web,Completed,2026-01-03,2026-01-20,15561.27,USD,2025-10-04T00:00:00
3067,Reengagement Web Campaign 03067,Reengagement,Web,Completed,2026-02-06,2026-02-24,6289.34,USD,2025-11-11T00:00:00
3068,Nurture Webinar Campaign 03068,Nurture,Webinar,Completed,2023-12-14,2024-04-07,7363.65,USD,2023-09-18T00:00:00
3069,Nurture Email Campaign 03069,Nurture,Email,Active,2023-09-13,,11674.09,USD,2023-07-29T00:00:00
3070,Retention Social Campaign 03070,Retention,Social,Active,2024-09-20,,,USD,2024-06-06T00:00:00
3071,Awareness Email Campaign 03071,Awareness,Email,Active,2026-01-29,,10033.48,USD,2026-01-16T00:00:00
3072,Reengagement Event Campaign 03072,Reengagement,Event,Completed,2026-01-19,2026-04-14,8044.27,USD,2026-01-14T00:00:00
3073,Retention Web Campaign 03073,Retention,Web,Draft,2026-11-15,,10157.32,USD,2026-08-20T00:00:00
3074,Retention Event Campaign 03074,Retention,Event,Active,2023-09-23,,6117.90,USD,2023-08-16T00:00:00
3075,Retention Phone Campaign 03075,Retention,Phone,Completed,2024-10-31,2024-11-22,7396.47,USD,2024-08-30T00:00:00
3076,Nurture Webinar Campaign 03076,Nurture,Webinar,Scheduled,2026-11-18,2026-12-18,6884.01,USD,2026-10-13T00:00:00
3077,Awareness Event Campaign 03077,Awareness,Event,Scheduled,2026-12-26,2027-01-25,5302.63,USD,2026-10-15T00:00:00
3078,Awareness Social Campaign 03078,Awareness,Social,Active,2026-02-27,,8487.01,USD,2025-11-09T00:00:00
3079,Awareness Email Campaign 03079,Awareness,Email,Active,2024-12-21,,13366.71,USD,2024-10-11T00:00:00
3080,CustomerEducation Web Campaign 03080,CustomerEducation,Web,Active,2026-02-25,,12349.53,USD,2026-02-09T00:00:00
3081,Reengagement Email Campaign 03081,Reengagement,Email,Draft,2026-12-30,,8209.63,USD,2026-09-01T00:00:00
3082,CustomerEducation Phone Campaign 03082,CustomerEducation,Phone,Scheduled,2026-09-07,2026-12-22,,USD,2026-08-08T00:00:00
3083,Retention Phone Campaign 03083,Retention,Phone,Completed,2024-11-12,2024-12-11,8636.22,USD,2024-08-31T00:00:00
3084,Reengagement Email Campaign 03084,Reengagement,Email,Active,2023-11-23,,5304.76,USD,2023-10-31T00:00:00
3085,Retention Web Campaign 03085,Retention,Web,Scheduled,2026-09-09,2027-01-02,,USD,2026-05-14T00:00:00
3086,CustomerEducation Event Campaign 03086,CustomerEducation,Event,Active,2025-01-10,,7391.15,USD,2024-12-08T00:00:00
3087,Awareness Event Campaign 03087,Awareness,Event,Completed,2025-12-21,2026-02-20,108268.59,USD,2025-08-30T00:00:00
3088,CustomerEducation Email Campaign 03088,CustomerEducation,Email,Scheduled,2026-11-11,2027-01-19,5142.66,USD,2026-10-07T00:00:00
3089,CustomerEducation Event Campaign 03089,CustomerEducation,Event,Completed,2023-07-25,2023-09-25,69965.33,USD,2023-04-12T00:00:00
3090,Awareness Web Campaign 03090,Awareness,Web,Active,2023-11-17,,11051.62,USD,2023-10-18T00:00:00
3091,Nurture Event Campaign 03091,Nurture,Event,Completed,2025-02-19,2025-04-27,5816.87,USD,2024-10-28T00:00:00
3092,Retention Web Campaign 03092,Retention,Web,Active,2024-10-21,,5543.30,USD,2024-07-04T00:00:00
3093,Awareness Email Campaign 03093,Awareness,Email,Completed,2023-08-25,2023-11-04,6605.11,USD,2023-07-28T00:00:00
3094,CustomerEducation Event Campaign 03094,CustomerEducation,Event,Cancelled,2026-02-28,2026-06-15,12699.78,USD,2026-01-27T00:00:00
3095,Awareness Email Campaign 03095,Awareness,Email,Completed,2024-10-18,2025-02-13,,USD,2024-07-15T00:00:00
3096,Nurture Email Campaign 03096,Nurture,Email,Scheduled,2027-01-01,2027-02-10,21824.06,USD,2026-10-25T00:00:00
3097,Nurture Phone Campaign 03097,Nurture,Phone,Active,2025-03-10,,11123.07,USD,2025-03-02T00:00:00
3098,Reengagement Webinar Campaign 03098,Reengagement,Webinar,Completed,2023-08-02,2023-10-21,250652.91,USD,2023-05-29T00:00:00
3099,Nurture Webinar Campaign 03099,Nurture,Webinar,Completed,2023-07-02,2023-07-21,,USD,2023-03-15T00:00:00
3100,Nurture Webinar Campaign 03100,Nurture,Webinar,Completed,2025-01-18,2025-01-25,5931.56,USD,2024-12-29T00:00:00
3101,Nurture Social Campaign 03101,Nurture,Social,Cancelled,2025-12-19,2026-01-16,10165.43,USD,2025-12-12T00:00:00
3102,Reengagement Webinar Campaign 03102,Reengagement,Webinar,Active,2023-10-31,,9298.64,USD,2023-08-03T00:00:00
3103,Retention Webinar Campaign 03103,Retention,Webinar,Active,2023-07-20,,7127.02,USD,2023-07-11T00:00:00
3104,Nurture Phone Campaign 03104,Nurture,Phone,Cancelled,2023-11-25,2024-03-13,10774.16,USD,2023-11-15T00:00:00
3105,Nurture Event Campaign 03105,Nurture,Event,Active,2023-06-12,,21901.61,USD,2023-04-24T00:00:00
3106,Nurture Web Campaign 03106,Nurture,Web,Completed,2023-10-03,2023-12-31,5628.91,USD,2023-08-22T00:00:00
3107,Nurture Web Campaign 03107,Nurture,Web,Scheduled,2026-09-06,2026-12-21,9517.00,USD,2026-08-27T00:00:00
3108,CustomerEducation Web Campaign 03108,CustomerEducation,Web,Completed,2025-11-11,2026-03-05,19732.95,USD,2025-10-08T00:00:00
3109,Nurture Web Campaign 03109,Nurture,Web,Completed,2025-01-18,2025-03-11,32033.70,USD,2024-11-25T00:00:00
3110,Reengagement Webinar Campaign 03110,Reengagement,Webinar,Scheduled,2026-09-10,2026-10-10,13096.87,USD,2026-06-08T00:00:00
3111,Awareness Email Campaign 03111,Awareness,Email,Active,2024-12-01,,,USD,2024-11-26T00:00:00
3112,CustomerEducation Web Campaign 03112,CustomerEducation,Web,Completed,2024-12-11,2025-01-06,6170.90,USD,2024-11-03T00:00:00
3113,Nurture Email Campaign 03113,Nurture,Email,Active,2025-12-24,,6448.56,USD,2025-10-06T00:00:00
3114,Reengagement Phone Campaign 03114,Reengagement,Phone,Draft,2026-12-25,,8250.28,USD,2026-12-02T00:00:00
3115,CustomerEducation Social Campaign 03115,CustomerEducation,Social,Completed,2026-01-22,2026-04-15,5926.43,USD,2025-10-08T00:00:00
3116,Nurture Social Campaign 03116,Nurture,Social,Draft,2026-12-28,,17458.72,USD,2026-11-02T00:00:00
3117,CustomerEducation Webinar Campaign 03117,CustomerEducation,Webinar,Completed,2025-12-27,2026-02-18,,USD,2025-11-04T00:00:00
3118,Retention Email Campaign 03118,Retention,Email,Completed,2026-03-03,2026-04-08,9660.05,USD,2026-02-03T00:00:00
3119,Awareness Social Campaign 03119,Awareness,Social,Active,2023-09-02,,6078.93,USD,2023-08-12T00:00:00
3120,Nurture Social Campaign 03120,Nurture,Social,Scheduled,2026-09-16,2026-11-24,7895.73,USD,2026-08-31T00:00:00
3121,Retention Email Campaign 03121,Retention,Email,Draft,2026-09-07,,5056.28,USD,2026-06-02T00:00:00
3122,Awareness Webinar Campaign 03122,Awareness,Webinar,Scheduled,2026-11-04,2027-01-21,7240.16,USD,2026-07-19T00:00:00
3123,Retention Phone Campaign 03123,Retention,Phone,Completed,2026-03-07,2026-06-21,6440.41,USD,2025-11-28T00:00:00
3124,Retention Event Campaign 03124,Retention,Event,Draft,2027-01-01,,11184.06,USD,2026-09-10T00:00:00
3125,Reengagement Email Campaign 03125,Reengagement,Email,Completed,2026-01-03,2026-02-26,12865.43,USD,2025-12-23T00:00:00
3126,CustomerEducation Web Campaign 03126,CustomerEducation,Web,Completed,2023-08-11,2023-11-28,6300.47,USD,2023-06-11T00:00:00
3127,CustomerEducation Webinar Campaign 03127,CustomerEducation,Webinar,Draft,2026-11-03,,8420.27,USD,2026-07-07T00:00:00
3128,Retention Webinar Campaign 03128,Retention,Webinar,Completed,2024-10-27,2025-01-05,5520.62,USD,2024-09-14T00:00:00
3129,CustomerEducation Web Campaign 03129,CustomerEducation,Web,Completed,2024-11-29,2025-02-14,,USD,2024-11-02T00:00:00
3130,CustomerEducation Webinar Campaign 03130,CustomerEducation,Webinar,Completed,2024-10-25,2025-02-01,5012.67,USD,2024-07-05T00:00:00
3131,Awareness Webinar Campaign 03131,Awareness,Webinar,Active,2025-11-08,,8545.58,USD,2025-11-01T00:00:00
3132,Reengagement Event Campaign 03132,Reengagement,Event,Scheduled,2026-09-09,2026-12-11,6394.70,USD,2026-08-18T00:00:00
3133,CustomerEducation Web Campaign 03133,CustomerEducation,Web,Active,2024-12-30,,5280.50,USD,2024-12-29T00:00:00
3134,Reengagement Webinar Campaign 03134,Reengagement,Webinar,Active,2023-09-30,,,USD,2023-07-22T00:00:00
3135,Awareness Phone Campaign 03135,Awareness,Phone,Cancelled,2025-12-21,2026-01-24,157223.51,USD,2025-12-13T00:00:00
3136,Retention Email Campaign 03136,Retention,Email,Completed,2025-01-09,2025-01-23,10306.15,USD,2024-10-23T00:00:00
3137,Reengagement Event Campaign 03137,Reengagement,Event,Completed,2024-12-31,2025-04-12,5254.57,USD,2024-09-22T00:00:00
3138,CustomerEducation Email Campaign 03138,CustomerEducation,Email,Draft,2026-11-11,,9555.92,USD,2026-10-03T00:00:00
3139,Reengagement Web Campaign 03139,Reengagement,Web,Completed,2023-11-02,2023-12-09,5574.29,USD,2023-08-28T00:00:00
3140,Awareness Event Campaign 03140,Awareness,Event,Completed,2024-12-22,2025-02-13,8685.17,USD,2024-11-26T00:00:00
3141,Reengagement Event Campaign 03141,Reengagement,Event,Draft,2026-12-20,,14606.94,USD,2026-09-23T00:00:00
3142,CustomerEducation Social Campaign 03142,CustomerEducation,Social,Active,2024-11-09,,,USD,2024-09-09T00:00:00
3143,Retention Social Campaign 03143,Retention,Social,Completed,2023-11-06,2024-02-22,15530.19,USD,2023-09-02T00:00:00
3144,Nurture Email Campaign 03144,Nurture,Email,Active,2024-11-14,,,USD,2024-09-25T00:00:00
3145,Awareness Phone Campaign 03145,Awareness,Phone,Completed,2025-11-16,2026-01-11,5793.57,USD,2025-09-03T00:00:00
3146,Retention Phone Campaign 03146,Retention,Phone,Completed,2023-12-11,2024-02-20,5022.99,USD,2023-10-28T00:00:00
3147,Retention Phone Campaign 03147,Retention,Phone,Completed,2026-02-04,2026-03-30,12905.15,USD,2026-01-11T00:00:00
3148,Reengagement Web Campaign 03148,Reengagement,Web,Completed,2023-11-30,2024-02-04,29712.21,USD,2023-11-04T00:00:00
3149,Nurture Phone Campaign 03149,Nurture,Phone,Completed,2026-02-02,2026-03-27,7150.26,USD,2025-10-30T00:00:00
3150,Reengagement Webinar Campaign 03150,Reengagement,Webinar,Active,2023-08-07,,10449.88,USD,2023-06-02T00:00:00
3151,Awareness Webinar Campaign 03151,Awareness,Webinar,Completed,2023-08-16,2023-09-24,18686.26,USD,2023-07-06T00:00:00
3152,Awareness Social Campaign 03152,Awareness,Social,Active,2026-05-06,,37176.11,USD,2026-04-29T00:00:00
3153,Reengagement Email Campaign 03153,Reengagement,Email,Scheduled,2026-08-30,2026-10-21,,USD,2026-08-16T00:00:00
3154,Reengagement Social Campaign 03154,Reengagement,Social,Completed,2024-11-29,2025-03-02,1077328.22,USD,2024-10-03T00:00:00
3155,Reengagement Email Campaign 03155,Reengagement,Email,Completed,2025-01-01,2025-02-04,33414.69,USD,2024-11-14T00:00:00
3156,CustomerEducation Phone Campaign 03156,CustomerEducation,Phone,Draft,2027-01-01,,11873.08,USD,2026-11-08T00:00:00
3157,Reengagement Phone Campaign 03157,Reengagement,Phone,Completed,2024-12-02,2025-03-07,5991.82,USD,2024-11-09T00:00:00
3158,Nurture Social Campaign 03158,Nurture,Social,Completed,2025-11-28,2025-12-18,25913.66,USD,2025-08-11T00:00:00
3159,CustomerEducation Social Campaign 03159,CustomerEducation,Social,Scheduled,2026-08-28,2026-12-03,5288.19,USD,2026-05-10T00:00:00
3160,Reengagement Social Campaign 03160,Reengagement,Social,Completed,2025-01-21,2025-03-13,,USD,2024-10-26T00:00:00
3161,CustomerEducation Social Campaign 03161,CustomerEducation,Social,Completed,2023-09-28,2023-12-02,,USD,2023-07-25T00:00:00
3162,Retention Social Campaign 03162,Retention,Social,Scheduled,2026-09-03,2026-10-31,30458.45,USD,2026-06-21T00:00:00
3163,CustomerEducation Webinar Campaign 03163,CustomerEducation,Webinar,Completed,2023-08-16,2023-10-05,7613.14,USD,2023-05-03T00:00:00
3164,Awareness Web Campaign 03164,Awareness,Web,Draft,2026-11-14,,14691.90,USD,2026-09-22T00:00:00
3165,CustomerEducation Event Campaign 03165,CustomerEducation,Event,Active,2023-09-01,,9848.47,USD,2023-05-12T00:00:00
3166,Reengagement Webinar Campaign 03166,Reengagement,Webinar,Cancelled,2023-09-05,2023-12-10,6506.51,USD,2023-05-24T00:00:00
3167,Nurture Social Campaign 03167,Nurture,Social,Scheduled,2026-09-05,2027-01-02,5584.10,USD,2026-07-17T00:00:00
3168,Nurture Social Campaign 03168,Nurture,Social,Active,2023-07-29,,6947.63,USD,2023-06-07T00:00:00
3169,CustomerEducation Social Campaign 03169,CustomerEducation,Social,Draft,2026-11-06,,8480.70,USD,2026-09-14T00:00:00
3170,CustomerEducation Phone Campaign 03170,CustomerEducation,Phone,Completed,2023-10-01,2023-12-01,197419.07,USD,2023-09-06T00:00:00
3171,Nurture Phone Campaign 03171,Nurture,Phone,Active,2026-02-06,,,USD,2025-12-16T00:00:00
3172,Retention Webinar Campaign 03172,Retention,Webinar,Active,2026-02-23,,17696.72,USD,2025-12-12T00:00:00
3173,Nurture Email Campaign 03173,Nurture,Email,Completed,2023-11-04,2023-12-16,5415.41,USD,2023-09-05T00:00:00
3174,Reengagement Social Campaign 03174,Reengagement,Social,Cancelled,2023-09-15,2023-09-22,10479.34,USD,2023-06-27T00:00:00
3175,Nurture Phone Campaign 03175,Nurture,Phone,Scheduled,2026-11-10,2026-12-20,6168.19,USD,2026-08-30T00:00:00
3176,Reengagement Web Campaign 03176,Reengagement,Web,Completed,2023-08-23,2023-11-30,8286.22,USD,2023-05-07T00:00:00
3177,Awareness Event Campaign 03177,Awareness,Event,Scheduled,2027-01-02,2027-02-03,7207.95,USD,2026-12-02T00:00:00
3178,Reengagement Email Campaign 03178,Reengagement,Email,Completed,2025-03-14,2025-04-29,11253.32,USD,2025-02-18T00:00:00
3179,Retention Web Campaign 03179,Retention,Web,Completed,2024-11-29,2025-03-10,9256.08,USD,2024-08-14T00:00:00
3180,Nurture Email Campaign 03180,Nurture,Email,Completed,2025-12-13,2026-03-08,,USD,2025-10-17T00:00:00
3181,Awareness Email Campaign 03181,Awareness,Email,Completed,2025-11-15,2026-03-11,25726.04,USD,2025-10-03T00:00:00
3182,Retention Web Campaign 03182,Retention,Web,Completed,2024-10-22,2024-12-01,9877.44,USD,2024-07-04T00:00:00
3183,Retention Email Campaign 03183,Retention,Email,Completed,2023-09-04,2023-09-20,6111.34,USD,2023-08-06T00:00:00
3184,CustomerEducation Social Campaign 03184,CustomerEducation,Social,Completed,2023-07-07,2023-08-20,6210.49,USD,2023-05-09T00:00:00
3185,Reengagement Phone Campaign 03185,Reengagement,Phone,Draft,2026-12-28,,,USD,2026-10-05T00:00:00
3186,CustomerEducation Event Campaign 03186,CustomerEducation,Event,Scheduled,2026-09-12,2026-10-12,7786.19,USD,2026-06-24T00:00:00
3187,Reengagement Web Campaign 03187,Reengagement,Web,Active,2023-09-28,,103469.23,USD,2023-07-15T00:00:00
3188,Reengagement Event Campaign 03188,Reengagement,Event,Active,2023-10-22,,22683.75,USD,2023-07-13T00:00:00
3189,Nurture Event Campaign 03189,Nurture,Event,Cancelled,2024-12-24,2025-03-27,7810.35,USD,2024-09-24T00:00:00
3190,Retention Webinar Campaign 03190,Retention,Webinar,Scheduled,2026-10-29,2026-12-22,,USD,2026-09-12T00:00:00
3191,Awareness Webinar Campaign 03191,Awareness,Webinar,Scheduled,2027-01-01,2027-03-21,6031.97,USD,2026-12-25T00:00:00
3192,Awareness Web Campaign 03192,Awareness,Web,Active,2024-12-20,,6696.86,USD,2024-12-16T00:00:00
3193,CustomerEducation Email Campaign 03193,CustomerEducation,Email,Completed,2023-08-20,2023-09-02,,USD,2023-05-13T00:00:00
3194,CustomerEducation Social Campaign 03194,CustomerEducation,Social,Draft,2027-01-08,,9069.25,USD,2026-11-27T00:00:00
3195,Retention Social Campaign 03195,Retention,Social,Cancelled,2025-01-08,2025-01-29,6838.01,USD,2024-10-14T00:00:00
3196,Retention Phone Campaign 03196,Retention,Phone,Completed,2025-12-07,2026-01-06,7857.72,USD,2025-10-10T00:00:00
3197,Reengagement Web Campaign 03197,Reengagement,Web,Active,2023-08-12,,15515.37,USD,2023-05-14T00:00:00
3198,Awareness Phone Campaign 03198,Awareness,Phone,Draft,2027-01-08,,,USD,2026-11-13T00:00:00
3199,Reengagement Webinar Campaign 03199,Reengagement,Webinar,Completed,2023-09-26,2023-11-10,,USD,2023-07-20T00:00:00
3200,Reengagement Event Campaign 03200,Reengagement,Event,Completed,2024-12-23,2025-04-21,6680.03,USD,2024-12-06T00:00:00
3201,Reengagement Social Campaign 03201,Reengagement,Social,Completed,2024-10-30,2025-02-27,11612.81,USD,2024-10-16T00:00:00
3202,Nurture Social Campaign 03202,Nurture,Social,Draft,2026-11-01,,14954.82,USD,2026-07-10T00:00:00
3203,Reengagement Social Campaign 03203,Reengagement,Social,Scheduled,2026-09-12,2026-11-11,7272.82,USD,2026-07-03T00:00:00
3204,Awareness Event Campaign 03204,Awareness,Event,Completed,2025-11-11,2026-02-27,8948.16,USD,2025-08-10T00:00:00
3205,Retention Webinar Campaign 03205,Retention,Webinar,Completed,2026-03-04,2026-04-29,11862.72,USD,2025-11-08T00:00:00
3206,Nurture Email Campaign 03206,Nurture,Email,Active,2023-06-18,,,USD,2023-03-15T00:00:00
3207,Nurture Social Campaign 03207,Nurture,Social,Cancelled,2024-11-16,2024-12-22,6002.76,USD,2024-11-15T00:00:00
3208,Reengagement Social Campaign 03208,Reengagement,Social,Active,2026-01-11,,16359.87,USD,2025-12-07T00:00:00
3209,Nurture Webinar Campaign 03209,Nurture,Webinar,Scheduled,2026-09-06,2026-10-06,48501.58,USD,2026-06-19T00:00:00
3210,CustomerEducation Event Campaign 03210,CustomerEducation,Event,Scheduled,2026-11-09,2027-01-01,6505.36,USD,2026-09-04T00:00:00
3211,Retention Webinar Campaign 03211,Retention,Webinar,Completed,2024-10-06,2024-10-18,6724.65,USD,2024-08-08T00:00:00
3212,CustomerEducation Web Campaign 03212,CustomerEducation,Web,Completed,2026-01-20,2026-02-06,44917.37,USD,2025-10-22T00:00:00
3213,Nurture Web Campaign 03213,Nurture,Web,Active,2023-09-04,,11320.35,USD,2023-09-02T00:00:00
3214,Retention Social Campaign 03214,Retention,Social,Cancelled,2023-11-05,2024-02-16,27393.60,USD,2023-09-10T00:00:00
3215,CustomerEducation Email Campaign 03215,CustomerEducation,Email,Completed,2024-12-13,2025-03-04,13404.54,USD,2024-10-09T00:00:00
3216,CustomerEducation Social Campaign 03216,CustomerEducation,Social,Completed,2025-12-01,2026-01-20,7616.64,USD,2025-09-10T00:00:00
3217,Nurture Webinar Campaign 03217,Nurture,Webinar,Active,2025-11-15,,8972.94,USD,2025-08-31T00:00:00
3218,CustomerEducation Event Campaign 03218,CustomerEducation,Event,Active,2024-11-02,,12203.74,USD,2024-09-03T00:00:00
3219,Reengagement Email Campaign 03219,Reengagement,Email,Scheduled,2026-09-01,2026-12-07,8738.31,USD,2026-05-05T00:00:00
3220,Retention Web Campaign 03220,Retention,Web,Completed,2025-12-05,2026-02-26,13725.67,USD,2025-09-16T00:00:00
3221,Retention Webinar Campaign 03221,Retention,Webinar,Completed,2025-12-11,2026-02-22,5098.79,USD,2025-09-12T00:00:00
3222,Reengagement Phone Campaign 03222,Reengagement,Phone,Completed,2024-12-21,2025-03-15,34292.33,USD,2024-12-10T00:00:00
3223,CustomerEducation Webinar Campaign 03223,CustomerEducation,Webinar,Active,2026-01-09,,6151.49,USD,2025-12-05T00:00:00
3224,Nurture Email Campaign 03224,Nurture,Email,Active,2023-12-17,,9151.08,USD,2023-12-11T00:00:00
3225,Retention Web Campaign 03225,Retention,Web,Draft,2026-12-25,,,USD,2026-10-31T00:00:00
3226,Retention Phone Campaign 03226,Retention,Phone,Scheduled,2026-11-11,2027-02-11,5325.40,USD,2026-09-05T00:00:00
3227,CustomerEducation Webinar Campaign 03227,CustomerEducation,Webinar,Completed,2026-04-14,2026-05-07,8802.30,USD,2025-12-26T00:00:00
3228,Awareness Event Campaign 03228,Awareness,Event,Active,2025-01-27,,10054.00,USD,2024-11-08T00:00:00
3229,Retention Social Campaign 03229,Retention,Social,Cancelled,2023-09-20,2023-10-17,11517.48,USD,2023-06-18T00:00:00
3230,Retention Event Campaign 03230,Retention,Event,Completed,2023-08-10,2023-11-09,52950.38,USD,2023-04-13T00:00:00
3231,Reengagement Web Campaign 03231,Reengagement,Web,Scheduled,2026-09-14,2026-11-05,9536.50,USD,2026-06-28T00:00:00
3232,Reengagement Social Campaign 03232,Reengagement,Social,Draft,2027-01-05,,20821.79,USD,2026-12-01T00:00:00
3233,Retention Web Campaign 03233,Retention,Web,Completed,2026-05-15,2026-07-24,10702.01,USD,2026-05-05T00:00:00
3234,Awareness Web Campaign 03234,Awareness,Web,Completed,2024-11-08,2025-01-29,11037.57,USD,2024-10-01T00:00:00
3235,CustomerEducation Webinar Campaign 03235,CustomerEducation,Webinar,Completed,2024-11-14,2025-01-22,6657.64,USD,2024-10-27T00:00:00
3236,Reengagement Event Campaign 03236,Reengagement,Event,Completed,2023-08-13,2023-11-08,5391.54,USD,2023-05-25T00:00:00
3237,Retention Event Campaign 03237,Retention,Event,Completed,2023-07-16,2023-08-28,11133.35,USD,2023-06-09T00:00:00
3238,Nurture Web Campaign 03238,Nurture,Web,Active,2024-11-19,,6169.05,USD,2024-09-05T00:00:00
3239,CustomerEducation Social Campaign 03239,CustomerEducation,Social,Scheduled,2026-09-15,2026-11-23,5200.71,USD,2026-05-30T00:00:00
3240,Reengagement Social Campaign 03240,Reengagement,Social,Active,2025-01-30,,5887.65,USD,2024-12-16T00:00:00
3241,Nurture Web Campaign 03241,Nurture,Web,Completed,2023-09-14,2023-10-27,6056.08,USD,2023-07-12T00:00:00
3242,CustomerEducation Event Campaign 03242,CustomerEducation,Event,Active,2023-06-27,,5508.49,USD,2023-05-02T00:00:00
3243,Nurture Webinar Campaign 03243,Nurture,Webinar,Completed,2024-10-15,2024-11-11,7797.39,USD,2024-06-29T00:00:00
3244,Awareness Web Campaign 03244,Awareness,Web,Draft,2027-01-01,,19072.58,USD,2026-10-05T00:00:00
3245,Awareness Social Campaign 03245,Awareness,Social,Active,2025-01-20,,8012.52,USD,2024-10-13T00:00:00
3246,Reengagement Social Campaign 03246,Reengagement,Social,Draft,2026-11-10,,8512.93,USD,2026-10-13T00:00:00
3247,Retention Webinar Campaign 03247,Retention,Webinar,Completed,2025-12-25,2026-03-13,20776.24,USD,2025-09-17T00:00:00
3248,Reengagement Phone Campaign 03248,Reengagement,Phone,Completed,2024-09-25,2024-10-02,21304.07,USD,2024-06-06T00:00:00
3249,Retention Event Campaign 03249,Retention,Event,Scheduled,2026-09-03,2026-10-03,6476.99,USD,2026-06-11T00:00:00
3250,Awareness Web Campaign 03250,Awareness,Web,Completed,2024-12-14,2025-03-01,25507.06,USD,2024-10-18T00:00:00
3251,Retention Event Campaign 03251,Retention,Event,Cancelled,2024-11-03,2025-02-16,6844.82,USD,2024-09-04T00:00:00
3252,Retention Social Campaign 03252,Retention,Social,Completed,2026-03-12,2026-06-21,22236.97,USD,2026-02-03T00:00:00
3253,Nurture Social Campaign 03253,Nurture,Social,Scheduled,2026-09-03,2026-12-30,7391.10,USD,2026-08-10T00:00:00
3254,Reengagement Phone Campaign 03254,Reengagement,Phone,Completed,2024-12-06,2025-02-25,37683.97,USD,2024-10-30T00:00:00
3255,CustomerEducation Phone Campaign 03255,CustomerEducation,Phone,Active,2025-01-11,,17952.73,USD,2024-10-28T00:00:00
3256,Reengagement Web Campaign 03256,Reengagement,Web,Completed,2024-11-20,2025-02-09,26426.94,USD,2024-07-28T00:00:00
3257,Retention Webinar Campaign 03257,Retention,Webinar,Cancelled,2024-12-06,2025-01-05,9549.16,USD,2024-10-21T00:00:00
3258,Reengagement Webinar Campaign 03258,Reengagement,Webinar,Cancelled,2025-01-04,2025-04-13,234026.24,USD,2024-09-20T00:00:00
3259,Retention Social Campaign 03259,Retention,Social,Completed,2023-10-01,2024-01-28,6383.28,USD,2023-09-11T00:00:00
3260,Awareness Phone Campaign 03260,Awareness,Phone,Completed,2024-11-28,2024-12-11,8753.18,USD,2024-07-31T00:00:00
3261,Retention Email Campaign 03261,Retention,Email,Scheduled,2027-01-02,2027-03-18,14159.16,USD,2026-09-08T00:00:00
3262,Awareness Social Campaign 03262,Awareness,Social,Active,2024-12-21,,6570.09,USD,2024-09-20T00:00:00
3263,Nurture Event Campaign 03263,Nurture,Event,Active,2025-12-12,,11037.96,USD,2025-09-21T00:00:00
3264,Awareness Social Campaign 03264,Awareness,Social,Cancelled,2024-10-02,2024-12-30,41771.36,USD,2024-07-03T00:00:00
3265,Awareness Web Campaign 03265,Awareness,Web,Draft,2026-11-14,,6182.14,USD,2026-08-12T00:00:00
3266,Retention Webinar Campaign 03266,Retention,Webinar,Completed,2023-11-04,2024-01-04,5502.36,USD,2023-08-07T00:00:00
3267,Nurture Web Campaign 03267,Nurture,Web,Completed,2023-09-19,2023-12-19,12397.34,USD,2023-09-18T00:00:00
3268,Nurture Web Campaign 03268,Nurture,Web,Completed,2025-11-24,2026-01-26,5828.15,USD,2025-10-02T00:00:00
3269,Retention Email Campaign 03269,Retention,Email,Scheduled,2026-10-30,2027-01-30,6173.06,USD,2026-07-25T00:00:00
3270,Nurture Social Campaign 03270,Nurture,Social,Cancelled,2026-01-23,2026-04-08,6278.18,USD,2025-10-09T00:00:00
3271,Retention Social Campaign 03271,Retention,Social,Draft,2027-01-01,,5191.11,USD,2026-11-11T00:00:00
3272,Retention Webinar Campaign 03272,Retention,Webinar,Active,2026-01-03,,6334.15,USD,2025-11-24T00:00:00
3273,Awareness Web Campaign 03273,Awareness,Web,Completed,2025-12-18,2026-03-12,,USD,2025-10-17T00:00:00
3274,Awareness Event Campaign 03274,Awareness,Event,Completed,2024-11-27,2024-12-14,5895.40,USD,2024-11-25T00:00:00
3275,Reengagement Phone Campaign 03275,Reengagement,Phone,Draft,2026-12-30,,5657.07,USD,2026-12-17T00:00:00
3276,CustomerEducation Web Campaign 03276,CustomerEducation,Web,Completed,2023-06-20,2023-07-12,20251.27,USD,2023-03-12T00:00:00
3277,Reengagement Webinar Campaign 03277,Reengagement,Webinar,Completed,2025-02-17,2025-04-02,5582.80,USD,2025-02-08T00:00:00
3278,Nurture Webinar Campaign 03278,Nurture,Webinar,Completed,2023-09-02,2023-12-19,6689.78,USD,2023-06-10T00:00:00
3279,Awareness Event Campaign 03279,Awareness,Event,Active,2023-07-13,,53665.32,USD,2023-06-07T00:00:00
3280,Reengagement Phone Campaign 03280,Reengagement,Phone,Completed,2025-11-28,2026-03-25,19848.69,USD,2025-08-11T00:00:00
3281,Nurture Social Campaign 03281,Nurture,Social,Completed,2026-01-05,2026-01-23,24127.47,USD,2026-01-01T00:00:00
3282,Nurture Social Campaign 03282,Nurture,Social,Scheduled,2026-11-10,2027-03-10,21483.11,USD,2026-07-28T00:00:00
3283,Nurture Web Campaign 03283,Nurture,Web,Completed,2026-02-04,2026-05-26,6017.93,USD,2025-10-31T00:00:00
3284,CustomerEducation Phone Campaign 03284,CustomerEducation,Phone,Draft,2026-10-26,,5130.84,USD,2026-10-21T00:00:00
3285,Reengagement Social Campaign 03285,Reengagement,Social,Completed,2025-02-06,2025-03-23,8862.48,USD,2024-11-18T00:00:00
3286,Nurture Event Campaign 03286,Nurture,Event,Active,2026-02-17,,6119.90,USD,2025-10-26T00:00:00
3287,CustomerEducation Social Campaign 03287,CustomerEducation,Social,Completed,2025-12-29,2026-04-19,5569.05,USD,2025-12-11T00:00:00
3288,CustomerEducation Social Campaign 03288,CustomerEducation,Social,Completed,2025-02-09,2025-03-25,9126.18,USD,2025-01-22T00:00:00
3289,Nurture Webinar Campaign 03289,Nurture,Webinar,Cancelled,2024-09-28,2025-01-06,30372.04,USD,2024-09-23T00:00:00
3290,Reengagement Email Campaign 03290,Reengagement,Email,Cancelled,2025-10-01,2025-11-16,135204.92,USD,2025-08-11T00:00:00
3291,Reengagement Phone Campaign 03291,Reengagement,Phone,Scheduled,2027-01-02,2027-04-26,7094.03,USD,2026-09-19T00:00:00
3292,Reengagement Email Campaign 03292,Reengagement,Email,Active,2023-11-24,,5886.20,USD,2023-09-16T00:00:00
3293,Awareness Webinar Campaign 03293,Awareness,Webinar,Draft,2026-11-01,,5142.51,USD,2026-07-25T00:00:00
3294,CustomerEducation Webinar Campaign 03294,CustomerEducation,Webinar,Completed,2026-04-03,2026-06-13,22225.45,USD,2026-01-27T00:00:00
3295,Nurture Webinar Campaign 03295,Nurture,Webinar,Active,2023-07-23,,17959.66,USD,2023-04-23T00:00:00
3296,Retention Webinar Campaign 03296,Retention,Webinar,Completed,2025-10-21,2026-01-31,21407.81,USD,2025-08-18T00:00:00
3297,Retention Webinar Campaign 03297,Retention,Webinar,Completed,2023-09-17,2023-10-12,7637.31,USD,2023-06-25T00:00:00
3298,Awareness Web Campaign 03298,Awareness,Web,Completed,2024-11-26,2025-02-26,6002.53,USD,2024-09-19T00:00:00
3299,Nurture Phone Campaign 03299,Nurture,Phone,Completed,2024-12-11,2025-04-07,8741.66,USD,2024-10-12T00:00:00
3300,Awareness Event Campaign 03300,Awareness,Event,Cancelled,2023-10-23,2023-12-23,5322.58,USD,2023-09-05T00:00:00
3301,Reengagement Event Campaign 03301,Reengagement,Event,Completed,2024-12-16,2025-03-02,13265.87,USD,2024-09-30T00:00:00
3302,Awareness Phone Campaign 03302,Awareness,Phone,Active,2023-11-07,,7359.66,USD,2023-11-03T00:00:00
3303,Retention Social Campaign 03303,Retention,Social,Completed,2023-10-10,2024-02-01,9183.48,USD,2023-08-31T00:00:00
3304,Reengagement Phone Campaign 03304,Reengagement,Phone,Completed,2025-12-08,2026-01-09,6068.04,USD,2025-09-25T00:00:00
3305,Retention Phone Campaign 03305,Retention,Phone,Active,2026-01-10,,17881.48,USD,2025-10-19T00:00:00
3306,CustomerEducation Webinar Campaign 03306,CustomerEducation,Webinar,Draft,2026-09-19,,10896.01,USD,2026-09-17T00:00:00
3307,Awareness Webinar Campaign 03307,Awareness,Webinar,Active,2026-03-08,,56799.90,USD,2026-01-03T00:00:00
3308,CustomerEducation Phone Campaign 03308,CustomerEducation,Phone,Completed,2025-12-11,2026-03-11,6947.39,USD,2025-08-17T00:00:00
3309,Reengagement Web Campaign 03309,Reengagement,Web,Completed,2023-10-10,2024-02-02,8232.04,USD,2023-06-23T00:00:00
3310,Nurture Email Campaign 03310,Nurture,Email,Completed,2026-01-16,2026-02-21,,USD,2025-11-24T00:00:00
3311,Awareness Webinar Campaign 03311,Awareness,Webinar,Draft,2026-11-17,,9370.47,USD,2026-09-27T00:00:00
3312,Awareness Email Campaign 03312,Awareness,Email,Active,2023-09-18,,,USD,2023-05-26T00:00:00
3313,Retention Phone Campaign 03313,Retention,Phone,Completed,2024-10-29,2025-01-01,10168.26,USD,2024-09-02T00:00:00
3314,CustomerEducation Social Campaign 03314,CustomerEducation,Social,Scheduled,2026-10-25,2026-11-24,5705.87,USD,2026-10-08T00:00:00
3315,CustomerEducation Social Campaign 03315,CustomerEducation,Social,Active,2024-12-10,,14230.58,USD,2024-11-25T00:00:00
3316,Retention Webinar Campaign 03316,Retention,Webinar,Cancelled,2024-12-10,2025-02-11,5012.35,USD,2024-10-30T00:00:00
3317,Retention Email Campaign 03317,Retention,Email,Completed,2026-01-23,2026-03-30,26488.43,USD,2025-11-17T00:00:00
3318,Reengagement Phone Campaign 03318,Reengagement,Phone,Active,2023-09-27,,6755.35,USD,2023-08-28T00:00:00
3319,Reengagement Web Campaign 03319,Reengagement,Web,Scheduled,2026-10-30,2027-02-04,,USD,2026-10-16T00:00:00
3320,Retention Web Campaign 03320,Retention,Web,Active,2026-01-07,,12730.86,USD,2025-12-30T00:00:00
3321,Awareness Event Campaign 03321,Awareness,Event,Completed,2026-01-11,2026-03-16,45759.32,USD,2026-01-01T00:00:00
3322,Reengagement Web Campaign 03322,Reengagement,Web,Active,2024-09-08,,14920.35,USD,2024-07-02T00:00:00
3323,Awareness Phone Campaign 03323,Awareness,Phone,Completed,2025-11-23,2026-02-22,8105.47,USD,2025-10-11T00:00:00
3324,Nurture Phone Campaign 03324,Nurture,Phone,Completed,2026-01-27,2026-05-25,5717.64,USD,2025-12-31T00:00:00
3325,Reengagement Email Campaign 03325,Reengagement,Email,Active,2026-02-14,,6127.95,USD,2026-02-06T00:00:00
3326,Nurture Webinar Campaign 03326,Nurture,Webinar,Completed,2026-01-16,2026-04-12,6459.02,USD,2025-10-25T00:00:00
3327,Reengagement Phone Campaign 03327,Reengagement,Phone,Active,2023-10-06,,87411.88,USD,2023-09-23T00:00:00
3328,CustomerEducation Social Campaign 03328,CustomerEducation,Social,Active,2023-09-05,,19816.24,USD,2023-07-01T00:00:00
3329,Nurture Webinar Campaign 03329,Nurture,Webinar,Completed,2024-09-05,2024-10-24,20375.72,USD,2024-06-24T00:00:00
3330,Nurture Webinar Campaign 03330,Nurture,Webinar,Scheduled,2026-11-15,2026-12-26,,USD,2026-09-11T00:00:00
3331,Retention Social Campaign 03331,Retention,Social,Scheduled,2026-12-21,2027-01-20,8049.61,USD,2026-12-13T00:00:00
3332,Nurture Social Campaign 03332,Nurture,Social,Completed,2025-11-28,2026-01-02,16712.39,USD,2025-11-08T00:00:00
3333,Nurture Web Campaign 03333,Nurture,Web,Cancelled,2025-01-06,2025-02-08,81925.71,USD,2024-10-13T00:00:00
3334,CustomerEducation Web Campaign 03334,CustomerEducation,Web,Completed,2024-12-13,2025-04-03,6738.57,USD,2024-11-05T00:00:00
3335,Awareness Event Campaign 03335,Awareness,Event,Completed,2024-11-10,2025-01-27,6711.26,USD,2024-07-29T00:00:00
3336,CustomerEducation Social Campaign 03336,CustomerEducation,Social,Completed,2024-10-31,2024-12-04,8582.43,USD,2024-07-16T00:00:00
3337,Nurture Email Campaign 03337,Nurture,Email,Completed,2023-09-10,2023-11-18,5147.65,USD,2023-09-06T00:00:00
3338,CustomerEducation Email Campaign 03338,CustomerEducation,Email,Completed,2025-12-03,2025-12-28,7496.29,USD,2025-08-22T00:00:00
3339,CustomerEducation Event Campaign 03339,CustomerEducation,Event,Cancelled,2025-03-08,2025-05-02,22285.95,USD,2025-01-01T00:00:00
3340,Awareness Event Campaign 03340,Awareness,Event,Completed,2025-01-13,2025-05-07,9124.35,USD,2025-01-05T00:00:00
3341,Nurture Event Campaign 03341,Nurture,Event,Scheduled,2026-11-13,2026-12-29,18450.70,USD,2026-09-09T00:00:00
3342,Reengagement Social Campaign 03342,Reengagement,Social,Active,2024-09-26,,19166.57,USD,2024-07-13T00:00:00
3343,Awareness Social Campaign 03343,Awareness,Social,Draft,2027-01-03,,265936.67,USD,2027-01-01T00:00:00
3344,Nurture Web Campaign 03344,Nurture,Web,Completed,2026-03-15,2026-05-30,7652.02,USD,2025-12-07T00:00:00
3345,Reengagement Email Campaign 03345,Reengagement,Email,Completed,2024-12-01,2025-03-31,7834.15,USD,2024-10-12T00:00:00
3346,Reengagement Webinar Campaign 03346,Reengagement,Webinar,Scheduled,2026-12-26,2027-04-06,9468.55,USD,2026-12-12T00:00:00
3347,Reengagement Phone Campaign 03347,Reengagement,Phone,Completed,2023-07-30,2023-10-02,,USD,2023-04-14T00:00:00
3348,Awareness Event Campaign 03348,Awareness,Event,Active,2023-11-17,,5569.29,USD,2023-10-03T00:00:00
3349,Nurture Social Campaign 03349,Nurture,Social,Completed,2023-07-08,2023-09-02,6001.56,USD,2023-05-30T00:00:00
3350,Nurture Social Campaign 03350,Nurture,Social,Completed,2026-03-21,2026-05-04,81932.01,USD,2026-03-07T00:00:00
3351,CustomerEducation Webinar Campaign 03351,CustomerEducation,Webinar,Active,2023-08-31,,11595.22,USD,2023-07-31T00:00:00
3352,Reengagement Webinar Campaign 03352,Reengagement,Webinar,Completed,2024-12-14,2025-03-10,13755.82,USD,2024-11-14T00:00:00
3353,CustomerEducation Phone Campaign 03353,CustomerEducation,Phone,Active,2025-02-10,,5873.23,USD,2024-12-27T00:00:00
3354,Awareness Social Campaign 03354,Awareness,Social,Active,2026-01-26,,13456.73,USD,2025-12-13T00:00:00
3355,CustomerEducation Webinar Campaign 03355,CustomerEducation,Webinar,Completed,2024-12-27,2025-01-20,9458.13,USD,2024-12-23T00:00:00
3356,CustomerEducation Event Campaign 03356,CustomerEducation,Event,Completed,2025-11-03,2026-02-27,7863.82,USD,2025-09-04T00:00:00
3357,Awareness Webinar Campaign 03357,Awareness,Webinar,Completed,2023-08-13,2023-09-20,5525.28,USD,2023-06-08T00:00:00
3358,Awareness Email Campaign 03358,Awareness,Email,Completed,2026-03-11,2026-03-18,7162.99,USD,2025-12-16T00:00:00
3359,CustomerEducation Phone Campaign 03359,CustomerEducation,Phone,Completed,2024-11-04,2025-01-13,5195.87,USD,2024-09-22T00:00:00
3360,Retention Phone Campaign 03360,Retention,Phone,Active,2026-01-26,,7332.03,USD,2025-11-16T00:00:00
3361,CustomerEducation Web Campaign 03361,CustomerEducation,Web,Completed,2023-11-05,2023-12-27,14418.69,USD,2023-11-02T00:00:00
3362,Retention Email Campaign 03362,Retention,Email,Completed,2025-01-27,2025-03-19,5039.01,USD,2024-10-27T00:00:00
3363,Reengagement Email Campaign 03363,Reengagement,Email,Completed,2024-12-27,2025-02-26,7432.17,USD,2024-09-10T00:00:00
3364,Reengagement Email Campaign 03364,Reengagement,Email,Completed,2026-02-21,2026-05-05,9010.46,USD,2025-12-16T00:00:00
3365,Awareness Email Campaign 03365,Awareness,Email,Active,2023-09-03,,5776.05,USD,2023-05-17T00:00:00
3366,Reengagement Email Campaign 03366,Reengagement,Email,Completed,2023-09-30,2023-11-07,33062.76,USD,2023-08-31T00:00:00
3367,Nurture Email Campaign 03367,Nurture,Email,Completed,2023-09-16,2023-11-26,13013.06,USD,2023-07-15T00:00:00
3368,Reengagement Event Campaign 03368,Reengagement,Event,Scheduled,2026-09-17,2026-10-17,6494.29,USD,2026-07-15T00:00:00
3369,Nurture Social Campaign 03369,Nurture,Social,Completed,2024-09-17,2025-01-15,5957.39,USD,2024-07-24T00:00:00
3370,Awareness Event Campaign 03370,Awareness,Event,Active,2023-04-26,,9941.36,USD,2023-02-20T00:00:00
3371,CustomerEducation Email Campaign 03371,CustomerEducation,Email,Active,2026-01-23,,7846.26,USD,2025-11-25T00:00:00
3372,Nurture Email Campaign 03372,Nurture,Email,Scheduled,2026-12-22,2027-01-21,14463.04,USD,2026-11-28T00:00:00
3373,Reengagement Event Campaign 03373,Reengagement,Event,Completed,2023-09-08,2023-11-23,198004.26,USD,2023-08-26T00:00:00
3374,Nurture Social Campaign 03374,Nurture,Social,Scheduled,2026-09-06,2026-10-13,,USD,2026-06-02T00:00:00
3375,Reengagement Phone Campaign 03375,Reengagement,Phone,Completed,2024-12-12,2025-02-07,9099.38,USD,2024-08-16T00:00:00
3376,Nurture Phone Campaign 03376,Nurture,Phone,Active,2025-01-04,,11767.37,USD,2024-10-17T00:00:00
3377,CustomerEducation Phone Campaign 03377,CustomerEducation,Phone,Cancelled,2025-11-28,2025-12-30,11303.56,USD,2025-09-26T00:00:00
3378,Awareness Phone Campaign 03378,Awareness,Phone,Cancelled,2024-11-24,2024-12-10,,USD,2024-09-15T00:00:00
3379,Reengagement Webinar Campaign 03379,Reengagement,Webinar,Completed,2025-02-06,2025-05-27,10320.88,USD,2025-01-08T00:00:00
3380,CustomerEducation Webinar Campaign 03380,CustomerEducation,Webinar,Active,2025-01-04,,7380.66,USD,2024-10-17T00:00:00
3381,Awareness Social Campaign 03381,Awareness,Social,Completed,2024-12-21,2025-02-11,20424.88,USD,2024-11-29T00:00:00
3382,Awareness Event Campaign 03382,Awareness,Event,Completed,2024-12-01,2025-03-30,17038.04,USD,2024-09-07T00:00:00
3383,Retention Webinar Campaign 03383,Retention,Webinar,Completed,2023-10-11,2023-11-16,238809.31,USD,2023-09-01T00:00:00
3384,Nurture Web Campaign 03384,Nurture,Web,Completed,2025-12-03,2025-12-21,152242.07,USD,2025-08-15T00:00:00
3385,Nurture Email Campaign 03385,Nurture,Email,Completed,2025-12-12,2026-01-22,6895.11,USD,2025-10-08T00:00:00
3386,Awareness Phone Campaign 03386,Awareness,Phone,Completed,2024-12-04,2025-01-27,688850.97,USD,2024-11-25T00:00:00
3387,Retention Email Campaign 03387,Retention,Email,Completed,2023-10-17,2024-01-31,7748.03,USD,2023-09-04T00:00:00
3388,Awareness Email Campaign 03388,Awareness,Email,Completed,2023-09-28,2023-11-18,8955.37,USD,2023-08-26T00:00:00
3389,Nurture Webinar Campaign 03389,Nurture,Webinar,Draft,2026-12-30,,76221.32,USD,2026-09-07T00:00:00
3390,Awareness Email Campaign 03390,Awareness,Email,Completed,2025-11-01,2025-12-26,8217.05,USD,2025-08-29T00:00:00
3391,Nurture Email Campaign 03391,Nurture,Email,Draft,2026-09-03,,11730.74,USD,2026-05-15T00:00:00
3392,Reengagement Email Campaign 03392,Reengagement,Email,Completed,2023-09-06,2023-09-25,16320.98,USD,2023-05-18T00:00:00
3393,Reengagement Event Campaign 03393,Reengagement,Event,Active,2025-12-31,,15333.46,USD,2025-12-05T00:00:00
3394,Retention Webinar Campaign 03394,Retention,Webinar,Scheduled,2027-01-06,2027-05-01,8763.20,USD,2026-10-19T00:00:00
3395,Awareness Social Campaign 03395,Awareness,Social,Completed,2024-10-20,2024-11-15,7882.44,USD,2024-10-11T00:00:00
3396,Awareness Social Campaign 03396,Awareness,Social,Active,2024-11-13,,6807.53,USD,2024-10-08T00:00:00
3397,Reengagement Phone Campaign 03397,Reengagement,Phone,Scheduled,2026-08-29,2026-10-25,44585.59,USD,2026-05-15T00:00:00
3398,Reengagement Email Campaign 03398,Reengagement,Email,Active,2025-01-23,,11842.04,USD,2024-12-31T00:00:00
3399,CustomerEducation Webinar Campaign 03399,CustomerEducation,Webinar,Cancelled,2023-09-16,2023-11-18,9194.10,USD,2023-08-10T00:00:00
3400,Retention Phone Campaign 03400,Retention,Phone,Active,2023-10-24,,10581.45,USD,2023-09-24T00:00:00
3401,Reengagement Event Campaign 03401,Reengagement,Event,Active,2026-02-24,,27112.80,USD,2025-11-30T00:00:00
3402,Awareness Phone Campaign 03402,Awareness,Phone,Active,2026-01-31,,39951.15,USD,2026-01-13T00:00:00
3403,Awareness Webinar Campaign 03403,Awareness,Webinar,Scheduled,2026-11-02,2026-12-02,,USD,2026-10-20T00:00:00
3404,Awareness Event Campaign 03404,Awareness,Event,Cancelled,2026-01-06,2026-02-24,8992.76,USD,2025-11-30T00:00:00
3405,Awareness Email Campaign 03405,Awareness,Email,Active,2023-08-04,,6897.00,USD,2023-06-13T00:00:00
3406,CustomerEducation Event Campaign 03406,CustomerEducation,Event,Cancelled,2024-12-04,2025-01-02,20590.44,USD,2024-11-18T00:00:00
3407,CustomerEducation Social Campaign 03407,CustomerEducation,Social,Completed,2023-10-23,2024-02-17,13634.04,USD,2023-09-08T00:00:00
3408,Reengagement Email Campaign 03408,Reengagement,Email,Active,2026-04-15,,17134.53,USD,2026-04-09T00:00:00
3409,Reengagement Webinar Campaign 03409,Reengagement,Webinar,Active,2025-02-11,,16642.92,USD,2025-02-08T00:00:00
3410,CustomerEducation Web Campaign 03410,CustomerEducation,Web,Completed,2025-12-03,2026-02-22,9577.73,USD,2025-10-17T00:00:00
3411,Nurture Web Campaign 03411,Nurture,Web,Completed,2025-12-05,2025-12-15,8993.21,USD,2025-09-05T00:00:00
3412,Nurture Phone Campaign 03412,Nurture,Phone,Completed,2025-02-02,2025-05-21,13232.29,USD,2024-11-20T00:00:00
3413,Retention Web Campaign 03413,Retention,Web,Completed,2024-12-18,2025-04-04,9930.43,USD,2024-11-17T00:00:00
3414,CustomerEducation Web Campaign 03414,CustomerEducation,Web,Completed,2025-12-25,2026-04-01,9714.51,USD,2025-09-21T00:00:00
3415,CustomerEducation Event Campaign 03415,CustomerEducation,Event,Completed,2024-12-25,2025-03-07,7634.03,USD,2024-11-12T00:00:00
3416,Awareness Social Campaign 03416,Awareness,Social,Completed,2024-12-19,2025-02-23,,USD,2024-10-10T00:00:00
3417,Reengagement Webinar Campaign 03417,Reengagement,Webinar,Cancelled,2023-11-26,2023-12-28,12293.27,USD,2023-11-08T00:00:00
3418,CustomerEducation Email Campaign 03418,CustomerEducation,Email,Completed,2024-08-27,2024-10-04,22676.75,USD,2024-05-12T00:00:00
3419,Awareness Email Campaign 03419,Awareness,Email,Active,2024-11-06,,15082.24,USD,2024-10-31T00:00:00
3420,Awareness Email Campaign 03420,Awareness,Email,Completed,2026-01-02,2026-04-09,8499.26,USD,2025-12-28T00:00:00
3421,Retention Phone Campaign 03421,Retention,Phone,Active,2023-09-02,,5695.33,USD,2023-06-27T00:00:00
3422,Awareness Web Campaign 03422,Awareness,Web,Completed,2024-11-19,2025-01-12,195701.31,USD,2024-10-28T00:00:00
3423,Reengagement Social Campaign 03423,Reengagement,Social,Completed,2023-12-08,2024-01-07,10728.61,USD,2023-11-17T00:00:00
3424,Retention Event Campaign 03424,Retention,Event,Active,2026-04-09,,,USD,2026-03-19T00:00:00
3425,Nurture Event Campaign 03425,Nurture,Event,Active,2023-08-06,,61081.89,USD,2023-07-03T00:00:00
3426,Retention Web Campaign 03426,Retention,Web,Completed,2026-02-06,2026-04-03,7111.53,USD,2025-12-03T00:00:00
3427,CustomerEducation Web Campaign 03427,CustomerEducation,Web,Completed,2024-12-08,2025-03-13,,USD,2024-10-24T00:00:00
3428,Nurture Email Campaign 03428,Nurture,Email,Completed,2025-11-27,2026-01-12,,USD,2025-09-29T00:00:00
3429,Retention Web Campaign 03429,Retention,Web,Completed,2025-12-08,2026-03-09,24536.44,USD,2025-10-20T00:00:00
3430,Awareness Phone Campaign 03430,Awareness,Phone,Scheduled,2026-11-12,2026-12-12,60244.69,USD,2026-09-27T00:00:00
3431,Nurture Phone Campaign 03431,Nurture,Phone,Completed,2023-11-12,2024-01-07,37507.04,USD,2023-10-02T00:00:00
3432,Reengagement Webinar Campaign 03432,Reengagement,Webinar,Active,2024-12-07,,6813.36,USD,2024-09-15T00:00:00
3433,CustomerEducation Phone Campaign 03433,CustomerEducation,Phone,Completed,2026-03-10,2026-05-19,78425.88,USD,2025-12-18T00:00:00
3434,Retention Phone Campaign 03434,Retention,Phone,Completed,2023-09-07,2023-12-27,9210.54,USD,2023-06-02T00:00:00
3435,Nurture Event Campaign 03435,Nurture,Event,Active,2024-10-07,,8403.60,USD,2024-09-16T00:00:00
3436,Reengagement Social Campaign 03436,Reengagement,Social,Cancelled,2023-06-28,2023-09-16,8309.15,USD,2023-04-26T00:00:00
3437,Awareness Web Campaign 03437,Awareness,Web,Active,2025-02-18,,9939.83,USD,2024-12-11T00:00:00
3438,Retention Email Campaign 03438,Retention,Email,Scheduled,2026-11-09,2026-12-09,11953.64,USD,2026-09-11T00:00:00
3439,Awareness Social Campaign 03439,Awareness,Social,Completed,2025-12-13,2026-01-08,11941.52,USD,2025-11-05T00:00:00
3440,Reengagement Webinar Campaign 03440,Reengagement,Webinar,Completed,2026-02-13,2026-04-09,,USD,2025-10-24T00:00:00
3441,Reengagement Phone Campaign 03441,Reengagement,Phone,Cancelled,2025-04-05,2025-05-02,7612.82,USD,2024-12-25T00:00:00
3442,Retention Webinar Campaign 03442,Retention,Webinar,Scheduled,2026-11-09,2026-12-11,5831.54,USD,2026-10-20T00:00:00
3443,CustomerEducation Social Campaign 03443,CustomerEducation,Social,Active,2025-12-25,,5331.18,USD,2025-12-17T00:00:00
3444,Reengagement Email Campaign 03444,Reengagement,Email,Completed,2025-01-09,2025-01-25,16754.15,USD,2024-12-02T00:00:00
3445,Awareness Email Campaign 03445,Awareness,Email,Active,2023-10-02,,17799.41,USD,2023-08-09T00:00:00
3446,Nurture Phone Campaign 03446,Nurture,Phone,Active,2026-02-20,,26949.97,USD,2026-01-10T00:00:00
3447,Nurture Social Campaign 03447,Nurture,Social,Completed,2024-12-16,2025-02-09,18548.15,USD,2024-09-19T00:00:00
3448,Retention Event Campaign 03448,Retention,Event,Completed,2024-12-04,2025-03-20,6245.97,USD,2024-09-28T00:00:00
3449,CustomerEducation Social Campaign 03449,CustomerEducation,Social,Draft,2026-09-04,,,USD,2026-05-16T00:00:00
3450,Awareness Phone Campaign 03450,Awareness,Phone,Draft,2027-01-08,,27992.07,USD,2027-01-03T00:00:00
3451,Reengagement Social Campaign 03451,Reengagement,Social,Scheduled,2026-08-28,2026-09-27,11998.24,USD,2026-06-26T00:00:00
3452,Retention Webinar Campaign 03452,Retention,Webinar,Completed,2023-08-13,2023-11-08,5781.08,USD,2023-04-18T00:00:00
3453,CustomerEducation Event Campaign 03453,CustomerEducation,Event,Completed,2023-10-25,2024-01-24,18567.38,USD,2023-08-28T00:00:00
3454,Awareness Phone Campaign 03454,Awareness,Phone,Completed,2024-11-23,2025-01-24,,USD,2024-10-03T00:00:00
3455,Nurture Phone Campaign 03455,Nurture,Phone,Completed,2026-01-17,2026-05-09,8223.99,USD,2025-11-24T00:00:00
3456,Reengagement Web Campaign 03456,Reengagement,Web,Completed,2025-03-16,2025-06-15,5338.68,USD,2025-02-02T00:00:00
3457,CustomerEducation Email Campaign 03457,CustomerEducation,Email,Completed,2023-08-21,2023-09-21,8090.31,USD,2023-07-14T00:00:00
3458,Retention Event Campaign 03458,Retention,Event,Completed,2026-01-01,2026-01-26,8580.24,USD,2025-09-29T00:00:00
3459,Nurture Email Campaign 03459,Nurture,Email,Scheduled,2026-10-27,2027-01-07,18680.85,USD,2026-09-07T00:00:00
3460,Reengagement Webinar Campaign 03460,Reengagement,Webinar,Completed,2025-03-13,2025-06-27,7491.05,USD,2024-12-20T00:00:00
3461,Retention Webinar Campaign 03461,Retention,Webinar,Completed,2025-12-27,2026-03-15,6359.37,USD,2025-11-19T00:00:00
3462,Retention Phone Campaign 03462,Retention,Phone,Active,2026-03-12,,53403.90,USD,2026-03-10T00:00:00
3463,Awareness Email Campaign 03463,Awareness,Email,Cancelled,2024-11-28,2025-01-10,7403.85,USD,2024-08-21T00:00:00
3464,Nurture Webinar Campaign 03464,Nurture,Webinar,Active,2025-12-14,,5075.65,USD,2025-10-15T00:00:00
3465,Reengagement Event Campaign 03465,Reengagement,Event,Cancelled,2026-02-14,2026-05-07,14551.25,USD,2026-01-14T00:00:00
3466,Awareness Event Campaign 03466,Awareness,Event,Active,2026-01-14,,9968.68,USD,2025-12-16T00:00:00
3467,Retention Webinar Campaign 03467,Retention,Webinar,Active,2023-10-26,,7883.80,USD,2023-08-19T00:00:00
3468,CustomerEducation Webinar Campaign 03468,CustomerEducation,Webinar,Scheduled,2026-12-28,2027-04-15,5331.98,USD,2026-09-24T00:00:00
3469,Reengagement Email Campaign 03469,Reengagement,Email,Active,2023-10-13,,8867.09,USD,2023-06-27T00:00:00
3470,CustomerEducation Social Campaign 03470,CustomerEducation,Social,Completed,2025-10-26,2025-12-02,10092.49,USD,2025-09-05T00:00:00
3471,Retention Web Campaign 03471,Retention,Web,Scheduled,2026-09-17,2026-10-17,10294.85,USD,2026-06-11T00:00:00
3472,Awareness Web Campaign 03472,Awareness,Web,Active,2023-09-21,,25479.09,USD,2023-09-16T00:00:00
3473,Awareness Phone Campaign 03473,Awareness,Phone,Completed,2023-11-04,2024-01-20,23438.85,USD,2023-07-25T00:00:00
3474,CustomerEducation Web Campaign 03474,CustomerEducation,Web,Active,2023-09-22,,,USD,2023-05-29T00:00:00
3475,CustomerEducation Web Campaign 03475,CustomerEducation,Web,Active,2025-01-18,,118315.02,USD,2024-11-02T00:00:00
3476,Nurture Webinar Campaign 03476,Nurture,Webinar,Draft,2026-11-15,,25583.43,USD,2026-11-12T00:00:00
3477,Reengagement Webinar Campaign 03477,Reengagement,Webinar,Completed,2023-08-16,2023-10-07,12556.46,USD,2023-04-27T00:00:00
3478,Retention Event Campaign 03478,Retention,Event,Active,2026-01-16,,20695.79,USD,2026-01-05T00:00:00
3479,Nurture Social Campaign 03479,Nurture,Social,Active,2024-12-27,,6649.35,USD,2024-11-13T00:00:00
3480,Reengagement Email Campaign 03480,Reengagement,Email,Completed,2025-12-07,2026-01-25,6316.22,USD,2025-09-18T00:00:00
3481,Retention Event Campaign 03481,Retention,Event,Completed,2023-10-20,2024-02-09,28628.19,USD,2023-08-24T00:00:00
3482,Awareness Social Campaign 03482,Awareness,Social,Active,2023-10-11,,5798.87,USD,2023-07-11T00:00:00
3483,Awareness Social Campaign 03483,Awareness,Social,Completed,2023-08-15,2023-11-21,8834.79,USD,2023-05-04T00:00:00
3484,Retention Phone Campaign 03484,Retention,Phone,Completed,2025-12-08,2025-12-24,6033.67,USD,2025-10-29T00:00:00
3485,Retention Event Campaign 03485,Retention,Event,Completed,2023-08-21,2023-10-04,19635.84,USD,2023-06-27T00:00:00
3486,Nurture Social Campaign 03486,Nurture,Social,Active,2025-01-03,,11999.41,USD,2024-10-03T00:00:00
3487,CustomerEducation Phone Campaign 03487,CustomerEducation,Phone,Scheduled,2026-09-11,2026-12-07,10138.11,USD,2026-09-07T00:00:00
3488,Awareness Social Campaign 03488,Awareness,Social,Completed,2026-01-10,2026-04-22,,USD,2025-12-13T00:00:00
3489,Awareness Social Campaign 03489,Awareness,Social,Completed,2024-11-29,2024-12-28,7266.52,USD,2024-09-04T00:00:00
3490,CustomerEducation Phone Campaign 03490,CustomerEducation,Phone,Completed,2024-10-09,2024-12-15,75019.86,USD,2024-10-05T00:00:00
3491,CustomerEducation Web Campaign 03491,CustomerEducation,Web,Draft,2026-08-28,,18200.46,USD,2026-07-14T00:00:00
3492,CustomerEducation Web Campaign 03492,CustomerEducation,Web,Completed,2023-08-17,2023-08-25,7699.98,USD,2023-05-15T00:00:00
3493,Reengagement Event Campaign 03493,Reengagement,Event,Active,2025-01-14,,18446.45,USD,2024-11-27T00:00:00
3494,Reengagement Web Campaign 03494,Reengagement,Web,Draft,2026-08-27,,60680.13,USD,2026-07-09T00:00:00
3495,Reengagement Event Campaign 03495,Reengagement,Event,Completed,2023-11-08,2023-12-28,7979.90,USD,2023-10-07T00:00:00
3496,Nurture Phone Campaign 03496,Nurture,Phone,Completed,2025-11-24,2025-12-02,8786.34,USD,2025-08-14T00:00:00
3497,Nurture Webinar Campaign 03497,Nurture,Webinar,Draft,2026-12-23,,7442.58,USD,2026-09-15T00:00:00
3498,Retention Phone Campaign 03498,Retention,Phone,Active,2025-01-14,,14719.37,USD,2024-09-23T00:00:00
3499,Nurture Webinar Campaign 03499,Nurture,Webinar,Active,2023-10-22,,7521.40,USD,2023-08-29T00:00:00
3500,Awareness Webinar Campaign 03500,Awareness,Webinar,Completed,2025-10-27,2026-01-12,5371.65,USD,2025-07-26T00:00:00
3501,Reengagement Event Campaign 03501,Reengagement,Event,Completed,2024-12-24,2025-04-05,8327.04,USD,2024-11-18T00:00:00
3502,Reengagement Web Campaign 03502,Reengagement,Web,Active,2023-08-15,,8412.08,USD,2023-06-06T00:00:00
3503,Nurture Webinar Campaign 03503,Nurture,Webinar,Draft,2027-01-05,,7346.13,USD,2026-10-07T00:00:00
3504,Retention Email Campaign 03504,Retention,Email,Active,2025-03-31,,5325.01,USD,2024-12-18T00:00:00
3505,Awareness Web Campaign 03505,Awareness,Web,Active,2025-03-10,,6284.98,USD,2025-03-01T00:00:00
3506,CustomerEducation Social Campaign 03506,CustomerEducation,Social,Completed,2025-12-06,2026-01-29,17290.50,USD,2025-10-07T00:00:00
3507,Awareness Social Campaign 03507,Awareness,Social,Completed,2023-11-14,2024-03-12,17750.85,USD,2023-11-07T00:00:00
3508,Nurture Webinar Campaign 03508,Nurture,Webinar,Completed,2026-01-27,2026-04-20,5443.14,USD,2026-01-12T00:00:00
3509,Reengagement Social Campaign 03509,Reengagement,Social,Cancelled,2023-08-11,2023-10-23,26176.65,USD,2023-07-24T00:00:00
3510,CustomerEducation Event Campaign 03510,CustomerEducation,Event,Completed,2024-11-17,2025-01-02,5592.53,USD,2024-11-01T00:00:00
3511,Nurture Event Campaign 03511,Nurture,Event,Cancelled,2023-11-09,2023-11-22,5634.66,USD,2023-09-15T00:00:00
3512,Reengagement Social Campaign 03512,Reengagement,Social,Active,2023-07-02,,6224.82,USD,2023-05-04T00:00:00
3513,Reengagement Web Campaign 03513,Reengagement,Web,Active,2023-09-12,,5523.69,USD,2023-05-26T00:00:00
3514,CustomerEducation Email Campaign 03514,CustomerEducation,Email,Draft,2026-12-23,,22442.11,USD,2026-09-18T00:00:00
3515,Awareness Social Campaign 03515,Awareness,Social,Active,2023-09-13,,11555.27,USD,2023-07-08T00:00:00
3516,Retention Email Campaign 03516,Retention,Email,Cancelled,2023-08-18,2023-10-25,5632.95,USD,2023-07-31T00:00:00
3517,Retention Social Campaign 03517,Retention,Social,Active,2026-03-04,,5612.09,USD,2025-11-23T00:00:00
3518,CustomerEducation Social Campaign 03518,CustomerEducation,Social,Scheduled,2026-09-03,2026-10-03,10032.56,USD,2026-07-15T00:00:00
3519,Reengagement Event Campaign 03519,Reengagement,Event,Completed,2025-03-16,2025-05-15,23350.47,USD,2024-11-16T00:00:00
3520,Awareness Event Campaign 03520,Awareness,Event,Cancelled,2023-10-29,2024-01-19,,USD,2023-09-18T00:00:00
3521,CustomerEducation Event Campaign 03521,CustomerEducation,Event,Completed,2023-09-14,2023-12-16,6075.94,USD,2023-07-03T00:00:00
3522,CustomerEducation Social Campaign 03522,CustomerEducation,Social,Completed,2023-10-10,2023-11-17,,USD,2023-09-15T00:00:00
3523,Awareness Web Campaign 03523,Awareness,Web,Active,2025-01-04,,7838.13,USD,2024-11-09T00:00:00
3524,CustomerEducation Event Campaign 03524,CustomerEducation,Event,Completed,2025-11-17,2025-12-01,14177.72,USD,2025-09-24T00:00:00
3525,Retention Email Campaign 03525,Retention,Email,Scheduled,2026-11-11,2027-01-06,5492.27,USD,2026-10-31T00:00:00
3526,Nurture Social Campaign 03526,Nurture,Social,Scheduled,2026-12-29,2027-03-30,15003.89,USD,2026-10-11T00:00:00
3527,CustomerEducation Email Campaign 03527,CustomerEducation,Email,Completed,2025-02-27,2025-06-20,8016.69,USD,2024-12-09T00:00:00
3528,CustomerEducation Phone Campaign 03528,CustomerEducation,Phone,Cancelled,2023-11-02,2023-11-15,10048.15,USD,2023-10-10T00:00:00
3529,Reengagement Social Campaign 03529,Reengagement,Social,Active,2024-11-29,,6474.73,USD,2024-11-22T00:00:00
3530,Reengagement Web Campaign 03530,Reengagement,Web,Active,2023-09-19,,106567.50,USD,2023-08-09T00:00:00
3531,Reengagement Web Campaign 03531,Reengagement,Web,Scheduled,2026-09-19,2026-11-17,14153.62,USD,2026-08-31T00:00:00
3532,Nurture Social Campaign 03532,Nurture,Social,Active,2024-12-04,,42901.78,USD,2024-09-22T00:00:00
3533,Retention Email Campaign 03533,Retention,Email,Active,2026-02-22,,7025.20,USD,2025-11-01T00:00:00
3534,CustomerEducation Social Campaign 03534,CustomerEducation,Social,Completed,2024-12-25,2025-03-22,35742.16,USD,2024-09-05T00:00:00
3535,CustomerEducation Web Campaign 03535,CustomerEducation,Web,Cancelled,2026-01-15,2026-04-11,,USD,2025-09-29T00:00:00
3536,Awareness Social Campaign 03536,Awareness,Social,Active,2023-09-28,,7079.76,USD,2023-08-05T00:00:00
3537,CustomerEducation Social Campaign 03537,CustomerEducation,Social,Active,2025-10-23,,5274.41,USD,2025-10-21T00:00:00
3538,Nurture Event Campaign 03538,Nurture,Event,Active,2024-12-17,,,USD,2024-08-25T00:00:00
3539,Nurture Event Campaign 03539,Nurture,Event,Completed,2023-10-05,2024-01-01,5677.29,USD,2023-07-13T00:00:00
3540,Awareness Web Campaign 03540,Awareness,Web,Completed,2026-01-26,2026-02-09,7594.26,USD,2026-01-11T00:00:00
3541,Reengagement Email Campaign 03541,Reengagement,Email,Completed,2024-12-08,2025-02-16,7447.28,USD,2024-08-31T00:00:00
3542,CustomerEducation Email Campaign 03542,CustomerEducation,Email,Completed,2023-07-30,2023-09-27,7576.45,USD,2023-06-30T00:00:00
3543,Reengagement Email Campaign 03543,Reengagement,Email,Active,2023-09-11,,5039.03,USD,2023-08-31T00:00:00
3544,Retention Web Campaign 03544,Retention,Web,Scheduled,2026-11-11,2026-12-19,5458.23,USD,2026-07-19T00:00:00
3545,CustomerEducation Social Campaign 03545,CustomerEducation,Social,Completed,2023-12-12,2024-03-27,9490.02,USD,2023-10-04T00:00:00
3546,Reengagement Social Campaign 03546,Reengagement,Social,Draft,2026-10-24,,36972.90,USD,2026-08-30T00:00:00
3547,Awareness Web Campaign 03547,Awareness,Web,Scheduled,2027-01-01,2027-04-12,6769.08,USD,2026-09-26T00:00:00
3548,Nurture Webinar Campaign 03548,Nurture,Webinar,Scheduled,2026-09-21,2026-11-29,25835.76,USD,2026-08-11T00:00:00
3549,Reengagement Phone Campaign 03549,Reengagement,Phone,Completed,2023-11-17,2024-01-20,30096.94,USD,2023-10-26T00:00:00
3550,Retention Phone Campaign 03550,Retention,Phone,Active,2026-04-22,,5118.38,USD,2026-01-20T00:00:00
3551,Retention Email Campaign 03551,Retention,Email,Completed,2023-11-29,2023-12-08,28407.41,USD,2023-08-01T00:00:00
3552,Reengagement Social Campaign 03552,Reengagement,Social,Completed,2024-11-19,2024-12-23,10467.31,USD,2024-10-04T00:00:00
3553,CustomerEducation Webinar Campaign 03553,CustomerEducation,Webinar,Active,2023-09-27,,5126.97,USD,2023-08-05T00:00:00
3554,Nurture Web Campaign 03554,Nurture,Web,Draft,2026-09-15,,6482.18,USD,2026-06-07T00:00:00
3555,Awareness Social Campaign 03555,Awareness,Social,Completed,2026-02-15,2026-02-26,138374.60,USD,2025-12-01T00:00:00
3556,Nurture Event Campaign 03556,Nurture,Event,Completed,2024-10-12,2024-11-24,10944.02,USD,2024-06-15T00:00:00
3557,Awareness Social Campaign 03557,Awareness,Social,Active,2023-10-05,,7902.49,USD,2023-09-09T00:00:00
3558,Reengagement Webinar Campaign 03558,Reengagement,Webinar,Completed,2025-03-20,2025-07-07,7096.25,USD,2024-12-21T00:00:00
3559,Nurture Phone Campaign 03559,Nurture,Phone,Draft,2026-09-03,,5491.22,USD,2026-07-16T00:00:00
3560,Nurture Webinar Campaign 03560,Nurture,Webinar,Completed,2023-10-22,2024-01-09,5222.36,USD,2023-07-21T00:00:00
3561,Nurture Webinar Campaign 03561,Nurture,Webinar,Draft,2027-01-07,,5008.91,USD,2026-12-19T00:00:00
3562,Retention Social Campaign 03562,Retention,Social,Completed,2024-11-15,2025-03-09,10058.85,USD,2024-09-01T00:00:00
3563,Awareness Email Campaign 03563,Awareness,Email,Scheduled,2026-09-09,2026-11-27,,USD,2026-06-23T00:00:00
3564,Awareness Social Campaign 03564,Awareness,Social,Completed,2024-09-15,2024-10-13,18278.01,USD,2024-08-12T00:00:00
3565,Nurture Event Campaign 03565,Nurture,Event,Completed,2024-09-26,2024-11-06,,USD,2024-08-03T00:00:00
3566,Reengagement Event Campaign 03566,Reengagement,Event,Active,2025-01-18,,26642.75,USD,2024-10-02T00:00:00
3567,Awareness Email Campaign 03567,Awareness,Email,Draft,2026-09-09,,5608.57,USD,2026-07-08T00:00:00
3568,Awareness Social Campaign 03568,Awareness,Social,Scheduled,2026-11-09,2027-02-19,7114.92,USD,2026-07-22T00:00:00
3569,Awareness Email Campaign 03569,Awareness,Email,Completed,2025-01-08,2025-04-11,6601.66,USD,2024-12-16T00:00:00
3570,CustomerEducation Social Campaign 03570,CustomerEducation,Social,Cancelled,2023-09-24,2023-12-19,7316.40,USD,2023-08-08T00:00:00
3571,Awareness Web Campaign 03571,Awareness,Web,Draft,2026-11-03,,6507.55,USD,2026-10-07T00:00:00
3572,Nurture Event Campaign 03572,Nurture,Event,Completed,2023-08-31,2023-09-12,6039.59,USD,2023-05-18T00:00:00
3573,Awareness Social Campaign 03573,Awareness,Social,Scheduled,2026-09-11,2026-10-21,7571.01,USD,2026-08-12T00:00:00
3574,Awareness Phone Campaign 03574,Awareness,Phone,Active,2026-01-16,,8165.37,USD,2025-11-24T00:00:00
3575,Nurture Web Campaign 03575,Nurture,Web,Completed,2025-02-20,2025-05-03,12852.59,USD,2025-01-01T00:00:00
3576,Awareness Phone Campaign 03576,Awareness,Phone,Completed,2025-02-05,2025-02-16,9059.54,USD,2024-11-27T00:00:00
3577,Awareness Social Campaign 03577,Awareness,Social,Completed,2024-12-19,2025-01-04,,USD,2024-12-12T00:00:00
3578,Nurture Webinar Campaign 03578,Nurture,Webinar,Completed,2025-10-27,2026-01-22,9895.35,USD,2025-07-18T00:00:00
3579,Retention Web Campaign 03579,Retention,Web,Completed,2025-01-02,2025-02-22,16736.80,USD,2024-12-26T00:00:00
3580,Reengagement Event Campaign 03580,Reengagement,Event,Scheduled,2026-09-06,2026-10-21,7758.04,USD,2026-06-09T00:00:00
3581,CustomerEducation Social Campaign 03581,CustomerEducation,Social,Active,2025-02-01,,6045.80,USD,2024-12-08T00:00:00
3582,Nurture Email Campaign 03582,Nurture,Email,Completed,2026-03-09,2026-04-04,5493.26,USD,2026-01-13T00:00:00
3583,Retention Email Campaign 03583,Retention,Email,Cancelled,2023-11-12,2024-03-11,12708.23,USD,2023-10-18T00:00:00
3584,Retention Web Campaign 03584,Retention,Web,Completed,2025-11-21,2026-01-10,6372.51,USD,2025-08-06T00:00:00
3585,Nurture Email Campaign 03585,Nurture,Email,Completed,2025-12-21,2026-01-12,,USD,2025-12-04T00:00:00
3586,CustomerEducation Web Campaign 03586,CustomerEducation,Web,Active,2024-12-21,,,USD,2024-10-18T00:00:00
3587,Nurture Event Campaign 03587,Nurture,Event,Completed,2025-12-16,2026-01-29,8420.53,USD,2025-10-23T00:00:00
3588,Retention Web Campaign 03588,Retention,Web,Active,2026-01-27,,,USD,2025-12-07T00:00:00
3589,Awareness Email Campaign 03589,Awareness,Email,Draft,2026-09-07,,6445.39,USD,2026-05-21T00:00:00
3590,CustomerEducation Email Campaign 03590,CustomerEducation,Email,Active,2024-11-24,,6484.09,USD,2024-10-01T00:00:00
3591,Retention Event Campaign 03591,Retention,Event,Cancelled,2023-09-08,2023-11-22,5045.88,USD,2023-08-04T00:00:00
3592,Nurture Email Campaign 03592,Nurture,Email,Completed,2023-09-10,2023-12-02,12245.72,USD,2023-06-20T00:00:00
3593,Reengagement Web Campaign 03593,Reengagement,Web,Completed,2026-02-14,2026-05-06,15080.10,USD,2025-12-17T00:00:00
3594,Retention Event Campaign 03594,Retention,Event,Active,2023-07-29,,7763.23,USD,2023-06-06T00:00:00
3595,Awareness Webinar Campaign 03595,Awareness,Webinar,Completed,2023-10-14,2024-01-19,9277.70,USD,2023-07-29T00:00:00
3596,Retention Event Campaign 03596,Retention,Event,Active,2026-01-08,,14796.93,USD,2025-11-13T00:00:00
3597,Nurture Event Campaign 03597,Nurture,Event,Active,2026-01-28,,5437.39,USD,2025-10-30T00:00:00
3598,Nurture Phone Campaign 03598,Nurture,Phone,Completed,2025-01-11,2025-02-03,9774.73,USD,2024-11-21T00:00:00
3599,Retention Web Campaign 03599,Retention,Web,Scheduled,2026-11-15,2027-02-03,12162.11,USD,2026-09-15T00:00:00
3600,Nurture Social Campaign 03600,Nurture,Social,Scheduled,2026-09-07,2026-11-04,8704.67,USD,2026-08-16T00:00:00
3601,Awareness Social Campaign 03601,Awareness,Social,Active,2024-10-11,,39720.31,USD,2024-08-13T00:00:00
3602,Retention Event Campaign 03602,Retention,Event,Completed,2023-10-07,2023-12-26,12080.81,USD,2023-07-01T00:00:00
3603,Nurture Phone Campaign 03603,Nurture,Phone,Completed,2024-11-08,2024-11-23,,USD,2024-11-04T00:00:00
3604,Retention Phone Campaign 03604,Retention,Phone,Completed,2023-08-25,2023-12-02,24022.15,USD,2023-07-01T00:00:00
3605,Awareness Social Campaign 03605,Awareness,Social,Completed,2026-04-15,2026-07-17,6428.51,USD,2026-01-10T00:00:00
3606,Awareness Event Campaign 03606,Awareness,Event,Completed,2024-11-23,2025-01-12,15914.17,USD,2024-08-04T00:00:00
3607,Reengagement Phone Campaign 03607,Reengagement,Phone,Active,2025-12-02,,6382.36,USD,2025-09-08T00:00:00
3608,Awareness Webinar Campaign 03608,Awareness,Webinar,Active,2026-02-24,,9623.63,USD,2025-11-07T00:00:00
3609,Nurture Web Campaign 03609,Nurture,Web,Completed,2025-01-16,2025-04-08,65954.20,USD,2025-01-07T00:00:00
3610,Awareness Phone Campaign 03610,Awareness,Phone,Completed,2025-02-13,2025-04-11,6103.34,USD,2025-01-04T00:00:00
3611,Retention Email Campaign 03611,Retention,Email,Completed,2024-12-21,2025-01-30,8697.91,USD,2024-09-22T00:00:00
3612,Nurture Phone Campaign 03612,Nurture,Phone,Active,2026-03-15,,5851.04,USD,2026-03-06T00:00:00
3613,Reengagement Web Campaign 03613,Reengagement,Web,Active,2026-03-16,,27251.12,USD,2026-01-13T00:00:00
3614,Reengagement Event Campaign 03614,Reengagement,Event,Cancelled,2024-11-27,2025-03-01,5475.83,USD,2024-09-15T00:00:00
3615,Nurture Webinar Campaign 03615,Nurture,Webinar,Cancelled,2024-11-02,2024-11-20,7864.99,USD,2024-10-25T00:00:00
3616,CustomerEducation Email Campaign 03616,CustomerEducation,Email,Completed,2026-02-23,2026-06-01,15942.85,USD,2026-01-24T00:00:00
3617,CustomerEducation Webinar Campaign 03617,CustomerEducation,Webinar,Active,2023-11-13,,8435.47,USD,2023-10-25T00:00:00
3618,Nurture Webinar Campaign 03618,Nurture,Webinar,Completed,2024-11-09,2025-02-16,10327.26,USD,2024-08-02T00:00:00
3619,Retention Phone Campaign 03619,Retention,Phone,Completed,2025-01-25,2025-03-13,7330.27,USD,2025-01-13T00:00:00
3620,Reengagement Web Campaign 03620,Reengagement,Web,Active,2026-01-07,,6233.54,USD,2025-10-09T00:00:00
3621,Awareness Email Campaign 03621,Awareness,Email,Draft,2027-01-01,,,USD,2026-09-08T00:00:00
3622,Reengagement Event Campaign 03622,Reengagement,Event,Completed,2023-10-02,2023-12-01,13159.72,USD,2023-08-01T00:00:00
3623,Awareness Webinar Campaign 03623,Awareness,Webinar,Completed,2024-12-29,2025-01-18,24939.26,USD,2024-12-26T00:00:00
3624,Nurture Social Campaign 03624,Nurture,Social,Completed,2026-02-03,2026-02-12,9663.88,USD,2026-01-10T00:00:00
3625,Nurture Social Campaign 03625,Nurture,Social,Active,2026-02-27,,6377.71,USD,2025-12-06T00:00:00
3626,Awareness Social Campaign 03626,Awareness,Social,Cancelled,2023-09-10,2023-10-29,80104.45,USD,2023-05-30T00:00:00
3627,Awareness Webinar Campaign 03627,Awareness,Webinar,Scheduled,2026-11-09,2026-12-20,10108.59,USD,2026-09-20T00:00:00
3628,Reengagement Email Campaign 03628,Reengagement,Email,Completed,2023-09-26,2023-10-30,,USD,2023-08-12T00:00:00
3629,Awareness Event Campaign 03629,Awareness,Event,Draft,2026-09-09,,9884.85,USD,2026-06-06T00:00:00
3630,Awareness Webinar Campaign 03630,Awareness,Webinar,Cancelled,2023-10-03,2024-01-03,12271.43,USD,2023-07-02T00:00:00
3631,CustomerEducation Social Campaign 03631,CustomerEducation,Social,Completed,2023-07-18,2023-11-09,7968.91,USD,2023-07-15T00:00:00
3632,Nurture Event Campaign 03632,Nurture,Event,Scheduled,2026-09-12,2026-10-16,,USD,2026-09-07T00:00:00
3633,Reengagement Web Campaign 03633,Reengagement,Web,Active,2023-10-20,,17637.83,USD,2023-09-13T00:00:00
3634,CustomerEducation Email Campaign 03634,CustomerEducation,Email,Active,2023-09-12,,10552.28,USD,2023-08-05T00:00:00
3635,Retention Social Campaign 03635,Retention,Social,Scheduled,2026-12-28,2027-04-23,15588.77,USD,2026-12-04T00:00:00
3636,Reengagement Email Campaign 03636,Reengagement,Email,Scheduled,2026-11-12,2026-12-12,12326.33,USD,2026-11-01T00:00:00
3637,Retention Event Campaign 03637,Retention,Event,Scheduled,2027-01-13,2027-05-02,2000000.00,USD,2026-10-02T00:00:00
3638,CustomerEducation Webinar Campaign 03638,CustomerEducation,Webinar,Cancelled,2026-01-27,2026-02-06,33984.03,USD,2025-10-26T00:00:00
3639,Retention Event Campaign 03639,Retention,Event,Completed,2024-12-04,2025-01-18,5086.52,USD,2024-08-30T00:00:00
3640,Reengagement Event Campaign 03640,Reengagement,Event,Scheduled,2026-09-01,2026-10-16,11928.71,USD,2026-08-20T00:00:00
3641,CustomerEducation Webinar Campaign 03641,CustomerEducation,Webinar,Active,2023-09-16,,5977.97,USD,2023-06-30T00:00:00
3642,Retention Web Campaign 03642,Retention,Web,Scheduled,2026-11-15,2027-02-22,7007.48,USD,2026-10-01T00:00:00
3643,Reengagement Web Campaign 03643,Reengagement,Web,Scheduled,2026-11-17,2026-12-17,7215.55,USD,2026-11-03T00:00:00
3644,Nurture Web Campaign 03644,Nurture,Web,Completed,2024-11-17,2025-01-16,,USD,2024-07-20T00:00:00
3645,Nurture Social Campaign 03645,Nurture,Social,Completed,2025-02-01,2025-02-13,,USD,2024-12-10T00:00:00
3646,Nurture Web Campaign 03646,Nurture,Web,Completed,2024-10-24,2025-01-31,5725.64,USD,2024-07-21T00:00:00
3647,Reengagement Email Campaign 03647,Reengagement,Email,Completed,2025-12-16,2026-03-28,,USD,2025-11-04T00:00:00
3648,Retention Phone Campaign 03648,Retention,Phone,Draft,2026-08-30,,6132.43,USD,2026-08-29T00:00:00
3649,Retention Phone Campaign 03649,Retention,Phone,Completed,2024-10-21,2024-12-15,9425.93,USD,2024-07-28T00:00:00
3650,CustomerEducation Phone Campaign 03650,CustomerEducation,Phone,Completed,2026-01-12,2026-02-16,16814.23,USD,2025-11-27T00:00:00
3651,Awareness Event Campaign 03651,Awareness,Event,Cancelled,2024-11-17,2025-01-23,5342.91,USD,2024-10-08T00:00:00
3652,Awareness Event Campaign 03652,Awareness,Event,Draft,2026-11-15,,,USD,2026-07-29T00:00:00
3653,CustomerEducation Event Campaign 03653,CustomerEducation,Event,Completed,2024-12-22,2025-02-01,9439.15,USD,2024-12-13T00:00:00
3654,CustomerEducation Email Campaign 03654,CustomerEducation,Email,Completed,2023-10-08,2023-10-19,5505.85,USD,2023-07-25T00:00:00
3655,Retention Event Campaign 03655,Retention,Event,Scheduled,2026-11-08,2026-12-08,35385.58,USD,2026-10-02T00:00:00
3656,Awareness Social Campaign 03656,Awareness,Social,Completed,2025-10-20,2025-12-22,5071.72,USD,2025-08-29T00:00:00
3657,Reengagement Email Campaign 03657,Reengagement,Email,Completed,2025-12-14,2026-03-16,5671.98,USD,2025-10-04T00:00:00
3658,Nurture Event Campaign 03658,Nurture,Event,Completed,2024-12-23,2025-02-24,5893.81,USD,2024-09-08T00:00:00
3659,Reengagement Social Campaign 03659,Reengagement,Social,Completed,2024-12-27,2025-04-11,27768.07,USD,2024-11-22T00:00:00
3660,Awareness Event Campaign 03660,Awareness,Event,Scheduled,2026-09-21,2026-11-23,,USD,2026-08-29T00:00:00
3661,Nurture Event Campaign 03661,Nurture,Event,Completed,2023-09-06,2023-12-14,14436.48,USD,2023-08-05T00:00:00
3662,Nurture Email Campaign 03662,Nurture,Email,Completed,2024-10-01,2024-12-15,6576.52,USD,2024-08-28T00:00:00
3663,Reengagement Web Campaign 03663,Reengagement,Web,Completed,2023-12-17,2024-01-20,5350.02,USD,2023-12-07T00:00:00
3664,Reengagement Social Campaign 03664,Reengagement,Social,Scheduled,2026-09-11,2026-11-14,18685.21,USD,2026-07-17T00:00:00
3665,Reengagement Web Campaign 03665,Reengagement,Web,Completed,2025-12-24,2026-02-17,10970.42,USD,2025-12-01T00:00:00
3666,Reengagement Webinar Campaign 03666,Reengagement,Webinar,Active,2026-01-19,,18409.51,USD,2025-10-08T00:00:00
3667,CustomerEducation Phone Campaign 03667,CustomerEducation,Phone,Scheduled,2026-09-08,2026-12-20,10810.77,USD,2026-07-31T00:00:00
3668,Reengagement Social Campaign 03668,Reengagement,Social,Draft,2026-09-03,,5081.12,USD,2026-05-11T00:00:00
3669,Reengagement Social Campaign 03669,Reengagement,Social,Active,2025-12-16,,5715.88,USD,2025-08-31T00:00:00
3670,CustomerEducation Email Campaign 03670,CustomerEducation,Email,Draft,2026-11-16,,5679.90,USD,2026-09-20T00:00:00
3671,Nurture Web Campaign 03671,Nurture,Web,Completed,2024-11-03,2025-01-21,,USD,2024-09-29T00:00:00
3672,CustomerEducation Webinar Campaign 03672,CustomerEducation,Webinar,Active,2026-01-30,,8297.68,USD,2025-11-02T00:00:00
3673,Reengagement Phone Campaign 03673,Reengagement,Phone,Active,2025-01-02,,6018.91,USD,2024-10-09T00:00:00
3674,Reengagement Social Campaign 03674,Reengagement,Social,Active,2023-09-18,,11456.99,USD,2023-07-14T00:00:00
3675,Retention Web Campaign 03675,Retention,Web,Completed,2023-11-01,2024-02-11,58291.46,USD,2023-09-25T00:00:00
3676,CustomerEducation Webinar Campaign 03676,CustomerEducation,Webinar,Cancelled,2023-12-18,2024-01-05,10879.22,USD,2023-10-15T00:00:00
3677,Awareness Social Campaign 03677,Awareness,Social,Active,2023-12-25,,49157.95,USD,2023-10-27T00:00:00
3678,CustomerEducation Webinar Campaign 03678,CustomerEducation,Webinar,Completed,2026-03-19,2026-07-03,,USD,2026-02-14T00:00:00
3679,CustomerEducation Email Campaign 03679,CustomerEducation,Email,Active,2024-11-20,,31333.19,USD,2024-09-28T00:00:00
3680,Nurture Web Campaign 03680,Nurture,Web,Completed,2026-03-14,2026-07-12,5285.87,USD,2026-02-23T00:00:00
3681,CustomerEducation Phone Campaign 03681,CustomerEducation,Phone,Cancelled,2024-12-27,2025-01-06,6088.52,USD,2024-12-09T00:00:00
3682,Nurture Web Campaign 03682,Nurture,Web,Draft,2026-11-12,,10259.41,USD,2026-10-14T00:00:00
3683,Nurture Phone Campaign 03683,Nurture,Phone,Scheduled,2026-11-06,2027-02-08,25778.56,USD,2026-10-10T00:00:00
3684,CustomerEducation Webinar Campaign 03684,CustomerEducation,Webinar,Active,2023-09-02,,,USD,2023-07-17T00:00:00
3685,Awareness Event Campaign 03685,Awareness,Event,Completed,2024-12-01,2024-12-22,5360.64,USD,2024-09-08T00:00:00
3686,Awareness Web Campaign 03686,Awareness,Web,Completed,2025-02-28,2025-06-05,21903.63,USD,2024-11-02T00:00:00
3687,Nurture Email Campaign 03687,Nurture,Email,Completed,2026-04-12,2026-05-04,5728.15,USD,2026-01-24T00:00:00
3688,Nurture Social Campaign 03688,Nurture,Social,Completed,2026-02-03,2026-05-01,,USD,2025-12-28T00:00:00
3689,CustomerEducation Social Campaign 03689,CustomerEducation,Social,Cancelled,2024-11-27,2024-12-24,5980.68,USD,2024-11-14T00:00:00
3690,Retention Phone Campaign 03690,Retention,Phone,Completed,2025-11-25,2026-03-24,5826.11,USD,2025-09-05T00:00:00
3691,Nurture Event Campaign 03691,Nurture,Event,Active,2025-11-19,,10287.08,USD,2025-10-05T00:00:00
3692,Nurture Social Campaign 03692,Nurture,Social,Completed,2026-01-08,2026-03-14,99951.85,USD,2025-10-13T00:00:00
3693,CustomerEducation Event Campaign 03693,CustomerEducation,Event,Draft,2026-09-14,,147464.38,USD,2026-08-10T00:00:00
3694,Awareness Webinar Campaign 03694,Awareness,Webinar,Completed,2023-09-15,2023-11-30,6417.15,USD,2023-07-02T00:00:00
3695,Reengagement Email Campaign 03695,Reengagement,Email,Completed,2024-12-02,2025-01-06,5961.87,USD,2024-09-30T00:00:00
3696,Awareness Social Campaign 03696,Awareness,Social,Active,2025-03-30,,6303.06,USD,2025-03-22T00:00:00
3697,CustomerEducation Social Campaign 03697,CustomerEducation,Social,Cancelled,2026-01-11,2026-03-26,6365.10,USD,2025-12-02T00:00:00
3698,Awareness Web Campaign 03698,Awareness,Web,Completed,2023-06-23,2023-07-30,17923.45,USD,2023-05-20T00:00:00
3699,Retention Email Campaign 03699,Retention,Email,Completed,2023-08-10,2023-10-15,5420.28,USD,2023-05-01T00:00:00
3700,Retention Web Campaign 03700,Retention,Web,Active,2023-08-10,,8325.77,USD,2023-08-09T00:00:00
3701,Awareness Webinar Campaign 03701,Awareness,Webinar,Completed,2023-12-24,2024-01-17,,USD,2023-09-27T00:00:00
3702,Nurture Webinar Campaign 03702,Nurture,Webinar,Completed,2023-11-15,2023-11-26,,USD,2023-10-28T00:00:00
3703,Nurture Social Campaign 03703,Nurture,Social,Completed,2024-11-11,2025-01-06,20424.05,USD,2024-10-25T00:00:00
3704,Nurture Phone Campaign 03704,Nurture,Phone,Active,2024-10-02,,9952.36,USD,2024-07-10T00:00:00
3705,Awareness Phone Campaign 03705,Awareness,Phone,Completed,2025-09-09,2025-12-30,6122.28,USD,2025-08-14T00:00:00
3706,Retention Email Campaign 03706,Retention,Email,Completed,2024-12-24,2025-04-22,,USD,2024-12-16T00:00:00
3707,Reengagement Event Campaign 03707,Reengagement,Event,Completed,2023-06-28,2023-07-13,9039.07,USD,2023-03-04T00:00:00
3708,Retention Email Campaign 03708,Retention,Email,Completed,2025-02-20,2025-03-13,38727.77,USD,2024-12-17T00:00:00
3709,Nurture Social Campaign 03709,Nurture,Social,Completed,2025-11-26,2026-03-21,7060.54,USD,2025-09-18T00:00:00
3710,Nurture Event Campaign 03710,Nurture,Event,Active,2023-11-25,,633964.60,USD,2023-10-10T00:00:00
3711,Retention Event Campaign 03711,Retention,Event,Draft,2026-12-24,,34999.26,USD,2026-09-29T00:00:00
3712,Reengagement Phone Campaign 03712,Reengagement,Phone,Active,2026-03-03,,8016.56,USD,2026-01-06T00:00:00
3713,Retention Event Campaign 03713,Retention,Event,Cancelled,2024-11-29,2024-12-27,17960.30,USD,2024-11-23T00:00:00
3714,Reengagement Phone Campaign 03714,Reengagement,Phone,Active,2025-11-23,,5977.95,USD,2025-11-22T00:00:00
3715,Retention Event Campaign 03715,Retention,Event,Active,2023-10-19,,8860.44,USD,2023-10-16T00:00:00
3716,Awareness Web Campaign 03716,Awareness,Web,Completed,2024-10-26,2024-11-15,9487.69,USD,2024-07-19T00:00:00
3717,CustomerEducation Web Campaign 03717,CustomerEducation,Web,Active,2023-07-06,,13158.27,USD,2023-04-09T00:00:00
3718,Retention Webinar Campaign 03718,Retention,Webinar,Completed,2023-10-25,2023-12-21,5631.28,USD,2023-09-04T00:00:00
3719,Reengagement Webinar Campaign 03719,Reengagement,Webinar,Scheduled,2026-08-27,2026-10-05,5709.90,USD,2026-04-29T00:00:00
3720,Nurture Email Campaign 03720,Nurture,Email,Scheduled,2027-01-10,2027-04-02,11885.05,USD,2026-09-18T00:00:00
3721,Retention Email Campaign 03721,Retention,Email,Active,2024-12-13,,5327.18,USD,2024-10-09T00:00:00
3722,Awareness Web Campaign 03722,Awareness,Web,Active,2023-09-03,,9137.82,USD,2023-08-03T00:00:00
3723,Nurture Social Campaign 03723,Nurture,Social,Active,2023-11-02,,5651.16,USD,2023-08-05T00:00:00
3724,Nurture Email Campaign 03724,Nurture,Email,Completed,2025-12-30,2026-02-16,9055.59,USD,2025-12-11T00:00:00
3725,CustomerEducation Web Campaign 03725,CustomerEducation,Web,Completed,2025-01-19,2025-02-28,8369.59,USD,2024-12-25T00:00:00
3726,Nurture Webinar Campaign 03726,Nurture,Webinar,Scheduled,2027-01-05,2027-02-04,33696.11,USD,2026-10-19T00:00:00
3727,Awareness Email Campaign 03727,Awareness,Email,Draft,2026-11-13,,6415.87,USD,2026-09-04T00:00:00
3728,Retention Event Campaign 03728,Retention,Event,Completed,2024-10-19,2025-01-09,5517.78,USD,2024-07-04T00:00:00
3729,Awareness Social Campaign 03729,Awareness,Social,Active,2025-01-03,,27338.59,USD,2024-11-29T00:00:00
3730,Awareness Web Campaign 03730,Awareness,Web,Active,2026-01-17,,30029.44,USD,2025-10-05T00:00:00
3731,Retention Event Campaign 03731,Retention,Event,Scheduled,2026-11-12,2027-03-09,10572.81,USD,2026-08-07T00:00:00
3732,Awareness Email Campaign 03732,Awareness,Email,Active,2023-10-28,,11529.18,USD,2023-07-26T00:00:00
3733,CustomerEducation Web Campaign 03733,CustomerEducation,Web,Active,2023-08-25,,7782.55,USD,2023-06-25T00:00:00
3734,Reengagement Event Campaign 03734,Reengagement,Event,Draft,2026-11-08,,6012.72,USD,2026-07-26T00:00:00
3735,Awareness Webinar Campaign 03735,Awareness,Webinar,Completed,2023-11-03,2024-01-31,6705.83,USD,2023-07-22T00:00:00
3736,Reengagement Social Campaign 03736,Reengagement,Social,Cancelled,2025-01-02,2025-02-20,10732.80,USD,2024-12-12T00:00:00
3737,Awareness Social Campaign 03737,Awareness,Social,Active,2024-12-16,,,USD,2024-11-08T00:00:00
3738,Retention Email Campaign 03738,Retention,Email,Cancelled,2024-09-29,2024-10-22,6376.06,USD,2024-07-23T00:00:00
3739,Retention Webinar Campaign 03739,Retention,Webinar,Scheduled,2027-01-08,2027-02-24,13569.92,USD,2026-10-10T00:00:00
3740,Reengagement Social Campaign 03740,Reengagement,Social,Scheduled,2026-09-12,2026-11-21,22072.00,USD,2026-06-09T00:00:00
3741,Nurture Phone Campaign 03741,Nurture,Phone,Completed,2026-01-30,2026-05-22,7510.84,USD,2026-01-10T00:00:00
3742,Nurture Event Campaign 03742,Nurture,Event,Cancelled,2023-10-09,2024-01-29,6358.62,USD,2023-09-21T00:00:00
3743,Reengagement Webinar Campaign 03743,Reengagement,Webinar,Completed,2025-01-29,2025-03-26,5066.47,USD,2024-10-25T00:00:00
3744,Nurture Event Campaign 03744,Nurture,Event,Cancelled,2025-11-04,2025-12-19,9819.47,USD,2025-08-16T00:00:00
3745,Reengagement Event Campaign 03745,Reengagement,Event,Scheduled,2027-01-07,2027-03-23,14104.95,USD,2026-11-05T00:00:00
3746,Nurture Phone Campaign 03746,Nurture,Phone,Active,2026-02-19,,61184.97,USD,2026-01-01T00:00:00
3747,Reengagement Phone Campaign 03747,Reengagement,Phone,Completed,2024-11-25,2025-02-11,7581.60,USD,2024-09-11T00:00:00
3748,Retention Web Campaign 03748,Retention,Web,Completed,2024-12-28,2025-04-07,8779.60,USD,2024-11-22T00:00:00
3749,Nurture Social Campaign 03749,Nurture,Social,Scheduled,2026-11-11,2026-12-26,14384.83,USD,2026-10-12T00:00:00
3750,Retention Web Campaign 03750,Retention,Web,Completed,2023-10-26,2024-02-03,166281.71,USD,2023-07-21T00:00:00
3751,Reengagement Web Campaign 03751,Reengagement,Web,Completed,2025-12-21,2026-01-13,28862.61,USD,2025-12-17T00:00:00
3752,Retention Event Campaign 03752,Retention,Event,Active,2023-09-16,,6123.20,USD,2023-07-19T00:00:00
3753,Awareness Event Campaign 03753,Awareness,Event,Completed,2025-12-29,2026-04-09,159342.97,USD,2025-12-15T00:00:00
3754,Reengagement Event Campaign 03754,Reengagement,Event,Cancelled,2026-01-28,2026-02-20,,USD,2025-11-11T00:00:00
3755,Awareness Webinar Campaign 03755,Awareness,Webinar,Active,2024-12-12,,14227.50,USD,2024-11-20T00:00:00
3756,Nurture Social Campaign 03756,Nurture,Social,Completed,2023-07-29,2023-11-23,10771.79,USD,2023-07-04T00:00:00
3757,Retention Webinar Campaign 03757,Retention,Webinar,Cancelled,2025-01-21,2025-05-04,7475.06,USD,2024-10-11T00:00:00
3758,Awareness Email Campaign 03758,Awareness,Email,Completed,2024-11-17,2025-02-14,5225.03,USD,2024-08-22T00:00:00
3759,Reengagement Phone Campaign 03759,Reengagement,Phone,Scheduled,2027-01-09,2027-03-26,9195.98,USD,2026-11-17T00:00:00
3760,Reengagement Webinar Campaign 03760,Reengagement,Webinar,Draft,2027-01-14,,6467.15,USD,2026-12-09T00:00:00
3761,CustomerEducation Event Campaign 03761,CustomerEducation,Event,Scheduled,2026-11-17,2026-12-17,5714.55,USD,2026-09-29T00:00:00
3762,Nurture Event Campaign 03762,Nurture,Event,Draft,2026-11-04,,5993.78,USD,2026-10-10T00:00:00
3763,CustomerEducation Webinar Campaign 03763,CustomerEducation,Webinar,Scheduled,2026-09-02,2026-10-02,61289.38,USD,2026-07-23T00:00:00
3764,Awareness Webinar Campaign 03764,Awareness,Webinar,Completed,2023-08-22,2023-09-28,5200.34,USD,2023-07-18T00:00:00
3765,CustomerEducation Social Campaign 03765,CustomerEducation,Social,Completed,2025-12-16,2025-12-27,6714.53,USD,2025-08-27T00:00:00
3766,Retention Email Campaign 03766,Retention,Email,Draft,2026-11-11,,8985.27,USD,2026-11-01T00:00:00
3767,CustomerEducation Social Campaign 03767,CustomerEducation,Social,Draft,2026-11-12,,7858.33,USD,2026-09-15T00:00:00
3768,Awareness Phone Campaign 03768,Awareness,Phone,Active,2023-05-25,,12572.11,USD,2023-04-04T00:00:00
3769,Awareness Event Campaign 03769,Awareness,Event,Completed,2023-10-10,2024-01-11,7214.65,USD,2023-06-26T00:00:00
3770,CustomerEducation Phone Campaign 03770,CustomerEducation,Phone,Scheduled,2026-08-31,2026-09-30,9858.73,USD,2026-08-21T00:00:00
3771,Retention Webinar Campaign 03771,Retention,Webinar,Completed,2024-12-17,2025-02-26,5348.88,USD,2024-09-28T00:00:00
3772,Retention Event Campaign 03772,Retention,Event,Active,2026-03-05,,7059.87,USD,2026-02-10T00:00:00
3773,Awareness Event Campaign 03773,Awareness,Event,Completed,2026-01-14,2026-04-27,18927.16,USD,2026-01-06T00:00:00
3774,CustomerEducation Phone Campaign 03774,CustomerEducation,Phone,Scheduled,2027-01-01,2027-01-31,7493.65,USD,2026-12-16T00:00:00
3775,Awareness Social Campaign 03775,Awareness,Social,Completed,2024-10-11,2024-12-07,9807.58,USD,2024-08-26T00:00:00
3776,Nurture Webinar Campaign 03776,Nurture,Webinar,Active,2025-01-01,,7178.92,USD,2024-09-25T00:00:00
3777,Retention Phone Campaign 03777,Retention,Phone,Active,2025-12-30,,18031.88,USD,2025-10-18T00:00:00
3778,CustomerEducation Webinar Campaign 03778,CustomerEducation,Webinar,Completed,2025-12-24,2026-01-10,7831.40,USD,2025-11-08T00:00:00
3779,Retention Phone Campaign 03779,Retention,Phone,Completed,2023-07-04,2023-10-14,6266.72,USD,2023-05-07T00:00:00
3780,Awareness Web Campaign 03780,Awareness,Web,Scheduled,2026-09-15,2026-12-18,,USD,2026-07-30T00:00:00
3781,Awareness Email Campaign 03781,Awareness,Email,Draft,2026-09-02,,9386.45,USD,2026-07-18T00:00:00
3782,Awareness Phone Campaign 03782,Awareness,Phone,Draft,2026-09-05,,19478.80,USD,2026-06-09T00:00:00
3783,Retention Web Campaign 03783,Retention,Web,Completed,2025-01-01,2025-02-12,8179.47,USD,2024-10-09T00:00:00
3784,Retention Webinar Campaign 03784,Retention,Webinar,Active,2026-01-27,,8390.51,USD,2025-12-01T00:00:00
3785,CustomerEducation Social Campaign 03785,CustomerEducation,Social,Completed,2024-11-15,2025-01-22,8561.64,USD,2024-08-18T00:00:00
3786,Awareness Email Campaign 03786,Awareness,Email,Active,2025-12-16,,8192.60,USD,2025-10-02T00:00:00
3787,Reengagement Social Campaign 03787,Reengagement,Social,Completed,2024-10-26,2024-12-23,41970.76,USD,2024-09-08T00:00:00
3788,Awareness Email Campaign 03788,Awareness,Email,Completed,2026-03-21,2026-04-24,7030.00,USD,2026-02-08T00:00:00
3789,Awareness Web Campaign 03789,Awareness,Web,Completed,2023-09-02,2023-11-24,5102.58,USD,2023-06-20T00:00:00
3790,CustomerEducation Event Campaign 03790,CustomerEducation,Event,Completed,2025-01-22,2025-05-14,10093.21,USD,2024-12-15T00:00:00
3791,CustomerEducation Event Campaign 03791,CustomerEducation,Event,Completed,2023-07-07,2023-09-01,,USD,2023-04-20T00:00:00
3792,Nurture Event Campaign 03792,Nurture,Event,Cancelled,2023-09-20,2023-10-04,6836.63,USD,2023-06-23T00:00:00
3793,Reengagement Event Campaign 03793,Reengagement,Event,Active,2025-10-08,,5073.19,USD,2025-07-09T00:00:00
3794,Retention Webinar Campaign 03794,Retention,Webinar,Draft,2026-12-31,,33094.05,USD,2026-10-12T00:00:00
3795,Retention Social Campaign 03795,Retention,Social,Active,2023-09-26,,7007.46,USD,2023-07-12T00:00:00
3796,Nurture Email Campaign 03796,Nurture,Email,Active,2025-11-22,,12749.78,USD,2025-08-11T00:00:00
3797,Reengagement Social Campaign 03797,Reengagement,Social,Completed,2024-10-26,2025-01-01,,USD,2024-08-16T00:00:00
3798,CustomerEducation Email Campaign 03798,CustomerEducation,Email,Draft,2026-09-08,,15027.93,USD,2026-05-18T00:00:00
3799,Nurture Web Campaign 03799,Nurture,Web,Active,2025-01-15,,29168.57,USD,2024-09-24T00:00:00
3800,Retention Email Campaign 03800,Retention,Email,Completed,2024-11-18,2024-12-13,6681.01,USD,2024-08-24T00:00:00
3801,Reengagement Webinar Campaign 03801,Reengagement,Webinar,Active,2023-08-29,,8010.69,USD,2023-05-23T00:00:00
3802,CustomerEducation Web Campaign 03802,CustomerEducation,Web,Draft,2026-11-05,,6870.30,USD,2026-09-11T00:00:00
3803,Nurture Event Campaign 03803,Nurture,Event,Active,2025-01-01,,11134.26,USD,2024-10-18T00:00:00
3804,Retention Web Campaign 03804,Retention,Web,Cancelled,2026-03-11,2026-05-08,125945.99,USD,2026-03-10T00:00:00
3805,Retention Email Campaign 03805,Retention,Email,Active,2025-01-28,,14948.89,USD,2024-12-20T00:00:00
3806,Nurture Phone Campaign 03806,Nurture,Phone,Active,2026-01-15,,5751.95,USD,2025-12-18T00:00:00
3807,Awareness Event Campaign 03807,Awareness,Event,Completed,2023-12-25,2024-04-08,14893.62,USD,2023-09-28T00:00:00
3808,Awareness Webinar Campaign 03808,Awareness,Webinar,Draft,2026-09-13,,5573.74,USD,2026-07-18T00:00:00
3809,CustomerEducation Phone Campaign 03809,CustomerEducation,Phone,Active,2023-07-26,,5062.61,USD,2023-06-22T00:00:00
3810,Nurture Webinar Campaign 03810,Nurture,Webinar,Completed,2025-12-22,2026-03-13,13709.05,USD,2025-09-10T00:00:00
3811,Reengagement Event Campaign 03811,Reengagement,Event,Active,2023-10-18,,10863.76,USD,2023-07-02T00:00:00
3812,Reengagement Phone Campaign 03812,Reengagement,Phone,Scheduled,2026-09-04,2026-10-20,33592.24,USD,2026-07-16T00:00:00
3813,Retention Social Campaign 03813,Retention,Social,Active,2026-02-07,,5903.87,USD,2025-11-24T00:00:00
3814,Reengagement Web Campaign 03814,Reengagement,Web,Scheduled,2026-09-19,2026-11-28,7582.56,USD,2026-05-22T00:00:00
3815,CustomerEducation Web Campaign 03815,CustomerEducation,Web,Scheduled,2026-11-01,2026-12-01,29423.36,USD,2026-07-13T00:00:00
3816,Reengagement Event Campaign 03816,Reengagement,Event,Completed,2023-08-10,2023-12-01,,USD,2023-06-26T00:00:00
3817,CustomerEducation Social Campaign 03817,CustomerEducation,Social,Completed,2024-09-30,2024-12-06,8468.02,USD,2024-07-21T00:00:00
3818,Reengagement Event Campaign 03818,Reengagement,Event,Completed,2026-01-20,2026-02-16,49630.54,USD,2025-11-04T00:00:00
3819,Reengagement Web Campaign 03819,Reengagement,Web,Active,2024-11-11,,5100.07,USD,2024-09-23T00:00:00
3820,Nurture Email Campaign 03820,Nurture,Email,Cancelled,2025-02-09,2025-03-16,7890.27,USD,2024-12-04T00:00:00
3821,Retention Event Campaign 03821,Retention,Event,Completed,2025-11-30,2026-01-24,8726.55,USD,2025-08-21T00:00:00
3822,Reengagement Email Campaign 03822,Reengagement,Email,Active,2026-01-02,,11504.62,USD,2025-09-27T00:00:00
3823,Reengagement Email Campaign 03823,Reengagement,Email,Completed,2023-10-01,2023-10-25,8662.01,USD,2023-07-23T00:00:00
3824,CustomerEducation Phone Campaign 03824,CustomerEducation,Phone,Completed,2025-12-11,2026-01-18,359341.06,USD,2025-10-15T00:00:00
3825,Retention Web Campaign 03825,Retention,Web,Scheduled,2026-09-02,2026-11-18,13742.55,USD,2026-08-31T00:00:00
3826,CustomerEducation Event Campaign 03826,CustomerEducation,Event,Draft,2026-09-20,,5260.70,USD,2026-08-09T00:00:00
3827,Reengagement Web Campaign 03827,Reengagement,Web,Active,2023-07-27,,26304.39,USD,2023-04-15T00:00:00
3828,Awareness Event Campaign 03828,Awareness,Event,Active,2024-10-29,,12707.98,USD,2024-09-28T00:00:00
3829,Reengagement Webinar Campaign 03829,Reengagement,Webinar,Completed,2023-09-23,2024-01-21,7560.73,USD,2023-09-19T00:00:00
3830,CustomerEducation Webinar Campaign 03830,CustomerEducation,Webinar,Cancelled,2025-02-06,2025-05-28,21115.77,USD,2024-11-09T00:00:00
3831,CustomerEducation Event Campaign 03831,CustomerEducation,Event,Active,2023-12-18,,5035.83,USD,2023-11-17T00:00:00
3832,Awareness Email Campaign 03832,Awareness,Email,Scheduled,2026-11-07,2026-12-07,6428.41,USD,2026-10-07T00:00:00
3833,Retention Webinar Campaign 03833,Retention,Webinar,Active,2024-09-13,,21409.79,USD,2024-08-07T00:00:00
3834,Nurture Webinar Campaign 03834,Nurture,Webinar,Completed,2023-08-28,2023-11-03,9866.90,USD,2023-05-30T00:00:00
3835,Nurture Event Campaign 03835,Nurture,Event,Completed,2023-07-26,2023-08-26,8314.80,USD,2023-07-19T00:00:00
3836,Awareness Email Campaign 03836,Awareness,Email,Completed,2024-10-18,2024-12-11,15222.25,USD,2024-08-18T00:00:00
3837,Retention Webinar Campaign 03837,Retention,Webinar,Cancelled,2024-11-06,2025-01-05,78489.88,USD,2024-10-08T00:00:00
3838,CustomerEducation Event Campaign 03838,CustomerEducation,Event,Completed,2025-01-06,2025-04-14,55692.51,USD,2024-11-05T00:00:00
3839,Reengagement Email Campaign 03839,Reengagement,Email,Completed,2023-11-19,2023-12-05,,USD,2023-10-20T00:00:00
3840,Reengagement Social Campaign 03840,Reengagement,Social,Completed,2025-03-15,2025-06-23,,USD,2025-03-02T00:00:00
3841,Reengagement Social Campaign 03841,Reengagement,Social,Cancelled,2026-02-03,2026-04-27,20078.41,USD,2025-11-24T00:00:00
3842,Nurture Webinar Campaign 03842,Nurture,Webinar,Scheduled,2027-01-02,2027-02-15,5005.78,USD,2026-10-24T00:00:00
3843,Awareness Web Campaign 03843,Awareness,Web,Active,2025-01-04,,6378.77,USD,2024-12-08T00:00:00
3844,CustomerEducation Phone Campaign 03844,CustomerEducation,Phone,Completed,2025-01-03,2025-04-16,13796.20,USD,2024-09-05T00:00:00
3845,Retention Email Campaign 03845,Retention,Email,Completed,2025-12-25,2026-03-23,12105.47,USD,2025-12-24T00:00:00
3846,Nurture Webinar Campaign 03846,Nurture,Webinar,Draft,2026-11-05,,12860.59,USD,2026-07-21T00:00:00
3847,Nurture Webinar Campaign 03847,Nurture,Webinar,Draft,2027-01-03,,6747.75,USD,2026-09-23T00:00:00
3848,Reengagement Webinar Campaign 03848,Reengagement,Webinar,Completed,2025-01-22,2025-05-04,,USD,2025-01-13T00:00:00
3849,Awareness Web Campaign 03849,Awareness,Web,Scheduled,2026-11-09,2027-03-04,20524.56,USD,2026-07-24T00:00:00
3850,Nurture Webinar Campaign 03850,Nurture,Webinar,Scheduled,2026-09-10,2026-11-01,,USD,2026-07-05T00:00:00
3851,Nurture Social Campaign 03851,Nurture,Social,Active,2023-09-23,,7197.86,USD,2023-09-17T00:00:00
3852,Retention Phone Campaign 03852,Retention,Phone,Completed,2023-08-11,2023-12-06,5091.07,USD,2023-07-19T00:00:00
3853,Retention Event Campaign 03853,Retention,Event,Completed,2024-11-13,2025-01-17,5239.93,USD,2024-10-25T00:00:00
3854,Awareness Webinar Campaign 03854,Awareness,Webinar,Completed,2023-08-20,2023-12-03,15149.29,USD,2023-06-27T00:00:00
3855,Retention Phone Campaign 03855,Retention,Phone,Completed,2024-01-09,2024-02-18,,USD,2023-10-23T00:00:00
3856,Awareness Event Campaign 03856,Awareness,Event,Completed,2026-01-20,2026-05-03,,USD,2025-12-17T00:00:00
3857,Reengagement Event Campaign 03857,Reengagement,Event,Scheduled,2027-01-02,2027-02-01,5216.46,USD,2026-11-14T00:00:00
3858,CustomerEducation Event Campaign 03858,CustomerEducation,Event,Cancelled,2024-12-20,2025-04-11,7268.71,USD,2024-11-21T00:00:00
3859,Awareness Social Campaign 03859,Awareness,Social,Draft,2026-11-02,,8284.87,USD,2026-10-03T00:00:00
3860,Reengagement Web Campaign 03860,Reengagement,Web,Active,2026-01-03,,6922.67,USD,2026-01-02T00:00:00
3861,Awareness Event Campaign 03861,Awareness,Event,Active,2025-11-21,,6251.04,USD,2025-08-22T00:00:00
3862,Nurture Social Campaign 03862,Nurture,Social,Cancelled,2024-11-21,2024-12-09,,USD,2024-08-07T00:00:00
3863,Nurture Social Campaign 03863,Nurture,Social,Cancelled,2026-01-13,2026-05-03,17981.86,USD,2025-09-20T00:00:00
3864,CustomerEducation Event Campaign 03864,CustomerEducation,Event,Completed,2024-11-08,2024-12-22,6930.60,USD,2024-09-12T00:00:00
3865,Nurture Social Campaign 03865,Nurture,Social,Active,2023-08-13,,36196.72,USD,2023-05-13T00:00:00
3866,Awareness Phone Campaign 03866,Awareness,Phone,Scheduled,2026-09-10,2026-12-01,6371.02,USD,2026-05-20T00:00:00
3867,CustomerEducation Webinar Campaign 03867,CustomerEducation,Webinar,Completed,2024-12-29,2025-03-17,13546.84,USD,2024-12-05T00:00:00
3868,Awareness Email Campaign 03868,Awareness,Email,Active,2025-11-16,,5268.77,USD,2025-07-22T00:00:00
3869,Nurture Web Campaign 03869,Nurture,Web,Completed,2023-09-23,2023-10-19,5135.51,USD,2023-08-22T00:00:00
3870,CustomerEducation Event Campaign 03870,CustomerEducation,Event,Cancelled,2026-01-05,2026-01-12,6574.24,USD,2025-10-01T00:00:00
3871,Nurture Email Campaign 03871,Nurture,Email,Active,2025-01-14,,10820.44,USD,2024-10-31T00:00:00
3872,Retention Webinar Campaign 03872,Retention,Webinar,Active,2024-12-08,,14358.55,USD,2024-09-11T00:00:00
3873,Reengagement Phone Campaign 03873,Reengagement,Phone,Completed,2025-01-07,2025-01-30,82569.73,USD,2024-12-10T00:00:00
3874,CustomerEducation Web Campaign 03874,CustomerEducation,Web,Completed,2025-12-15,2026-02-05,11346.56,USD,2025-10-04T00:00:00
3875,Awareness Phone Campaign 03875,Awareness,Phone,Scheduled,2026-10-31,2026-12-25,10356.48,USD,2026-07-28T00:00:00
3876,Reengagement Web Campaign 03876,Reengagement,Web,Completed,2024-11-29,2025-02-25,7918.76,USD,2024-09-25T00:00:00
3877,Reengagement Social Campaign 03877,Reengagement,Social,Active,2025-02-11,,51782.13,USD,2025-01-08T00:00:00
3878,Awareness Email Campaign 03878,Awareness,Email,Active,2023-08-13,,12717.03,USD,2023-04-17T00:00:00
3879,CustomerEducation Phone Campaign 03879,CustomerEducation,Phone,Cancelled,2024-10-16,2024-10-30,12894.21,USD,2024-06-20T00:00:00
3880,Retention Social Campaign 03880,Retention,Social,Completed,2024-11-07,2025-01-21,10413.29,USD,2024-08-17T00:00:00
3881,Awareness Social Campaign 03881,Awareness,Social,Completed,2025-12-10,2025-12-26,10416.70,USD,2025-12-02T00:00:00
3882,CustomerEducation Event Campaign 03882,CustomerEducation,Event,Draft,2026-11-09,,7371.35,USD,2026-08-18T00:00:00
3883,Retention Email Campaign 03883,Retention,Email,Cancelled,2026-01-30,2026-05-26,20764.53,USD,2025-10-21T00:00:00
3884,Reengagement Web Campaign 03884,Reengagement,Web,Completed,2025-01-06,2025-01-29,17236.39,USD,2024-11-04T00:00:00
3885,Retention Web Campaign 03885,Retention,Web,Active,2023-10-22,,,USD,2023-08-10T00:00:00
3886,Retention Email Campaign 03886,Retention,Email,Cancelled,2025-11-13,2026-01-24,27464.30,USD,2025-09-07T00:00:00
3887,Reengagement Webinar Campaign 03887,Reengagement,Webinar,Active,2026-02-14,,20013.49,USD,2026-02-09T00:00:00
3888,Reengagement Email Campaign 03888,Reengagement,Email,Completed,2025-02-21,2025-05-21,6524.21,USD,2025-02-19T00:00:00
3889,Awareness Event Campaign 03889,Awareness,Event,Completed,2023-09-07,2023-10-15,9106.58,USD,2023-05-25T00:00:00
3890,CustomerEducation Email Campaign 03890,CustomerEducation,Email,Active,2026-01-18,,8418.01,USD,2025-10-31T00:00:00
3891,Awareness Email Campaign 03891,Awareness,Email,Active,2024-12-24,,5219.95,USD,2024-11-25T00:00:00
3892,Reengagement Email Campaign 03892,Reengagement,Email,Active,2024-12-21,,7740.33,USD,2024-09-29T00:00:00
3893,CustomerEducation Email Campaign 03893,CustomerEducation,Email,Active,2024-12-13,,11201.92,USD,2024-09-07T00:00:00
3894,Reengagement Social Campaign 03894,Reengagement,Social,Active,2024-11-18,,,USD,2024-10-02T00:00:00
3895,Nurture Social Campaign 03895,Nurture,Social,Active,2025-01-20,,,USD,2024-12-23T00:00:00
3896,Retention Web Campaign 03896,Retention,Web,Cancelled,2023-11-08,2024-01-04,5145.99,USD,2023-10-02T00:00:00
3897,Reengagement Event Campaign 03897,Reengagement,Event,Completed,2023-07-27,2023-08-06,16789.32,USD,2023-07-17T00:00:00
3898,Reengagement Web Campaign 03898,Reengagement,Web,Active,2024-12-27,,16772.27,USD,2024-09-05T00:00:00
3899,Awareness Web Campaign 03899,Awareness,Web,Active,2023-07-27,,5662.36,USD,2023-06-25T00:00:00
3900,Retention Phone Campaign 03900,Retention,Phone,Completed,2023-10-15,2023-11-21,,USD,2023-07-13T00:00:00
3901,Reengagement Event Campaign 03901,Reengagement,Event,Active,2026-02-12,,21285.51,USD,2025-12-18T00:00:00
3902,Reengagement Web Campaign 03902,Reengagement,Web,Completed,2023-10-30,2023-11-18,8688.71,USD,2023-10-23T00:00:00
3903,CustomerEducation Web Campaign 03903,CustomerEducation,Web,Scheduled,2026-09-03,2026-10-03,375295.67,USD,2026-05-26T00:00:00
3904,Retention Webinar Campaign 03904,Retention,Webinar,Scheduled,2026-11-03,2026-12-07,,USD,2026-10-13T00:00:00
3905,Reengagement Email Campaign 03905,Reengagement,Email,Active,2025-10-28,,5218.33,USD,2025-09-23T00:00:00
3906,Retention Web Campaign 03906,Retention,Web,Completed,2024-11-18,2025-02-07,8992.95,USD,2024-08-08T00:00:00
3907,Awareness Event Campaign 03907,Awareness,Event,Active,2025-01-27,,9474.61,USD,2024-11-24T00:00:00
3908,Reengagement Social Campaign 03908,Reengagement,Social,Active,2025-11-12,,29716.38,USD,2025-10-28T00:00:00
3909,Awareness Social Campaign 03909,Awareness,Social,Cancelled,2023-09-08,2023-10-30,,USD,2023-05-31T00:00:00
3910,Awareness Email Campaign 03910,Awareness,Email,Completed,2023-09-04,2023-11-30,5177.77,USD,2023-05-21T00:00:00
3911,CustomerEducation Phone Campaign 03911,CustomerEducation,Phone,Completed,2023-08-26,2023-10-20,130619.40,USD,2023-08-03T00:00:00
3912,CustomerEducation Event Campaign 03912,CustomerEducation,Event,Draft,2026-12-27,,6459.10,USD,2026-10-22T00:00:00
3913,CustomerEducation Event Campaign 03913,CustomerEducation,Event,Scheduled,2026-11-09,2026-12-09,7511.36,USD,2026-09-11T00:00:00
3914,Nurture Web Campaign 03914,Nurture,Web,Draft,2027-01-01,,11551.65,USD,2026-12-11T00:00:00
3915,CustomerEducation Event Campaign 03915,CustomerEducation,Event,Completed,2026-01-21,2026-04-09,,USD,2026-01-10T00:00:00
3916,Nurture Social Campaign 03916,Nurture,Social,Scheduled,2026-12-26,2027-04-09,7231.82,USD,2026-10-03T00:00:00
3917,Reengagement Web Campaign 03917,Reengagement,Web,Completed,2026-01-25,2026-03-06,7065.79,USD,2025-10-29T00:00:00
3918,Reengagement Social Campaign 03918,Reengagement,Social,Active,2024-11-25,,5063.43,USD,2024-08-03T00:00:00
3919,Nurture Web Campaign 03919,Nurture,Web,Active,2023-10-28,,,USD,2023-07-12T00:00:00
3920,Reengagement Web Campaign 03920,Reengagement,Web,Completed,2026-01-09,2026-05-02,10229.27,USD,2025-09-24T00:00:00
3921,Retention Event Campaign 03921,Retention,Event,Completed,2025-11-27,2026-01-31,5595.26,USD,2025-10-13T00:00:00
3922,Retention Event Campaign 03922,Retention,Event,Completed,2025-12-29,2026-04-06,8875.33,USD,2025-12-23T00:00:00
3923,CustomerEducation Web Campaign 03923,CustomerEducation,Web,Completed,2023-09-02,2023-10-29,10798.70,USD,2023-08-11T00:00:00
3924,CustomerEducation Event Campaign 03924,CustomerEducation,Event,Active,2023-08-30,,5519.47,USD,2023-07-19T00:00:00
3925,Reengagement Email Campaign 03925,Reengagement,Email,Draft,2026-09-19,,9115.95,USD,2026-08-22T00:00:00
3926,Awareness Event Campaign 03926,Awareness,Event,Completed,2025-02-04,2025-03-23,17550.95,USD,2024-12-19T00:00:00
3927,Nurture Phone Campaign 03927,Nurture,Phone,Cancelled,2024-10-15,2025-01-21,23237.99,USD,2024-07-27T00:00:00
3928,CustomerEducation Email Campaign 03928,CustomerEducation,Email,Scheduled,2026-11-11,2026-12-11,8430.60,USD,2026-08-30T00:00:00
3929,Reengagement Web Campaign 03929,Reengagement,Web,Completed,2023-08-18,2023-10-04,79919.42,USD,2023-05-08T00:00:00
3930,Retention Phone Campaign 03930,Retention,Phone,Active,2024-10-17,,6173.12,USD,2024-10-15T00:00:00
3931,CustomerEducation Event Campaign 03931,CustomerEducation,Event,Active,2026-03-23,,27174.07,USD,2026-01-28T00:00:00
3932,Nurture Phone Campaign 03932,Nurture,Phone,Draft,2026-09-12,,6955.90,USD,2026-09-03T00:00:00
3933,Reengagement Event Campaign 03933,Reengagement,Event,Completed,2026-02-02,2026-02-24,31085.31,USD,2025-12-02T00:00:00
3934,Reengagement Email Campaign 03934,Reengagement,Email,Scheduled,2026-09-14,2027-01-08,7375.07,USD,2026-07-19T00:00:00
3935,Reengagement Email Campaign 03935,Reengagement,Email,Completed,2023-10-28,2023-12-30,12540.94,USD,2023-07-19T00:00:00
3936,CustomerEducation Web Campaign 03936,CustomerEducation,Web,Cancelled,2023-09-13,2023-12-24,9769.43,USD,2023-07-24T00:00:00
3937,Awareness Webinar Campaign 03937,Awareness,Webinar,Completed,2023-06-28,2023-07-26,55986.25,USD,2023-06-05T00:00:00
3938,Retention Email Campaign 03938,Retention,Email,Completed,2023-08-29,2023-10-31,22996.98,USD,2023-07-01T00:00:00
3939,Reengagement Phone Campaign 03939,Reengagement,Phone,Active,2026-04-25,,68125.43,USD,2026-04-17T00:00:00
3940,CustomerEducation Phone Campaign 03940,CustomerEducation,Phone,Completed,2024-10-17,2025-02-07,6396.67,USD,2024-06-25T00:00:00
3941,Awareness Web Campaign 03941,Awareness,Web,Active,2024-10-06,,5131.63,USD,2024-09-27T00:00:00
3942,Awareness Webinar Campaign 03942,Awareness,Webinar,Active,2023-08-10,,6214.53,USD,2023-07-09T00:00:00
3943,Awareness Phone Campaign 03943,Awareness,Phone,Completed,2025-11-20,2026-02-20,9042.24,USD,2025-09-30T00:00:00
3944,Nurture Email Campaign 03944,Nurture,Email,Active,2023-08-22,,37779.32,USD,2023-05-27T00:00:00
3945,CustomerEducation Web Campaign 03945,CustomerEducation,Web,Completed,2023-12-23,2024-01-07,8225.59,USD,2023-10-10T00:00:00
3946,Retention Webinar Campaign 03946,Retention,Webinar,Completed,2026-01-18,2026-02-10,19159.18,USD,2025-12-25T00:00:00
3947,Awareness Webinar Campaign 03947,Awareness,Webinar,Completed,2024-12-11,2025-02-13,13158.65,USD,2024-10-18T00:00:00
3948,CustomerEducation Event Campaign 03948,CustomerEducation,Event,Active,2025-02-22,,7832.94,USD,2024-12-11T00:00:00
3949,Awareness Phone Campaign 03949,Awareness,Phone,Scheduled,2027-01-14,2027-03-17,11778.12,USD,2026-09-23T00:00:00
3950,Reengagement Social Campaign 03950,Reengagement,Social,Cancelled,2023-11-12,2024-01-05,5673.48,USD,2023-09-05T00:00:00
3951,Awareness Phone Campaign 03951,Awareness,Phone,Active,2025-01-26,,,USD,2024-10-01T00:00:00
3952,Reengagement Email Campaign 03952,Reengagement,Email,Cancelled,2025-01-18,2025-04-13,14911.70,USD,2024-09-24T00:00:00
3953,CustomerEducation Event Campaign 03953,CustomerEducation,Event,Active,2025-02-03,,5523.57,USD,2024-11-04T00:00:00
3954,CustomerEducation Email Campaign 03954,CustomerEducation,Email,Active,2025-10-19,,29872.70,USD,2025-08-26T00:00:00
3955,Awareness Web Campaign 03955,Awareness,Web,Scheduled,2026-09-01,2026-12-23,23026.11,USD,2026-06-23T00:00:00
3956,Reengagement Phone Campaign 03956,Reengagement,Phone,Draft,2027-01-08,,9256.85,USD,2026-12-12T00:00:00
3957,Awareness Phone Campaign 03957,Awareness,Phone,Scheduled,2026-09-12,2026-10-17,7584.99,USD,2026-05-18T00:00:00
3958,CustomerEducation Email Campaign 03958,CustomerEducation,Email,Active,2026-02-22,,10374.05,USD,2025-11-20T00:00:00
3959,Awareness Email Campaign 03959,Awareness,Email,Active,2026-03-26,,5095.00,USD,2026-01-24T00:00:00
3960,Reengagement Webinar Campaign 03960,Reengagement,Webinar,Completed,2023-06-01,2023-08-01,6725.88,USD,2023-03-03T00:00:00
3961,Reengagement Phone Campaign 03961,Reengagement,Phone,Active,2024-12-03,,10210.57,USD,2024-11-08T00:00:00
3962,Reengagement Social Campaign 03962,Reengagement,Social,Active,2023-10-19,,5237.20,USD,2023-08-23T00:00:00
3963,Nurture Web Campaign 03963,Nurture,Web,Draft,2026-12-21,,6019.39,USD,2026-10-30T00:00:00
3964,Retention Webinar Campaign 03964,Retention,Webinar,Active,2024-12-24,,5533.04,USD,2024-09-15T00:00:00
3965,Awareness Event Campaign 03965,Awareness,Event,Completed,2025-12-20,2026-02-27,5303.27,USD,2025-08-23T00:00:00
3966,Awareness Event Campaign 03966,Awareness,Event,Completed,2025-12-20,2025-12-29,6167.40,USD,2025-09-20T00:00:00
3967,Nurture Webinar Campaign 03967,Nurture,Webinar,Completed,2025-11-21,2026-01-30,20016.16,USD,2025-11-13T00:00:00
3968,Retention Web Campaign 03968,Retention,Web,Completed,2024-12-08,2025-04-03,,USD,2024-11-07T00:00:00
3969,Nurture Email Campaign 03969,Nurture,Email,Completed,2025-12-09,2026-04-04,,USD,2025-09-15T00:00:00
3970,Retention Social Campaign 03970,Retention,Social,Active,2023-10-05,,6646.82,USD,2023-08-20T00:00:00
3971,CustomerEducation Phone Campaign 03971,CustomerEducation,Phone,Draft,2026-12-30,,5463.24,USD,2026-09-27T00:00:00
3972,Awareness Webinar Campaign 03972,Awareness,Webinar,Completed,2023-11-11,2023-12-29,5080.73,USD,2023-07-14T00:00:00
3973,Nurture Phone Campaign 03973,Nurture,Phone,Completed,2025-04-22,2025-07-29,72237.31,USD,2025-02-15T00:00:00
3974,Reengagement Email Campaign 03974,Reengagement,Email,Scheduled,2026-12-01,2026-12-31,6329.78,USD,2026-08-26T00:00:00
3975,Reengagement Email Campaign 03975,Reengagement,Email,Scheduled,2026-12-28,2027-03-25,5638.12,USD,2026-11-05T00:00:00
3976,Awareness Phone Campaign 03976,Awareness,Phone,Completed,2026-01-14,2026-04-12,21518.09,USD,2025-10-22T00:00:00
3977,Nurture Phone Campaign 03977,Nurture,Phone,Active,2025-11-06,,14207.68,USD,2025-07-16T00:00:00
3978,Awareness Phone Campaign 03978,Awareness,Phone,Active,2026-01-23,,14573.91,USD,2025-10-21T00:00:00
3979,Retention Email Campaign 03979,Retention,Email,Scheduled,2026-09-07,2026-12-31,6179.30,USD,2026-07-17T00:00:00
3980,CustomerEducation Web Campaign 03980,CustomerEducation,Web,Completed,2026-01-03,2026-01-21,8791.07,USD,2026-01-01T00:00:00
3981,Nurture Social Campaign 03981,Nurture,Social,Completed,2023-09-08,2023-10-10,11788.72,USD,2023-08-06T00:00:00
3982,Retention Event Campaign 03982,Retention,Event,Completed,2023-10-19,2023-11-23,31691.22,USD,2023-08-28T00:00:00
3983,Reengagement Email Campaign 03983,Reengagement,Email,Cancelled,2025-03-30,2025-07-27,,USD,2024-12-13T00:00:00
3984,CustomerEducation Webinar Campaign 03984,CustomerEducation,Webinar,Cancelled,2026-01-19,2026-04-11,16143.07,USD,2025-09-22T00:00:00
3985,Retention Web Campaign 03985,Retention,Web,Active,2026-01-10,,9899.95,USD,2025-09-18T00:00:00
3986,Reengagement Email Campaign 03986,Reengagement,Email,Completed,2025-01-07,2025-04-03,9598.01,USD,2024-09-13T00:00:00
3987,Retention Email Campaign 03987,Retention,Email,Completed,2023-10-16,2024-02-13,5293.85,USD,2023-08-09T00:00:00
3988,Nurture Event Campaign 03988,Nurture,Event,Completed,2024-10-03,2024-12-03,15861.63,USD,2024-06-18T00:00:00
3989,Awareness Web Campaign 03989,Awareness,Web,Cancelled,2025-10-23,2025-12-14,15894.92,USD,2025-07-20T00:00:00
3990,CustomerEducation Phone Campaign 03990,CustomerEducation,Phone,Cancelled,2024-11-21,2025-01-24,5315.50,USD,2024-11-06T00:00:00
3991,Awareness Email Campaign 03991,Awareness,Email,Completed,2026-04-19,2026-05-19,112165.25,USD,2025-12-27T00:00:00
3992,CustomerEducation Social Campaign 03992,CustomerEducation,Social,Active,2023-10-03,,15777.03,USD,2023-08-16T00:00:00
3993,Nurture Event Campaign 03993,Nurture,Event,Completed,2023-09-06,2023-09-29,49431.21,USD,2023-08-26T00:00:00
3994,CustomerEducation Phone Campaign 03994,CustomerEducation,Phone,Completed,2024-10-25,2024-12-31,,USD,2024-09-29T00:00:00
3995,Awareness Webinar Campaign 03995,Awareness,Webinar,Scheduled,2026-10-29,2026-12-25,6308.97,USD,2026-07-08T00:00:00
3996,Retention Email Campaign 03996,Retention,Email,Draft,2026-12-31,,,USD,2026-10-18T00:00:00
3997,Nurture Web Campaign 03997,Nurture,Web,Scheduled,2026-11-17,2027-02-24,9330.83,USD,2026-07-30T00:00:00
3998,CustomerEducation Email Campaign 03998,CustomerEducation,Email,Active,2024-12-30,,8084.05,USD,2024-11-25T00:00:00
3999,Retention Event Campaign 03999,Retention,Event,Active,2024-12-21,,,USD,2024-09-05T00:00:00
4000,Reengagement Web Campaign 04000,Reengagement,Web,Completed,2023-09-16,2023-09-23,7793.27,USD,2023-07-31T00:00:00
4001,Retention Email Campaign 04001,Retention,Email,Draft,2027-01-04,,,USD,2026-10-25T00:00:00
4002,Awareness Web Campaign 04002,Awareness,Web,Cancelled,2024-12-28,2025-01-24,38502.02,USD,2024-11-19T00:00:00
4003,Nurture Email Campaign 04003,Nurture,Email,Draft,2026-11-09,,5815.39,USD,2026-10-26T00:00:00
4004,Awareness Webinar Campaign 04004,Awareness,Webinar,Completed,2024-12-11,2025-02-05,18988.86,USD,2024-11-18T00:00:00
4005,Retention Web Campaign 04005,Retention,Web,Cancelled,2024-12-12,2025-04-03,,USD,2024-09-17T00:00:00
4006,Awareness Webinar Campaign 04006,Awareness,Webinar,Completed,2023-06-24,2023-10-20,10563.85,USD,2023-04-17T00:00:00
4007,Reengagement Email Campaign 04007,Reengagement,Email,Active,2023-09-01,,,USD,2023-06-25T00:00:00
4008,Nurture Social Campaign 04008,Nurture,Social,Completed,2025-03-15,2025-04-19,,USD,2025-01-07T00:00:00
4009,Retention Phone Campaign 04009,Retention,Phone,Active,2023-08-13,,10449.37,USD,2023-05-01T00:00:00
4010,Reengagement Web Campaign 04010,Reengagement,Web,Active,2026-01-18,,5972.50,USD,2025-12-27T00:00:00
4011,Retention Webinar Campaign 04011,Retention,Webinar,Active,2025-12-20,,5016.42,USD,2025-11-26T00:00:00
4012,Nurture Event Campaign 04012,Nurture,Event,Completed,2023-11-10,2024-01-16,5187.08,USD,2023-10-29T00:00:00
4013,Nurture Email Campaign 04013,Nurture,Email,Completed,2023-08-14,2023-11-03,5180.85,USD,2023-08-13T00:00:00
4014,Reengagement Webinar Campaign 04014,Reengagement,Webinar,Completed,2024-09-05,2024-12-06,5718.16,USD,2024-08-13T00:00:00
4015,Nurture Social Campaign 04015,Nurture,Social,Completed,2024-11-01,2025-01-22,,USD,2024-09-24T00:00:00
4016,Awareness Email Campaign 04016,Awareness,Email,Cancelled,2025-12-25,2026-03-03,11471.22,USD,2025-11-03T00:00:00
4017,Nurture Event Campaign 04017,Nurture,Event,Scheduled,2026-11-19,2027-02-15,10074.46,USD,2026-08-05T00:00:00
4018,Retention Social Campaign 04018,Retention,Social,Draft,2027-01-03,,296644.96,USD,2026-11-06T00:00:00
4019,Reengagement Webinar Campaign 04019,Reengagement,Webinar,Cancelled,2023-11-19,2024-03-01,10354.08,USD,2023-08-17T00:00:00
4020,CustomerEducation Social Campaign 04020,CustomerEducation,Social,Completed,2023-10-16,2023-10-29,22478.49,USD,2023-07-22T00:00:00
4021,Nurture Web Campaign 04021,Nurture,Web,Active,2025-01-07,,23721.82,USD,2024-11-21T00:00:00
4022,CustomerEducation Webinar Campaign 04022,CustomerEducation,Webinar,Draft,2026-09-08,,38597.14,USD,2026-05-12T00:00:00
4023,Awareness Phone Campaign 04023,Awareness,Phone,Cancelled,2026-02-23,2026-06-05,11601.43,USD,2026-01-25T00:00:00
4024,Retention Web Campaign 04024,Retention,Web,Active,2026-02-02,,9663.19,USD,2025-11-25T00:00:00
4025,CustomerEducation Web Campaign 04025,CustomerEducation,Web,Scheduled,2026-09-03,2027-01-01,8193.32,USD,2026-06-01T00:00:00
4026,Awareness Webinar Campaign 04026,Awareness,Webinar,Draft,2026-11-14,,5541.42,USD,2026-10-22T00:00:00
4027,Retention Webinar Campaign 04027,Retention,Webinar,Completed,2025-03-16,2025-05-20,53250.22,USD,2024-12-03T00:00:00
4028,Retention Web Campaign 04028,Retention,Web,Cancelled,2025-12-16,2026-02-03,5189.91,USD,2025-09-19T00:00:00
4029,Nurture Phone Campaign 04029,Nurture,Phone,Active,2023-09-03,,13881.67,USD,2023-07-17T00:00:00
4030,Awareness Social Campaign 04030,Awareness,Social,Cancelled,2024-11-28,2024-12-21,24971.71,USD,2024-11-09T00:00:00
4031,CustomerEducation Phone Campaign 04031,CustomerEducation,Phone,Active,2024-12-24,,12932.31,USD,2024-12-10T00:00:00
4032,CustomerEducation Web Campaign 04032,CustomerEducation,Web,Active,2023-09-09,,14431.31,USD,2023-08-27T00:00:00
4033,Awareness Email Campaign 04033,Awareness,Email,Completed,2024-10-27,2025-01-28,5021.82,USD,2024-08-15T00:00:00
4034,CustomerEducation Email Campaign 04034,CustomerEducation,Email,Completed,2025-01-14,2025-04-20,5858.55,USD,2024-11-29T00:00:00
4035,Reengagement Webinar Campaign 04035,Reengagement,Webinar,Active,2026-01-02,,5668.40,USD,2025-11-27T00:00:00
4036,CustomerEducation Social Campaign 04036,CustomerEducation,Social,Completed,2025-12-15,2026-02-08,,USD,2025-09-10T00:00:00
4037,Retention Social Campaign 04037,Retention,Social,Completed,2025-11-13,2026-01-03,,USD,2025-10-18T00:00:00
4038,CustomerEducation Event Campaign 04038,CustomerEducation,Event,Active,2024-11-07,,21302.36,USD,2024-10-15T00:00:00
4039,Retention Event Campaign 04039,Retention,Event,Active,2026-04-10,,30555.77,USD,2026-03-03T00:00:00
4040,Nurture Social Campaign 04040,Nurture,Social,Completed,2024-12-26,2025-03-19,11830.76,USD,2024-12-07T00:00:00
4041,Nurture Social Campaign 04041,Nurture,Social,Completed,2023-09-28,2023-10-08,10780.77,USD,2023-07-25T00:00:00
4042,Awareness Social Campaign 04042,Awareness,Social,Completed,2024-11-26,2025-02-19,8016.98,USD,2024-10-12T00:00:00
4043,Nurture Social Campaign 04043,Nurture,Social,Completed,2023-11-07,2024-01-30,31366.60,USD,2023-07-20T00:00:00
4044,Nurture Web Campaign 04044,Nurture,Web,Completed,2025-01-08,2025-04-26,14991.72,USD,2024-11-27T00:00:00
4045,Reengagement Email Campaign 04045,Reengagement,Email,Completed,2024-12-30,2025-02-21,5741.43,USD,2024-09-19T00:00:00
4046,Awareness Social Campaign 04046,Awareness,Social,Scheduled,2026-09-14,2026-12-25,13163.20,USD,2026-07-17T00:00:00
4047,Retention Social Campaign 04047,Retention,Social,Scheduled,2026-12-30,2027-03-07,7988.20,USD,2026-10-29T00:00:00
4048,Awareness Event Campaign 04048,Awareness,Event,Completed,2026-04-23,2026-05-08,5066.70,USD,2026-03-26T00:00:00
4049,Retention Webinar Campaign 04049,Retention,Webinar,Scheduled,2027-01-08,2027-02-07,5505.38,USD,2026-10-13T00:00:00
4050,Nurture Web Campaign 04050,Nurture,Web,Active,2023-07-21,,9525.58,USD,2023-04-25T00:00:00
4051,CustomerEducation Email Campaign 04051,CustomerEducation,Email,Active,2023-10-23,,5642.61,USD,2023-09-17T00:00:00
4052,Reengagement Phone Campaign 04052,Reengagement,Phone,Scheduled,2026-09-08,2026-10-09,6655.72,USD,2026-08-17T00:00:00
4053,CustomerEducation Email Campaign 04053,CustomerEducation,Email,Completed,2024-12-03,2025-01-11,15356.95,USD,2024-08-17T00:00:00
4054,Nurture Phone Campaign 04054,Nurture,Phone,Completed,2023-08-22,2023-11-25,11263.68,USD,2023-08-20T00:00:00
4055,Retention Event Campaign 04055,Retention,Event,Completed,2023-08-15,2023-09-09,6387.81,USD,2023-06-19T00:00:00
4056,CustomerEducation Web Campaign 04056,CustomerEducation,Web,Cancelled,2023-11-15,2024-02-27,132380.65,USD,2023-07-19T00:00:00
4057,Reengagement Event Campaign 04057,Reengagement,Event,Scheduled,2026-09-01,2026-10-01,11378.99,USD,2026-05-23T00:00:00
4058,Retention Web Campaign 04058,Retention,Web,Completed,2026-01-31,2026-02-08,25795.08,USD,2026-01-14T00:00:00
4059,Retention Social Campaign 04059,Retention,Social,Scheduled,2027-01-04,2027-04-17,24920.78,USD,2026-12-21T00:00:00
4060,Awareness Email Campaign 04060,Awareness,Email,Completed,2026-01-30,2026-02-16,6726.80,USD,2025-11-22T00:00:00
4061,Retention Webinar Campaign 04061,Retention,Webinar,Active,2024-11-07,,23381.53,USD,2024-07-17T00:00:00
4062,Awareness Phone Campaign 04062,Awareness,Phone,Completed,2023-09-08,2023-11-03,12046.47,USD,2023-09-06T00:00:00
4063,CustomerEducation Event Campaign 04063,CustomerEducation,Event,Completed,2023-08-11,2023-09-17,22946.41,USD,2023-07-16T00:00:00
4064,Nurture Phone Campaign 04064,Nurture,Phone,Active,2026-02-25,,18673.83,USD,2025-11-10T00:00:00
4065,Awareness Email Campaign 04065,Awareness,Email,Completed,2025-11-27,2026-03-03,29576.93,USD,2025-08-11T00:00:00
4066,Awareness Email Campaign 04066,Awareness,Email,Active,2023-09-02,,15303.82,USD,2023-08-16T00:00:00
4067,Retention Social Campaign 04067,Retention,Social,Active,2024-10-19,,6042.91,USD,2024-10-02T00:00:00
4068,Awareness Web Campaign 04068,Awareness,Web,Active,2026-04-02,,,USD,2026-03-15T00:00:00
4069,Reengagement Event Campaign 04069,Reengagement,Event,Completed,2023-07-19,2023-10-24,8830.20,USD,2023-05-25T00:00:00
4070,Retention Phone Campaign 04070,Retention,Phone,Completed,2025-01-15,2025-02-28,9715.20,USD,2025-01-01T00:00:00
4071,CustomerEducation Email Campaign 04071,CustomerEducation,Email,Completed,2023-06-20,2023-07-07,,USD,2023-04-08T00:00:00
4072,Retention Webinar Campaign 04072,Retention,Webinar,Scheduled,2026-09-10,2026-10-12,23423.10,USD,2026-07-21T00:00:00
4073,Awareness Social Campaign 04073,Awareness,Social,Active,2026-02-05,,13795.59,USD,2026-01-01T00:00:00
4074,CustomerEducation Social Campaign 04074,CustomerEducation,Social,Completed,2026-02-06,2026-05-03,5513.36,USD,2025-10-24T00:00:00
4075,Nurture Event Campaign 04075,Nurture,Event,Completed,2024-12-19,2025-02-16,6665.53,USD,2024-10-31T00:00:00
4076,Reengagement Web Campaign 04076,Reengagement,Web,Completed,2024-11-24,2025-03-07,5609.34,USD,2024-08-17T00:00:00
4077,Awareness Phone Campaign 04077,Awareness,Phone,Cancelled,2026-01-23,2026-05-11,6953.38,USD,2025-11-04T00:00:00
4078,CustomerEducation Email Campaign 04078,CustomerEducation,Email,Completed,2024-11-06,2025-01-26,9243.78,USD,2024-09-04T00:00:00
4079,Nurture Web Campaign 04079,Nurture,Web,Active,2023-07-30,,9843.43,USD,2023-04-14T00:00:00
4080,Retention Social Campaign 04080,Retention,Social,Cancelled,2023-10-08,2023-11-30,43691.83,USD,2023-09-09T00:00:00
4081,Nurture Webinar Campaign 04081,Nurture,Webinar,Scheduled,2026-11-20,2026-12-20,47384.89,USD,2026-09-11T00:00:00
4082,CustomerEducation Phone Campaign 04082,CustomerEducation,Phone,Completed,2025-11-16,2025-12-02,8063.75,USD,2025-09-19T00:00:00
4083,Retention Webinar Campaign 04083,Retention,Webinar,Draft,2026-12-26,,,USD,2026-09-04T00:00:00
4084,Reengagement Webinar Campaign 04084,Reengagement,Webinar,Cancelled,2024-11-06,2024-11-28,8577.68,USD,2024-10-18T00:00:00
4085,Reengagement Social Campaign 04085,Reengagement,Social,Completed,2024-12-04,2025-02-27,21125.54,USD,2024-09-22T00:00:00
4086,Reengagement Event Campaign 04086,Reengagement,Event,Completed,2026-02-14,2026-05-24,5328.32,USD,2025-10-19T00:00:00
4087,Reengagement Phone Campaign 04087,Reengagement,Phone,Completed,2026-02-10,2026-04-21,8373.41,USD,2026-01-02T00:00:00
4088,Retention Web Campaign 04088,Retention,Web,Scheduled,2026-12-24,2027-02-12,96859.15,USD,2026-11-13T00:00:00
4089,Nurture Social Campaign 04089,Nurture,Social,Cancelled,2023-09-21,2024-01-16,5455.16,USD,2023-09-14T00:00:00
4090,Nurture Phone Campaign 04090,Nurture,Phone,Active,2025-01-05,,25435.36,USD,2024-09-07T00:00:00
4091,Reengagement Phone Campaign 04091,Reengagement,Phone,Completed,2023-08-21,2023-12-05,11117.48,USD,2023-04-28T00:00:00
4092,Awareness Web Campaign 04092,Awareness,Web,Scheduled,2026-09-03,2026-10-19,7509.30,USD,2026-07-27T00:00:00
4093,Awareness Event Campaign 04093,Awareness,Event,Active,2025-11-17,,19244.31,USD,2025-10-11T00:00:00
4094,Nurture Web Campaign 04094,Nurture,Web,Cancelled,2023-08-01,2023-11-05,19372.72,USD,2023-07-24T00:00:00
4095,Reengagement Email Campaign 04095,Reengagement,Email,Completed,2025-12-30,2026-02-27,7167.89,USD,2025-12-12T00:00:00
4096,Nurture Email Campaign 04096,Nurture,Email,Active,2026-01-14,,7314.75,USD,2025-09-23T00:00:00
4097,Reengagement Webinar Campaign 04097,Reengagement,Webinar,Draft,2026-08-29,,9003.07,USD,2026-07-24T00:00:00
4098,Awareness Phone Campaign 04098,Awareness,Phone,Completed,2023-06-19,2023-07-31,5856.39,USD,2023-03-12T00:00:00
4099,Retention Webinar Campaign 04099,Retention,Webinar,Active,2024-10-31,,,USD,2024-09-30T00:00:00
4100,CustomerEducation Phone Campaign 04100,CustomerEducation,Phone,Completed,2025-02-10,2025-05-16,5701.03,USD,2025-02-08T00:00:00
4101,Reengagement Webinar Campaign 04101,Reengagement,Webinar,Completed,2026-01-07,2026-04-25,25483.43,USD,2025-12-12T00:00:00
4102,Nurture Phone Campaign 04102,Nurture,Phone,Completed,2024-12-24,2025-04-22,19907.07,USD,2024-09-14T00:00:00
4103,Nurture Event Campaign 04103,Nurture,Event,Active,2026-01-25,,7071.25,USD,2026-01-17T00:00:00
4104,Reengagement Event Campaign 04104,Reengagement,Event,Scheduled,2026-11-14,2027-01-18,5819.91,USD,2026-07-25T00:00:00
4105,Retention Webinar Campaign 04105,Retention,Webinar,Completed,2024-11-21,2025-01-29,5570.78,USD,2024-10-22T00:00:00
4106,Reengagement Social Campaign 04106,Reengagement,Social,Completed,2026-01-15,2026-02-03,6874.71,USD,2025-11-10T00:00:00
4107,Awareness Email Campaign 04107,Awareness,Email,Active,2023-07-20,,25431.23,USD,2023-06-19T00:00:00
4108,Nurture Web Campaign 04108,Nurture,Web,Completed,2023-10-04,2024-01-06,26773.95,USD,2023-09-06T00:00:00
4109,Nurture Event Campaign 04109,Nurture,Event,Completed,2026-03-05,2026-04-17,118918.40,USD,2026-01-21T00:00:00
4110,Retention Social Campaign 04110,Retention,Social,Scheduled,2027-01-04,2027-02-26,5409.79,USD,2026-11-12T00:00:00
4111,CustomerEducation Phone Campaign 04111,CustomerEducation,Phone,Completed,2024-09-23,2024-12-28,20738.27,USD,2024-08-19T00:00:00
4112,Awareness Web Campaign 04112,Awareness,Web,Active,2023-10-19,,10382.76,USD,2023-07-06T00:00:00
4113,Nurture Web Campaign 04113,Nurture,Web,Active,2025-12-16,,9887.73,USD,2025-12-05T00:00:00
4114,Awareness Web Campaign 04114,Awareness,Web,Completed,2026-04-08,2026-04-20,6432.25,USD,2026-03-08T00:00:00
4115,Nurture Event Campaign 04115,Nurture,Event,Completed,2026-01-17,2026-02-15,7455.08,USD,2025-10-15T00:00:00
4116,Retention Event Campaign 04116,Retention,Event,Draft,2026-09-20,,10645.73,USD,2026-06-05T00:00:00
4117,Nurture Social Campaign 04117,Nurture,Social,Draft,2026-11-11,,26293.72,USD,2026-10-11T00:00:00
4118,Nurture Web Campaign 04118,Nurture,Web,Completed,2023-08-28,2023-11-28,57614.89,USD,2023-05-15T00:00:00
4119,Nurture Event Campaign 04119,Nurture,Event,Scheduled,2026-09-02,2026-11-08,5991.02,USD,2026-06-01T00:00:00
4120,Nurture Event Campaign 04120,Nurture,Event,Cancelled,2024-10-23,2024-12-16,,USD,2024-08-13T00:00:00
4121,Reengagement Webinar Campaign 04121,Reengagement,Webinar,Completed,2023-10-21,2023-11-02,75318.11,USD,2023-07-12T00:00:00
4122,CustomerEducation Event Campaign 04122,CustomerEducation,Event,Completed,2026-04-17,2026-05-15,7197.12,USD,2026-01-06T00:00:00
4123,Retention Email Campaign 04123,Retention,Email,Cancelled,2025-12-30,2026-04-26,,USD,2025-11-05T00:00:00
4124,Awareness Webinar Campaign 04124,Awareness,Webinar,Completed,2025-01-02,2025-01-19,5442.14,USD,2024-10-23T00:00:00
4125,CustomerEducation Phone Campaign 04125,CustomerEducation,Phone,Draft,2026-09-16,,13773.20,USD,2026-05-30T00:00:00
4126,Nurture Email Campaign 04126,Nurture,Email,Active,2025-03-10,,6366.11,USD,2025-02-01T00:00:00
4127,Awareness Social Campaign 04127,Awareness,Social,Cancelled,2025-12-11,2026-01-11,68524.35,USD,2025-09-21T00:00:00
4128,Retention Email Campaign 04128,Retention,Email,Completed,2023-10-02,2023-11-10,9875.01,USD,2023-07-18T00:00:00
4129,CustomerEducation Social Campaign 04129,CustomerEducation,Social,Scheduled,2026-09-18,2026-12-13,6275.87,USD,2026-07-27T00:00:00
4130,Nurture Event Campaign 04130,Nurture,Event,Draft,2027-01-04,,5984.35,USD,2026-10-15T00:00:00
4131,Nurture Web Campaign 04131,Nurture,Web,Scheduled,2027-01-07,2027-02-06,,USD,2026-10-10T00:00:00
4132,CustomerEducation Email Campaign 04132,CustomerEducation,Email,Active,2026-02-22,,39024.33,USD,2025-12-30T00:00:00
4133,Nurture Email Campaign 04133,Nurture,Email,Cancelled,2025-04-12,2025-06-01,5398.88,USD,2025-02-05T00:00:00
4134,Reengagement Email Campaign 04134,Reengagement,Email,Active,2025-12-31,,7316.32,USD,2025-09-20T00:00:00
4135,Nurture Event Campaign 04135,Nurture,Event,Cancelled,2024-11-19,2025-03-10,5610.24,USD,2024-10-08T00:00:00
4136,Nurture Event Campaign 04136,Nurture,Event,Draft,2026-10-31,,8678.53,USD,2026-07-15T00:00:00
4137,CustomerEducation Web Campaign 04137,CustomerEducation,Web,Active,2026-03-02,,5957.70,USD,2026-01-29T00:00:00
4138,Nurture Event Campaign 04138,Nurture,Event,Completed,2025-11-06,2025-11-23,7411.33,USD,2025-10-02T00:00:00
4139,CustomerEducation Web Campaign 04139,CustomerEducation,Web,Scheduled,2026-11-12,2027-01-19,5370.09,USD,2026-09-28T00:00:00
4140,Nurture Webinar Campaign 04140,Nurture,Webinar,Completed,2023-08-09,2023-09-14,12139.05,USD,2023-07-14T00:00:00
4141,Reengagement Webinar Campaign 04141,Reengagement,Webinar,Scheduled,2026-09-07,2026-11-18,6862.05,USD,2026-05-14T00:00:00
4142,CustomerEducation Webinar Campaign 04142,CustomerEducation,Webinar,Draft,2026-09-08,,7866.43,USD,2026-07-20T00:00:00
4143,Awareness Phone Campaign 04143,Awareness,Phone,Cancelled,2026-02-14,2026-05-29,5387.76,USD,2025-11-27T00:00:00
4144,Reengagement Webinar Campaign 04144,Reengagement,Webinar,Draft,2026-08-30,,6554.11,USD,2026-08-10T00:00:00
4145,CustomerEducation Phone Campaign 04145,CustomerEducation,Phone,Draft,2027-01-01,,8699.78,USD,2026-09-20T00:00:00
4146,CustomerEducation Social Campaign 04146,CustomerEducation,Social,Cancelled,2023-08-23,2023-10-17,,USD,2023-07-10T00:00:00
4147,CustomerEducation Webinar Campaign 04147,CustomerEducation,Webinar,Completed,2023-08-11,2023-09-25,7510.39,USD,2023-05-21T00:00:00
4148,Nurture Phone Campaign 04148,Nurture,Phone,Completed,2024-12-04,2025-01-01,5077.43,USD,2024-10-10T00:00:00
4149,Retention Event Campaign 04149,Retention,Event,Active,2023-09-23,,228160.57,USD,2023-08-18T00:00:00
4150,Reengagement Event Campaign 04150,Reengagement,Event,Draft,2026-11-15,,22129.12,USD,2026-10-16T00:00:00
4151,Awareness Phone Campaign 04151,Awareness,Phone,Scheduled,2026-09-08,2026-10-08,6763.64,USD,2026-09-06T00:00:00
4152,Awareness Social Campaign 04152,Awareness,Social,Completed,2023-08-10,2023-09-19,10113.42,USD,2023-06-25T00:00:00
4153,Awareness Social Campaign 04153,Awareness,Social,Completed,2023-08-28,2023-09-22,5090.95,USD,2023-08-03T00:00:00
4154,Reengagement Webinar Campaign 04154,Reengagement,Webinar,Draft,2026-08-22,,11328.40,USD,2026-06-19T00:00:00
4155,Nurture Social Campaign 04155,Nurture,Social,Active,2025-01-16,,41790.80,USD,2024-11-12T00:00:00
4156,CustomerEducation Web Campaign 04156,CustomerEducation,Web,Active,2026-01-06,,12074.89,USD,2025-11-23T00:00:00
4157,Retention Phone Campaign 04157,Retention,Phone,Completed,2025-02-23,2025-05-13,10465.16,USD,2024-12-17T00:00:00
4158,Retention Web Campaign 04158,Retention,Web,Active,2023-09-28,,6414.54,USD,2023-06-26T00:00:00
4159,CustomerEducation Phone Campaign 04159,CustomerEducation,Phone,Completed,2023-10-19,2023-11-15,8852.88,USD,2023-09-01T00:00:00
4160,Reengagement Event Campaign 04160,Reengagement,Event,Active,2023-10-20,,,USD,2023-09-15T00:00:00
4161,Nurture Email Campaign 04161,Nurture,Email,Completed,2025-11-04,2025-11-14,5341.93,USD,2025-08-20T00:00:00
4162,CustomerEducation Social Campaign 04162,CustomerEducation,Social,Completed,2024-12-05,2025-01-09,9023.47,USD,2024-09-18T00:00:00
4163,Retention Phone Campaign 04163,Retention,Phone,Cancelled,2024-11-20,2024-12-14,11090.52,USD,2024-09-04T00:00:00
4164,Awareness Event Campaign 04164,Awareness,Event,Active,2024-11-22,,9314.54,USD,2024-10-09T00:00:00
4165,Reengagement Web Campaign 04165,Reengagement,Web,Completed,2025-12-29,2026-02-24,,USD,2025-10-27T00:00:00
4166,Retention Phone Campaign 04166,Retention,Phone,Scheduled,2026-12-28,2027-04-12,15457.45,USD,2026-12-24T00:00:00
4167,Nurture Event Campaign 04167,Nurture,Event,Active,2024-09-20,,11792.64,USD,2024-05-26T00:00:00
4168,Awareness Social Campaign 04168,Awareness,Social,Draft,2026-11-14,,8209.18,USD,2026-10-25T00:00:00
4169,CustomerEducation Social Campaign 04169,CustomerEducation,Social,Completed,2024-12-10,2025-01-10,24596.64,USD,2024-12-09T00:00:00
4170,Reengagement Email Campaign 04170,Reengagement,Email,Completed,2026-03-08,2026-06-01,5470.22,USD,2025-12-10T00:00:00
4171,Awareness Phone Campaign 04171,Awareness,Phone,Draft,2026-09-10,,5581.97,USD,2026-07-07T00:00:00
4172,Awareness Web Campaign 04172,Awareness,Web,Scheduled,2027-01-06,2027-02-12,5152.42,USD,2026-10-30T00:00:00
4173,Retention Email Campaign 04173,Retention,Email,Draft,2026-12-28,,5889.00,USD,2026-11-04T00:00:00
4174,Nurture Email Campaign 04174,Nurture,Email,Active,2026-01-25,,8729.99,USD,2025-11-08T00:00:00
4175,Nurture Web Campaign 04175,Nurture,Web,Completed,2024-12-16,2025-03-25,20813.38,USD,2024-09-09T00:00:00
4176,Reengagement Event Campaign 04176,Reengagement,Event,Cancelled,2023-09-04,2023-10-24,7710.44,USD,2023-07-04T00:00:00
4177,CustomerEducation Event Campaign 04177,CustomerEducation,Event,Active,2026-02-12,,17944.26,USD,2026-01-20T00:00:00
4178,Awareness Phone Campaign 04178,Awareness,Phone,Completed,2024-12-16,2025-02-09,24918.96,USD,2024-09-04T00:00:00
4179,Retention Webinar Campaign 04179,Retention,Webinar,Scheduled,2026-09-01,2026-12-18,12517.12,USD,2026-05-06T00:00:00
4180,CustomerEducation Web Campaign 04180,CustomerEducation,Web,Cancelled,2023-09-17,2023-11-27,,USD,2023-09-10T00:00:00
4181,Awareness Social Campaign 04181,Awareness,Social,Cancelled,2024-12-15,2025-03-30,5294.27,USD,2024-11-12T00:00:00
4182,Retention Social Campaign 04182,Retention,Social,Cancelled,2026-02-09,2026-03-13,31601.40,USD,2025-12-28T00:00:00
4183,Nurture Social Campaign 04183,Nurture,Social,Completed,2025-01-05,2025-01-29,5843.07,USD,2024-10-25T00:00:00
4184,Awareness Web Campaign 04184,Awareness,Web,Draft,2026-11-09,,13542.02,USD,2026-08-18T00:00:00
4185,Reengagement Web Campaign 04185,Reengagement,Web,Draft,2026-11-11,,5942.37,USD,2026-08-27T00:00:00
4186,CustomerEducation Event Campaign 04186,CustomerEducation,Event,Completed,2024-12-27,2025-04-14,,USD,2024-09-22T00:00:00
4187,Retention Webinar Campaign 04187,Retention,Webinar,Scheduled,2026-10-31,2026-11-30,5383.42,USD,2026-08-12T00:00:00
4188,Retention Event Campaign 04188,Retention,Event,Completed,2024-12-28,2025-03-27,10032.45,USD,2024-09-19T00:00:00
4189,Awareness Phone Campaign 04189,Awareness,Phone,Completed,2023-08-19,2023-10-08,11953.83,USD,2023-07-08T00:00:00
4190,Awareness Event Campaign 04190,Awareness,Event,Completed,2026-02-18,2026-03-09,6162.45,USD,2026-02-07T00:00:00
4191,Reengagement Webinar Campaign 04191,Reengagement,Webinar,Active,2026-01-24,,9827.01,USD,2025-10-20T00:00:00
4192,Awareness Email Campaign 04192,Awareness,Email,Completed,2023-12-16,2024-04-10,,USD,2023-12-11T00:00:00
4193,Retention Social Campaign 04193,Retention,Social,Completed,2024-10-24,2024-11-11,33564.75,USD,2024-09-03T00:00:00
4194,Awareness Phone Campaign 04194,Awareness,Phone,Active,2023-09-25,,11092.75,USD,2023-08-07T00:00:00
4195,Nurture Webinar Campaign 04195,Nurture,Webinar,Scheduled,2026-09-08,2026-12-26,13799.50,USD,2026-05-31T00:00:00
4196,Nurture Email Campaign 04196,Nurture,Email,Completed,2023-08-17,2023-09-19,,USD,2023-04-21T00:00:00
4197,Nurture Event Campaign 04197,Nurture,Event,Completed,2026-02-23,2026-03-15,14562.69,USD,2026-02-03T00:00:00
4198,Awareness Email Campaign 04198,Awareness,Email,Completed,2025-02-02,2025-05-17,5227.27,USD,2025-01-08T00:00:00
4199,CustomerEducation Event Campaign 04199,CustomerEducation,Event,Completed,2025-03-03,2025-06-14,7124.74,USD,2025-02-18T00:00:00
4200,Awareness Event Campaign 04200,Awareness,Event,Active,2025-02-07,,8339.44,USD,2024-11-01T00:00:00
4201,Reengagement Event Campaign 04201,Reengagement,Event,Cancelled,2025-01-02,2025-04-04,5534.80,USD,2024-10-17T00:00:00
4202,Awareness Event Campaign 04202,Awareness,Event,Completed,2023-10-28,2023-12-21,,USD,2023-09-21T00:00:00
4203,Retention Event Campaign 04203,Retention,Event,Scheduled,2026-09-06,2026-11-26,10472.75,USD,2026-07-28T00:00:00
4204,Awareness Webinar Campaign 04204,Awareness,Webinar,Completed,2023-10-11,2023-11-14,19775.56,USD,2023-07-06T00:00:00
4205,Nurture Email Campaign 04205,Nurture,Email,Completed,2023-11-08,2023-12-05,7809.20,USD,2023-09-17T00:00:00
4206,Nurture Social Campaign 04206,Nurture,Social,Completed,2024-12-11,2025-01-22,7601.77,USD,2024-08-16T00:00:00
4207,Reengagement Event Campaign 04207,Reengagement,Event,Draft,2026-09-01,,5601.01,USD,2026-07-24T00:00:00
4208,Nurture Webinar Campaign 04208,Nurture,Webinar,Cancelled,2024-11-16,2024-12-24,5036.55,USD,2024-11-01T00:00:00
4209,Retention Phone Campaign 04209,Retention,Phone,Scheduled,2027-01-11,2027-04-02,,USD,2026-10-04T00:00:00
4210,Reengagement Event Campaign 04210,Reengagement,Event,Completed,2026-03-09,2026-04-29,5179.36,USD,2026-01-24T00:00:00
4211,Retention Web Campaign 04211,Retention,Web,Completed,2026-03-27,2026-06-17,23472.37,USD,2026-02-26T00:00:00
4212,Nurture Social Campaign 04212,Nurture,Social,Completed,2025-09-07,2025-12-19,27698.21,USD,2025-05-26T00:00:00
4213,Nurture Email Campaign 04213,Nurture,Email,Cancelled,2023-09-30,2023-10-19,6652.78,USD,2023-09-11T00:00:00
4214,Retention Event Campaign 04214,Retention,Event,Completed,2024-12-22,2025-02-06,7570.51,USD,2024-12-01T00:00:00
4215,Nurture Email Campaign 04215,Nurture,Email,Active,2025-12-17,,5365.40,USD,2025-10-29T00:00:00
4216,Awareness Phone Campaign 04216,Awareness,Phone,Cancelled,2025-01-23,2025-03-26,10449.88,USD,2024-12-19T00:00:00
4217,Reengagement Phone Campaign 04217,Reengagement,Phone,Active,2023-08-23,,9486.95,USD,2023-06-10T00:00:00
4218,Reengagement Social Campaign 04218,Reengagement,Social,Completed,2024-11-09,2025-02-19,7899.76,USD,2024-09-21T00:00:00
4219,Awareness Web Campaign 04219,Awareness,Web,Active,2023-07-16,,27036.08,USD,2023-06-25T00:00:00
4220,Retention Social Campaign 04220,Retention,Social,Completed,2023-10-15,2023-11-28,13323.44,USD,2023-07-15T00:00:00
4221,Reengagement Event Campaign 04221,Reengagement,Event,Active,2025-12-27,,301000.92,USD,2025-12-07T00:00:00
4222,Awareness Webinar Campaign 04222,Awareness,Webinar,Draft,2027-01-05,,10572.03,USD,2026-11-16T00:00:00
4223,CustomerEducation Web Campaign 04223,CustomerEducation,Web,Scheduled,2026-11-11,2026-12-22,17662.00,USD,2026-10-08T00:00:00
4224,Awareness Webinar Campaign 04224,Awareness,Webinar,Completed,2025-11-25,2026-02-07,10090.78,USD,2025-10-31T00:00:00
4225,Retention Event Campaign 04225,Retention,Event,Completed,2023-10-28,2023-12-17,7702.63,USD,2023-08-04T00:00:00
4226,Awareness Webinar Campaign 04226,Awareness,Webinar,Completed,2026-02-24,2026-06-14,8073.11,USD,2025-11-29T00:00:00
4227,Retention Web Campaign 04227,Retention,Web,Active,2023-09-30,,11539.17,USD,2023-08-19T00:00:00
4228,Awareness Social Campaign 04228,Awareness,Social,Cancelled,2025-11-20,2026-01-13,6771.50,USD,2025-09-06T00:00:00
4229,CustomerEducation Webinar Campaign 04229,CustomerEducation,Webinar,Scheduled,2026-12-31,2027-01-30,6614.74,USD,2026-12-08T00:00:00
4230,Retention Event Campaign 04230,Retention,Event,Active,2023-10-03,,7380.33,USD,2023-09-14T00:00:00
4231,Awareness Webinar Campaign 04231,Awareness,Webinar,Completed,2025-01-07,2025-04-28,6465.96,USD,2024-10-07T00:00:00
4232,Retention Email Campaign 04232,Retention,Email,Active,2024-12-15,,6398.48,USD,2024-12-01T00:00:00
4233,Retention Email Campaign 04233,Retention,Email,Draft,2026-11-05,,18573.64,USD,2026-09-14T00:00:00
4234,Retention Webinar Campaign 04234,Retention,Webinar,Completed,2025-12-29,2026-03-23,15854.20,USD,2025-12-25T00:00:00
4235,Reengagement Web Campaign 04235,Reengagement,Web,Completed,2026-01-26,2026-02-23,6278.63,USD,2025-11-08T00:00:00
4236,Retention Webinar Campaign 04236,Retention,Webinar,Scheduled,2026-09-11,2026-10-11,5050.20,USD,2026-08-29T00:00:00
4237,Nurture Phone Campaign 04237,Nurture,Phone,Active,2026-03-03,,17251.17,USD,2025-11-11T00:00:00
4238,CustomerEducation Social Campaign 04238,CustomerEducation,Social,Completed,2023-12-03,2023-12-13,,USD,2023-09-29T00:00:00
4239,Nurture Email Campaign 04239,Nurture,Email,Completed,2026-02-14,2026-04-04,6467.93,USD,2026-01-25T00:00:00
4240,CustomerEducation Web Campaign 04240,CustomerEducation,Web,Scheduled,2026-12-28,2027-02-21,11135.14,USD,2026-12-06T00:00:00
4241,Awareness Social Campaign 04241,Awareness,Social,Active,2023-08-08,,7200.53,USD,2023-04-27T00:00:00
4242,Retention Event Campaign 04242,Retention,Event,Completed,2026-01-12,2026-05-12,6619.33,USD,2025-10-10T00:00:00
4243,Reengagement Social Campaign 04243,Reengagement,Social,Completed,2024-12-06,2024-12-18,9295.54,USD,2024-08-31T00:00:00
4244,Nurture Webinar Campaign 04244,Nurture,Webinar,Completed,2024-11-20,2025-02-01,10104.03,USD,2024-09-20T00:00:00
4245,Nurture Social Campaign 04245,Nurture,Social,Completed,2025-01-10,2025-04-24,13750.20,USD,2024-12-16T00:00:00
4246,CustomerEducation Web Campaign 04246,CustomerEducation,Web,Active,2025-12-14,,10612.62,USD,2025-11-09T00:00:00
4247,Nurture Email Campaign 04247,Nurture,Email,Completed,2025-12-23,2025-12-31,5503.01,USD,2025-08-25T00:00:00
4248,Retention Web Campaign 04248,Retention,Web,Completed,2026-02-16,2026-03-13,8773.68,USD,2025-11-28T00:00:00
4249,Awareness Email Campaign 04249,Awareness,Email,Completed,2023-09-20,2024-01-08,8207.39,USD,2023-07-05T00:00:00
4250,CustomerEducation Web Campaign 04250,CustomerEducation,Web,Active,2024-12-18,,9281.54,USD,2024-11-17T00:00:00
4251,Awareness Email Campaign 04251,Awareness,Email,Completed,2024-11-13,2025-01-24,10178.51,USD,2024-10-23T00:00:00
4252,Nurture Phone Campaign 04252,Nurture,Phone,Draft,2026-09-05,,5647.41,USD,2026-08-07T00:00:00
4253,Retention Email Campaign 04253,Retention,Email,Completed,2025-03-01,2025-04-11,5636.73,USD,2024-11-18T00:00:00
4254,Reengagement Email Campaign 04254,Reengagement,Email,Scheduled,2026-12-25,2027-04-11,10208.97,USD,2026-09-13T00:00:00
4255,Reengagement Event Campaign 04255,Reengagement,Event,Draft,2026-08-25,,10961.90,USD,2026-05-12T00:00:00
4256,Nurture Web Campaign 04256,Nurture,Web,Completed,2024-12-07,2025-03-06,13086.49,USD,2024-09-01T00:00:00
4257,CustomerEducation Social Campaign 04257,CustomerEducation,Social,Scheduled,2026-11-07,2026-12-07,6398.25,USD,2026-10-26T00:00:00
4258,Nurture Email Campaign 04258,Nurture,Email,Completed,2025-02-04,2025-04-04,17395.54,USD,2024-10-13T00:00:00
4259,Retention Webinar Campaign 04259,Retention,Webinar,Draft,2027-01-02,,45987.03,USD,2026-11-11T00:00:00
4260,Retention Social Campaign 04260,Retention,Social,Completed,2026-02-19,2026-05-10,18733.45,USD,2025-12-31T00:00:00
4261,Nurture Web Campaign 04261,Nurture,Web,Completed,2023-07-15,2023-08-15,17294.38,USD,2023-06-07T00:00:00
4262,Retention Social Campaign 04262,Retention,Social,Scheduled,2026-09-01,2026-10-06,,USD,2026-06-21T00:00:00
4263,Reengagement Social Campaign 04263,Reengagement,Social,Draft,2026-11-14,,28467.72,USD,2026-11-08T00:00:00
4264,Awareness Webinar Campaign 04264,Awareness,Webinar,Scheduled,2026-11-03,2027-02-11,6809.89,USD,2026-10-24T00:00:00
4265,CustomerEducation Email Campaign 04265,CustomerEducation,Email,Active,2023-08-09,,7795.36,USD,2023-06-16T00:00:00
4266,CustomerEducation Event Campaign 04266,CustomerEducation,Event,Active,2025-01-17,,12869.10,USD,2024-09-29T00:00:00
4267,Retention Social Campaign 04267,Retention,Social,Completed,2026-03-04,2026-07-02,7248.01,USD,2026-01-29T00:00:00
4268,Nurture Event Campaign 04268,Nurture,Event,Completed,2026-02-06,2026-05-30,5197.96,USD,2026-01-21T00:00:00
4269,CustomerEducation Web Campaign 04269,CustomerEducation,Web,Draft,2026-09-05,,43620.81,USD,2026-05-25T00:00:00
4270,Awareness Email Campaign 04270,Awareness,Email,Scheduled,2026-09-08,2026-12-30,14822.51,USD,2026-06-25T00:00:00
4271,Reengagement Email Campaign 04271,Reengagement,Email,Completed,2026-02-14,2026-03-25,20365.46,USD,2026-02-12T00:00:00
4272,Awareness Webinar Campaign 04272,Awareness,Webinar,Active,2024-09-17,,12387.66,USD,2024-09-11T00:00:00
4273,Retention Event Campaign 04273,Retention,Event,Scheduled,2026-09-06,2026-10-23,7521.06,USD,2026-07-24T00:00:00
4274,Reengagement Webinar Campaign 04274,Reengagement,Webinar,Active,2024-11-04,,,USD,2024-09-28T00:00:00
4275,CustomerEducation Web Campaign 04275,CustomerEducation,Web,Active,2026-01-11,,,USD,2025-10-11T00:00:00
4276,Retention Event Campaign 04276,Retention,Event,Active,2023-10-23,,10671.11,USD,2023-07-24T00:00:00
4277,Awareness Webinar Campaign 04277,Awareness,Webinar,Completed,2023-10-15,2024-01-12,10964.70,USD,2023-07-10T00:00:00
4278,Retention Phone Campaign 04278,Retention,Phone,Draft,2026-11-11,,1377394.88,USD,2026-08-01T00:00:00
4279,Nurture Webinar Campaign 04279,Nurture,Webinar,Active,2024-01-04,,51619.07,USD,2023-10-11T00:00:00
4280,Retention Webinar Campaign 04280,Retention,Webinar,Completed,2023-08-25,2023-11-10,7551.04,USD,2023-07-28T00:00:00
4281,Awareness Event Campaign 04281,Awareness,Event,Draft,2026-12-26,,184368.84,USD,2026-11-03T00:00:00
4282,Nurture Social Campaign 04282,Nurture,Social,Active,2025-03-21,,6929.21,USD,2025-02-17T00:00:00
4283,Reengagement Phone Campaign 04283,Reengagement,Phone,Cancelled,2026-01-12,2026-02-16,12719.23,USD,2025-10-12T00:00:00
4284,CustomerEducation Web Campaign 04284,CustomerEducation,Web,Completed,2023-08-08,2023-09-06,,USD,2023-06-13T00:00:00
4285,Retention Social Campaign 04285,Retention,Social,Completed,2023-09-29,2023-11-10,15153.44,USD,2023-08-04T00:00:00
4286,Retention Event Campaign 04286,Retention,Event,Scheduled,2026-11-03,2027-01-07,209272.09,USD,2026-07-15T00:00:00
4287,Nurture Web Campaign 04287,Nurture,Web,Scheduled,2027-01-11,2027-04-01,18831.27,USD,2026-10-11T00:00:00
4288,Retention Email Campaign 04288,Retention,Email,Active,2024-11-04,,86137.31,USD,2024-09-28T00:00:00
4289,CustomerEducation Event Campaign 04289,CustomerEducation,Event,Completed,2023-09-22,2023-10-28,18630.25,USD,2023-09-03T00:00:00
4290,Retention Event Campaign 04290,Retention,Event,Completed,2025-12-15,2026-02-01,6683.53,USD,2025-09-20T00:00:00
4291,Retention Web Campaign 04291,Retention,Web,Completed,2023-08-30,2023-11-16,5134.36,USD,2023-07-12T00:00:00
4292,Awareness Phone Campaign 04292,Awareness,Phone,Active,2023-08-06,,1201637.68,USD,2023-06-30T00:00:00
4293,Nurture Web Campaign 04293,Nurture,Web,Completed,2024-11-19,2024-12-23,15165.49,USD,2024-08-31T00:00:00
4294,CustomerEducation Social Campaign 04294,CustomerEducation,Social,Completed,2024-10-14,2024-11-16,5982.32,USD,2024-06-16T00:00:00
4295,Reengagement Event Campaign 04295,Reengagement,Event,Active,2026-01-25,,5139.05,USD,2025-11-04T00:00:00
4296,Awareness Event Campaign 04296,Awareness,Event,Active,2025-01-12,,7131.96,USD,2024-11-03T00:00:00
4297,Nurture Social Campaign 04297,Nurture,Social,Completed,2025-02-01,2025-05-30,6582.14,USD,2025-01-09T00:00:00
4298,CustomerEducation Webinar Campaign 04298,CustomerEducation,Webinar,Completed,2025-12-11,2026-01-20,11029.56,USD,2025-11-21T00:00:00
4299,CustomerEducation Event Campaign 04299,CustomerEducation,Event,Completed,2025-02-26,2025-03-28,9389.52,USD,2025-01-31T00:00:00
4300,Nurture Email Campaign 04300,Nurture,Email,Cancelled,2024-10-06,2025-02-01,,USD,2024-06-08T00:00:00
4301,Reengagement Webinar Campaign 04301,Reengagement,Webinar,Scheduled,2027-01-01,2027-04-01,7072.85,USD,2026-11-20T00:00:00
4302,CustomerEducation Phone Campaign 04302,CustomerEducation,Phone,Active,2023-08-10,,9677.36,USD,2023-05-31T00:00:00
4303,Retention Social Campaign 04303,Retention,Social,Draft,2026-12-22,,7054.14,USD,2026-09-19T00:00:00
4304,Retention Phone Campaign 04304,Retention,Phone,Cancelled,2024-11-30,2025-01-07,11148.66,USD,2024-11-25T00:00:00
4305,Nurture Email Campaign 04305,Nurture,Email,Completed,2026-01-06,2026-03-15,207543.52,USD,2025-09-23T00:00:00
4306,Awareness Email Campaign 04306,Awareness,Email,Completed,2023-07-03,2023-07-28,11214.99,USD,2023-04-03T00:00:00
4307,Retention Social Campaign 04307,Retention,Social,Active,2025-03-08,,,USD,2024-11-30T00:00:00
4308,CustomerEducation Web Campaign 04308,CustomerEducation,Web,Active,2025-12-18,,7546.86,USD,2025-09-01T00:00:00
4309,Awareness Email Campaign 04309,Awareness,Email,Completed,2024-12-20,2025-01-08,10383.57,USD,2024-11-22T00:00:00
4310,CustomerEducation Web Campaign 04310,CustomerEducation,Web,Scheduled,2026-12-29,2027-03-19,8848.35,USD,2026-09-17T00:00:00
4311,Nurture Web Campaign 04311,Nurture,Web,Completed,2026-01-14,2026-05-03,5309.92,USD,2025-10-18T00:00:00
4312,Nurture Webinar Campaign 04312,Nurture,Webinar,Completed,2025-10-15,2026-01-09,,USD,2025-07-04T00:00:00
4313,Awareness Webinar Campaign 04313,Awareness,Webinar,Scheduled,2026-12-27,2027-03-22,11061.01,USD,2026-11-23T00:00:00
4314,Awareness Event Campaign 04314,Awareness,Event,Completed,2025-02-12,2025-03-16,11287.28,USD,2024-11-26T00:00:00
4315,CustomerEducation Phone Campaign 04315,CustomerEducation,Phone,Completed,2023-11-11,2023-12-25,5211.23,USD,2023-10-29T00:00:00
4316,Awareness Phone Campaign 04316,Awareness,Phone,Active,2023-09-30,,7402.17,USD,2023-06-24T00:00:00
4317,Retention Webinar Campaign 04317,Retention,Webinar,Completed,2023-09-06,2023-10-30,,USD,2023-05-21T00:00:00
4318,Awareness Webinar Campaign 04318,Awareness,Webinar,Draft,2026-11-09,,5165.41,USD,2026-08-02T00:00:00
4319,Retention Event Campaign 04319,Retention,Event,Completed,2026-02-20,2026-05-23,5613.49,USD,2026-02-15T00:00:00
4320,Reengagement Webinar Campaign 04320,Reengagement,Webinar,Completed,2023-08-12,2023-09-12,,USD,2023-05-12T00:00:00
4321,Reengagement Phone Campaign 04321,Reengagement,Phone,Completed,2023-12-27,2024-02-29,7751.77,USD,2023-11-25T00:00:00
4322,Retention Email Campaign 04322,Retention,Email,Draft,2027-01-02,,6793.11,USD,2026-09-18T00:00:00
4323,Awareness Web Campaign 04323,Awareness,Web,Draft,2026-08-27,,39248.46,USD,2026-08-05T00:00:00
4324,Reengagement Web Campaign 04324,Reengagement,Web,Completed,2025-12-02,2026-03-02,11387.86,USD,2025-08-28T00:00:00
4325,Reengagement Email Campaign 04325,Reengagement,Email,Completed,2025-01-18,2025-03-12,5744.44,USD,2024-11-18T00:00:00
4326,Reengagement Social Campaign 04326,Reengagement,Social,Completed,2023-12-12,2024-04-07,50717.80,USD,2023-09-27T00:00:00
4327,CustomerEducation Webinar Campaign 04327,CustomerEducation,Webinar,Completed,2024-12-28,2025-03-07,16356.24,USD,2024-11-19T00:00:00
4328,Awareness Social Campaign 04328,Awareness,Social,Cancelled,2026-03-08,2026-06-13,6602.61,USD,2025-11-18T00:00:00
4329,Reengagement Email Campaign 04329,Reengagement,Email,Completed,2023-07-31,2023-10-05,9061.57,USD,2023-05-05T00:00:00
4330,Reengagement Webinar Campaign 04330,Reengagement,Webinar,Scheduled,2026-08-26,2026-09-25,5943.68,USD,2026-06-08T00:00:00
4331,Retention Phone Campaign 04331,Retention,Phone,Draft,2026-09-11,,13574.75,USD,2026-07-14T00:00:00
4332,Retention Phone Campaign 04332,Retention,Phone,Completed,2024-12-29,2025-03-22,36267.56,USD,2024-12-16T00:00:00
4333,CustomerEducation Email Campaign 04333,CustomerEducation,Email,Completed,2025-11-07,2025-11-27,8647.72,USD,2025-10-23T00:00:00
4334,Retention Web Campaign 04334,Retention,Web,Completed,2025-02-16,2025-02-27,20995.28,USD,2025-02-11T00:00:00
4335,Reengagement Phone Campaign 04335,Reengagement,Phone,Active,2026-02-27,,49281.19,USD,2026-01-28T00:00:00
4336,CustomerEducation Event Campaign 04336,CustomerEducation,Event,Completed,2025-11-10,2026-03-02,15507.09,USD,2025-10-16T00:00:00
4337,CustomerEducation Phone Campaign 04337,CustomerEducation,Phone,Active,2023-08-02,,14728.58,USD,2023-06-12T00:00:00
4338,Nurture Event Campaign 04338,Nurture,Event,Completed,2025-12-17,2026-01-23,6780.95,USD,2025-11-10T00:00:00
4339,Awareness Email Campaign 04339,Awareness,Email,Completed,2026-03-14,2026-04-05,23817.64,USD,2025-11-27T00:00:00
4340,Reengagement Social Campaign 04340,Reengagement,Social,Scheduled,2026-11-13,2026-12-26,6047.03,USD,2026-08-29T00:00:00
4341,Nurture Web Campaign 04341,Nurture,Web,Draft,2026-11-13,,6850.71,USD,2026-09-13T00:00:00
4342,Reengagement Event Campaign 04342,Reengagement,Event,Completed,2025-01-01,2025-02-09,12969.97,USD,2024-11-14T00:00:00
4343,Nurture Webinar Campaign 04343,Nurture,Webinar,Active,2024-11-08,,5328.40,USD,2024-07-12T00:00:00
4344,Awareness Phone Campaign 04344,Awareness,Phone,Completed,2026-01-03,2026-03-19,,USD,2025-10-18T00:00:00
4345,Nurture Email Campaign 04345,Nurture,Email,Cancelled,2025-01-07,2025-03-10,9929.34,USD,2024-12-15T00:00:00
4346,Awareness Event Campaign 04346,Awareness,Event,Scheduled,2026-11-20,2027-03-12,5443.13,USD,2026-08-03T00:00:00
4347,Nurture Web Campaign 04347,Nurture,Web,Cancelled,2025-02-13,2025-03-09,26077.58,USD,2024-12-23T00:00:00
4348,Reengagement Phone Campaign 04348,Reengagement,Phone,Completed,2024-11-25,2025-01-07,10797.10,USD,2024-08-19T00:00:00
4349,Retention Social Campaign 04349,Retention,Social,Completed,2024-12-18,2025-03-14,6221.45,USD,2024-11-05T00:00:00
4350,Awareness Webinar Campaign 04350,Awareness,Webinar,Active,2023-11-05,,10799.81,USD,2023-08-19T00:00:00
4351,Awareness Event Campaign 04351,Awareness,Event,Completed,2024-10-09,2024-11-06,16370.02,USD,2024-10-07T00:00:00
4352,Nurture Email Campaign 04352,Nurture,Email,Completed,2023-12-19,2024-02-27,6145.20,USD,2023-12-03T00:00:00
4353,Awareness Web Campaign 04353,Awareness,Web,Active,2023-08-28,,30474.09,USD,2023-08-11T00:00:00
4354,Retention Email Campaign 04354,Retention,Email,Completed,2024-11-26,2024-12-05,9314.65,USD,2024-08-13T00:00:00
4355,CustomerEducation Social Campaign 04355,CustomerEducation,Social,Active,2023-07-24,,5700.63,USD,2023-06-14T00:00:00
4356,Awareness Phone Campaign 04356,Awareness,Phone,Cancelled,2025-01-29,2025-05-17,,USD,2024-10-20T00:00:00
4357,Retention Phone Campaign 04357,Retention,Phone,Scheduled,2027-01-13,2027-05-06,5472.52,USD,2026-12-09T00:00:00
4358,Nurture Web Campaign 04358,Nurture,Web,Scheduled,2026-09-09,2026-11-28,6207.69,USD,2026-07-06T00:00:00
4359,Awareness Social Campaign 04359,Awareness,Social,Completed,2023-08-14,2023-09-01,19621.92,USD,2023-08-06T00:00:00
4360,Reengagement Web Campaign 04360,Reengagement,Web,Active,2026-02-21,,206679.88,USD,2026-01-20T00:00:00
4361,Reengagement Email Campaign 04361,Reengagement,Email,Draft,2026-09-17,,12029.33,USD,2026-09-07T00:00:00
4362,Reengagement Event Campaign 04362,Reengagement,Event,Cancelled,2024-12-12,2025-03-15,,USD,2024-10-24T00:00:00
4363,Nurture Web Campaign 04363,Nurture,Web,Active,2025-02-13,,16017.61,USD,2024-12-15T00:00:00
4364,CustomerEducation Email Campaign 04364,CustomerEducation,Email,Completed,2023-08-17,2023-11-19,16894.82,USD,2023-05-29T00:00:00
4365,Nurture Phone Campaign 04365,Nurture,Phone,Completed,2023-09-03,2023-09-24,6330.94,USD,2023-05-07T00:00:00
4366,CustomerEducation Social Campaign 04366,CustomerEducation,Social,Completed,2025-11-02,2026-01-10,10690.51,USD,2025-09-10T00:00:00
4367,Reengagement Event Campaign 04367,Reengagement,Event,Completed,2023-09-03,2023-12-07,6353.27,USD,2023-06-23T00:00:00
4368,Retention Social Campaign 04368,Retention,Social,Active,2026-02-18,,5412.07,USD,2025-11-14T00:00:00
4369,CustomerEducation Phone Campaign 04369,CustomerEducation,Phone,Active,2023-08-14,,6933.98,USD,2023-06-03T00:00:00
4370,CustomerEducation Event Campaign 04370,CustomerEducation,Event,Completed,2024-11-10,2024-12-21,,USD,2024-08-15T00:00:00
4371,Retention Phone Campaign 04371,Retention,Phone,Completed,2026-02-17,2026-05-03,6928.32,USD,2025-12-23T00:00:00
4372,Retention Event Campaign 04372,Retention,Event,Draft,2026-09-04,,6952.77,USD,2026-07-10T00:00:00
4373,CustomerEducation Webinar Campaign 04373,CustomerEducation,Webinar,Completed,2023-08-03,2023-09-24,12639.61,USD,2023-07-04T00:00:00
4374,CustomerEducation Web Campaign 04374,CustomerEducation,Web,Cancelled,2023-11-29,2024-02-17,13235.28,USD,2023-11-03T00:00:00
4375,Reengagement Event Campaign 04375,Reengagement,Event,Active,2024-12-06,,5545.10,USD,2024-09-17T00:00:00
4376,Retention Web Campaign 04376,Retention,Web,Cancelled,2024-11-05,2025-02-18,7429.81,USD,2024-09-29T00:00:00
4377,Retention Web Campaign 04377,Retention,Web,Scheduled,2026-11-06,2026-12-16,10350.63,USD,2026-10-07T00:00:00
4378,Awareness Event Campaign 04378,Awareness,Event,Active,2025-12-18,,5768.45,USD,2025-08-20T00:00:00
4379,Reengagement Social Campaign 04379,Reengagement,Social,Active,2023-09-04,,14132.11,USD,2023-06-05T00:00:00
4380,Retention Phone Campaign 04380,Retention,Phone,Completed,2023-08-26,2023-10-04,7051.90,USD,2023-06-22T00:00:00
4381,Nurture Phone Campaign 04381,Nurture,Phone,Active,2026-02-28,,6529.36,USD,2025-11-18T00:00:00
4382,Awareness Social Campaign 04382,Awareness,Social,Completed,2025-01-12,2025-04-12,29021.21,USD,2024-11-18T00:00:00
4383,Retention Event Campaign 04383,Retention,Event,Scheduled,2026-09-04,2026-10-24,7210.36,USD,2026-06-25T00:00:00
4384,Retention Webinar Campaign 04384,Retention,Webinar,Active,2024-10-14,,22123.67,USD,2024-07-31T00:00:00
4385,Awareness Event Campaign 04385,Awareness,Event,Completed,2025-12-28,2026-04-24,29084.83,USD,2025-12-21T00:00:00
4386,Awareness Phone Campaign 04386,Awareness,Phone,Completed,2024-12-07,2025-03-07,10614.05,USD,2024-11-25T00:00:00
4387,Reengagement Phone Campaign 04387,Reengagement,Phone,Draft,2026-09-16,,8418.67,USD,2026-08-20T00:00:00
4388,Awareness Web Campaign 04388,Awareness,Web,Cancelled,2026-02-26,2026-04-17,5154.13,USD,2025-12-18T00:00:00
4389,Retention Phone Campaign 04389,Retention,Phone,Completed,2024-12-16,2025-03-30,118804.31,USD,2024-10-12T00:00:00
4390,Retention Email Campaign 04390,Retention,Email,Active,2026-01-18,,89436.17,USD,2026-01-09T00:00:00
4391,Nurture Webinar Campaign 04391,Nurture,Webinar,Scheduled,2027-01-03,2027-04-06,15778.04,USD,2026-11-18T00:00:00
4392,Retention Social Campaign 04392,Retention,Social,Active,2024-09-27,,18949.08,USD,2024-08-04T00:00:00
4393,Reengagement Webinar Campaign 04393,Reengagement,Webinar,Completed,2023-08-21,2023-11-06,5523.40,USD,2023-04-28T00:00:00
4394,Nurture Webinar Campaign 04394,Nurture,Webinar,Scheduled,2026-11-10,2027-01-16,6751.97,USD,2026-09-29T00:00:00
4395,Reengagement Email Campaign 04395,Reengagement,Email,Completed,2025-02-06,2025-04-05,20254.87,USD,2024-12-31T00:00:00
4396,Awareness Webinar Campaign 04396,Awareness,Webinar,Completed,2024-12-02,2025-03-01,5156.93,USD,2024-10-02T00:00:00
4397,CustomerEducation Phone Campaign 04397,CustomerEducation,Phone,Scheduled,2026-09-06,2026-11-20,6273.63,USD,2026-05-24T00:00:00
4398,Nurture Phone Campaign 04398,Nurture,Phone,Cancelled,2024-12-24,2025-04-13,5859.94,USD,2024-12-07T00:00:00
4399,Reengagement Social Campaign 04399,Reengagement,Social,Scheduled,2026-12-27,2027-03-22,7358.14,USD,2026-09-22T00:00:00
4400,Retention Phone Campaign 04400,Retention,Phone,Completed,2025-01-09,2025-03-01,5063.74,USD,2024-09-14T00:00:00
4401,Awareness Web Campaign 04401,Awareness,Web,Completed,2023-09-08,2023-09-29,7033.11,USD,2023-08-11T00:00:00
4402,Reengagement Event Campaign 04402,Reengagement,Event,Active,2025-10-29,,6073.06,USD,2025-09-01T00:00:00
4403,Retention Event Campaign 04403,Retention,Event,Completed,2023-08-09,2023-10-12,5793.87,USD,2023-07-13T00:00:00
4404,Retention Webinar Campaign 04404,Retention,Webinar,Completed,2026-02-03,2026-03-08,201478.61,USD,2025-11-12T00:00:00
4405,Reengagement Event Campaign 04405,Reengagement,Event,Cancelled,2023-10-08,2023-12-19,5780.10,USD,2023-07-29T00:00:00
4406,CustomerEducation Webinar Campaign 04406,CustomerEducation,Webinar,Completed,2025-12-22,2026-04-01,5003.68,USD,2025-10-05T00:00:00
4407,Awareness Event Campaign 04407,Awareness,Event,Completed,2024-11-02,2024-12-05,8793.24,USD,2024-07-11T00:00:00
4408,Awareness Phone Campaign 04408,Awareness,Phone,Draft,2026-09-02,,32358.10,USD,2026-07-15T00:00:00
4409,Reengagement Phone Campaign 04409,Reengagement,Phone,Completed,2026-03-25,2026-07-21,5444.76,USD,2026-01-26T00:00:00
4410,Awareness Web Campaign 04410,Awareness,Web,Active,2024-12-20,,14663.48,USD,2024-12-12T00:00:00
4411,Retention Web Campaign 04411,Retention,Web,Active,2026-03-02,,39021.08,USD,2026-01-30T00:00:00
4412,CustomerEducation Event Campaign 04412,CustomerEducation,Event,Completed,2023-07-29,2023-10-08,5930.92,USD,2023-07-17T00:00:00
4413,Nurture Phone Campaign 04413,Nurture,Phone,Completed,2023-08-05,2023-11-28,7129.96,USD,2023-07-12T00:00:00
4414,Awareness Social Campaign 04414,Awareness,Social,Completed,2025-01-17,2025-02-25,11764.37,USD,2024-11-18T00:00:00
4415,Nurture Event Campaign 04415,Nurture,Event,Active,2026-01-28,,9669.40,USD,2025-10-31T00:00:00
4416,CustomerEducation Webinar Campaign 04416,CustomerEducation,Webinar,Completed,2026-01-10,2026-04-02,,USD,2025-11-21T00:00:00
4417,Reengagement Phone Campaign 04417,Reengagement,Phone,Completed,2026-02-12,2026-04-11,15264.17,USD,2025-11-27T00:00:00
4418,Retention Social Campaign 04418,Retention,Social,Completed,2025-01-28,2025-03-12,47203.08,USD,2024-12-26T00:00:00
4419,CustomerEducation Phone Campaign 04419,CustomerEducation,Phone,Completed,2025-01-17,2025-03-31,13743.67,USD,2024-12-06T00:00:00
4420,Retention Event Campaign 04420,Retention,Event,Draft,2026-10-30,,5270.49,USD,2026-09-23T00:00:00
4421,Awareness Web Campaign 04421,Awareness,Web,Completed,2024-10-13,2024-11-18,7451.16,USD,2024-07-01T00:00:00
4422,Awareness Event Campaign 04422,Awareness,Event,Draft,2026-11-18,,43457.19,USD,2026-07-21T00:00:00
4423,Awareness Social Campaign 04423,Awareness,Social,Cancelled,2023-11-17,2024-03-01,13324.97,USD,2023-08-05T00:00:00
4424,Retention Webinar Campaign 04424,Retention,Webinar,Cancelled,2023-08-24,2023-12-08,115372.23,USD,2023-05-13T00:00:00
4425,Reengagement Social Campaign 04425,Reengagement,Social,Completed,2026-03-10,2026-04-05,236713.44,USD,2026-01-19T00:00:00
4426,Nurture Social Campaign 04426,Nurture,Social,Draft,2026-09-06,,8721.70,USD,2026-06-27T00:00:00
4427,CustomerEducation Web Campaign 04427,CustomerEducation,Web,Active,2024-12-01,,25842.23,USD,2024-10-16T00:00:00
4428,Nurture Webinar Campaign 04428,Nurture,Webinar,Cancelled,2023-09-08,2023-11-05,,USD,2023-08-05T00:00:00
4429,CustomerEducation Webinar Campaign 04429,CustomerEducation,Webinar,Draft,2026-11-11,,9988.97,USD,2026-07-28T00:00:00
4430,CustomerEducation Email Campaign 04430,CustomerEducation,Email,Cancelled,2024-12-06,2025-03-08,8821.72,USD,2024-11-25T00:00:00
4431,CustomerEducation Social Campaign 04431,CustomerEducation,Social,Active,2023-09-26,,121848.97,USD,2023-07-26T00:00:00
4432,Nurture Event Campaign 04432,Nurture,Event,Cancelled,2026-01-06,2026-03-20,7417.79,USD,2025-12-03T00:00:00
4433,Reengagement Social Campaign 04433,Reengagement,Social,Completed,2025-01-24,2025-05-18,5491.81,USD,2024-10-29T00:00:00
4434,CustomerEducation Web Campaign 04434,CustomerEducation,Web,Draft,2027-01-05,,7943.01,USD,2026-10-22T00:00:00
4435,Retention Webinar Campaign 04435,Retention,Webinar,Completed,2025-02-01,2025-05-21,,USD,2024-11-03T00:00:00
4436,Nurture Social Campaign 04436,Nurture,Social,Completed,2025-09-15,2025-12-02,22342.76,USD,2025-06-21T00:00:00
4437,CustomerEducation Webinar Campaign 04437,CustomerEducation,Webinar,Completed,2023-07-26,2023-11-22,12722.27,USD,2023-04-02T00:00:00
4438,Retention Web Campaign 04438,Retention,Web,Completed,2025-04-11,2025-06-05,7464.94,USD,2025-02-23T00:00:00
4439,CustomerEducation Event Campaign 04439,CustomerEducation,Event,Scheduled,2026-11-23,2027-02-09,50836.80,USD,2026-10-20T00:00:00
4440,Retention Social Campaign 04440,Retention,Social,Completed,2026-02-08,2026-04-23,6388.89,USD,2026-01-16T00:00:00
4441,Retention Phone Campaign 04441,Retention,Phone,Active,2023-09-20,,6238.80,USD,2023-09-17T00:00:00
4442,Nurture Email Campaign 04442,Nurture,Email,Scheduled,2026-09-06,2026-12-01,24441.65,USD,2026-08-01T00:00:00
4443,Reengagement Email Campaign 04443,Reengagement,Email,Completed,2024-11-23,2024-12-26,7133.32,USD,2024-09-03T00:00:00
4444,Awareness Email Campaign 04444,Awareness,Email,Cancelled,2025-10-27,2025-11-12,5175.32,USD,2025-09-30T00:00:00
4445,Retention Social Campaign 04445,Retention,Social,Active,2026-02-06,,5399.77,USD,2025-12-03T00:00:00
4446,Awareness Webinar Campaign 04446,Awareness,Webinar,Completed,2025-03-10,2025-05-15,15109.71,USD,2025-01-24T00:00:00
4447,CustomerEducation Webinar Campaign 04447,CustomerEducation,Webinar,Completed,2025-12-17,2026-01-26,12012.38,USD,2025-12-16T00:00:00
4448,Nurture Social Campaign 04448,Nurture,Social,Active,2023-09-23,,46844.37,USD,2023-06-19T00:00:00
4449,Nurture Phone Campaign 04449,Nurture,Phone,Completed,2025-12-22,2026-01-28,13441.13,USD,2025-10-31T00:00:00
4450,Nurture Event Campaign 04450,Nurture,Event,Completed,2024-12-30,2025-02-03,9933.33,USD,2024-10-22T00:00:00
4451,CustomerEducation Email Campaign 04451,CustomerEducation,Email,Completed,2026-01-03,2026-04-01,6909.71,USD,2025-09-25T00:00:00
4452,Nurture Web Campaign 04452,Nurture,Web,Active,2023-08-23,,5825.22,USD,2023-06-03T00:00:00
4453,Retention Event Campaign 04453,Retention,Event,Scheduled,2026-09-07,2026-12-02,5692.52,USD,2026-07-19T00:00:00
4454,Nurture Email Campaign 04454,Nurture,Email,Completed,2023-07-21,2023-09-28,5128.93,USD,2023-06-26T00:00:00
4455,Nurture Web Campaign 04455,Nurture,Web,Completed,2023-08-10,2023-10-08,9047.34,USD,2023-06-29T00:00:00
4456,Retention Phone Campaign 04456,Retention,Phone,Active,2023-08-23,,,USD,2023-05-08T00:00:00
4457,Retention Social Campaign 04457,Retention,Social,Scheduled,2026-09-08,2026-11-20,,USD,2026-06-01T00:00:00
4458,Retention Email Campaign 04458,Retention,Email,Completed,2025-12-10,2026-04-05,11257.87,USD,2025-09-19T00:00:00
4459,CustomerEducation Web Campaign 04459,CustomerEducation,Web,Cancelled,2025-12-19,2026-02-18,10325.80,USD,2025-10-06T00:00:00
4460,Nurture Social Campaign 04460,Nurture,Social,Active,2025-01-05,,6161.13,USD,2024-10-25T00:00:00
4461,Retention Webinar Campaign 04461,Retention,Webinar,Completed,2024-12-13,2025-02-08,7385.60,USD,2024-08-21T00:00:00
4462,Nurture Email Campaign 04462,Nurture,Email,Completed,2023-12-20,2024-01-20,14136.03,USD,2023-11-27T00:00:00
4463,Nurture Email Campaign 04463,Nurture,Email,Completed,2023-09-11,2023-10-14,6160.19,USD,2023-05-15T00:00:00
4464,Nurture Email Campaign 04464,Nurture,Email,Scheduled,2026-12-28,2027-04-04,196379.26,USD,2026-11-08T00:00:00
4465,Nurture Webinar Campaign 04465,Nurture,Webinar,Completed,2023-09-07,2023-12-27,,USD,2023-07-03T00:00:00
4466,CustomerEducation Webinar Campaign 04466,CustomerEducation,Webinar,Completed,2023-10-04,2023-11-08,13995.39,USD,2023-06-24T00:00:00
4467,CustomerEducation Web Campaign 04467,CustomerEducation,Web,Active,2026-02-09,,6570.32,USD,2026-01-12T00:00:00
4468,Nurture Web Campaign 04468,Nurture,Web,Cancelled,2023-08-13,2023-10-04,6959.66,USD,2023-07-05T00:00:00
4469,Nurture Social Campaign 04469,Nurture,Social,Draft,2026-11-11,,13783.65,USD,2026-07-22T00:00:00
4470,Nurture Phone Campaign 04470,Nurture,Phone,Active,2026-01-07,,6045.72,USD,2025-12-16T00:00:00
4471,CustomerEducation Phone Campaign 04471,CustomerEducation,Phone,Completed,2025-05-15,2025-06-12,9859.19,USD,2025-04-04T00:00:00
4472,Reengagement Phone Campaign 04472,Reengagement,Phone,Draft,2026-09-05,,11727.89,USD,2026-05-31T00:00:00
4473,Reengagement Web Campaign 04473,Reengagement,Web,Completed,2025-01-04,2025-03-21,43714.54,USD,2024-10-05T00:00:00
4474,Nurture Webinar Campaign 04474,Nurture,Webinar,Completed,2023-09-16,2023-12-25,5718.44,USD,2023-08-15T00:00:00
4475,Awareness Social Campaign 04475,Awareness,Social,Active,2023-08-08,,73582.93,USD,2023-04-13T00:00:00
4476,Nurture Social Campaign 04476,Nurture,Social,Scheduled,2026-09-08,2026-11-06,9977.04,USD,2026-05-17T00:00:00
4477,Reengagement Web Campaign 04477,Reengagement,Web,Active,2024-11-19,,5592.37,USD,2024-09-29T00:00:00
4478,Retention Email Campaign 04478,Retention,Email,Scheduled,2026-11-01,2026-12-20,5118.17,USD,2026-10-07T00:00:00
4479,Reengagement Event Campaign 04479,Reengagement,Event,Completed,2023-10-20,2024-01-07,5737.79,USD,2023-10-18T00:00:00
4480,Nurture Email Campaign 04480,Nurture,Email,Completed,2026-01-26,2026-03-08,17900.89,USD,2025-11-01T00:00:00
4481,Awareness Social Campaign 04481,Awareness,Social,Completed,2023-08-14,2023-08-24,13302.62,USD,2023-04-25T00:00:00
4482,Reengagement Phone Campaign 04482,Reengagement,Phone,Active,2025-11-11,,30124.14,USD,2025-08-01T00:00:00
4483,Nurture Event Campaign 04483,Nurture,Event,Active,2026-02-06,,8284.44,USD,2025-11-05T00:00:00
4484,Reengagement Email Campaign 04484,Reengagement,Email,Completed,2025-01-24,2025-05-23,5643.73,USD,2024-10-09T00:00:00
4485,Reengagement Social Campaign 04485,Reengagement,Social,Completed,2023-06-21,2023-09-29,,USD,2023-05-15T00:00:00
4486,Reengagement Phone Campaign 04486,Reengagement,Phone,Completed,2025-12-29,2026-03-12,6056.22,USD,2025-11-12T00:00:00
4487,Reengagement Phone Campaign 04487,Reengagement,Phone,Scheduled,2026-09-21,2027-01-15,5787.89,USD,2026-06-28T00:00:00
4488,Reengagement Web Campaign 04488,Reengagement,Web,Completed,2024-12-29,2025-02-04,7390.16,USD,2024-10-06T00:00:00
4489,Retention Event Campaign 04489,Retention,Event,Completed,2024-12-08,2024-12-23,5403.18,USD,2024-08-18T00:00:00
4490,CustomerEducation Event Campaign 04490,CustomerEducation,Event,Completed,2024-12-05,2025-03-23,38372.34,USD,2024-09-26T00:00:00
4491,Nurture Social Campaign 04491,Nurture,Social,Cancelled,2023-11-22,2024-01-25,5070.39,USD,2023-09-27T00:00:00
4492,Retention Web Campaign 04492,Retention,Web,Scheduled,2026-09-10,2026-10-10,7079.14,USD,2026-07-21T00:00:00
4493,CustomerEducation Event Campaign 04493,CustomerEducation,Event,Active,2023-09-05,,7016.01,USD,2023-07-13T00:00:00
4494,Nurture Webinar Campaign 04494,Nurture,Webinar,Scheduled,2026-12-21,2027-04-16,11794.91,USD,2026-09-18T00:00:00
4495,Awareness Event Campaign 04495,Awareness,Event,Completed,2023-09-02,2023-10-04,9912.79,USD,2023-07-05T00:00:00
4496,CustomerEducation Event Campaign 04496,CustomerEducation,Event,Completed,2024-12-29,2025-01-22,20903.27,USD,2024-12-01T00:00:00
4497,Nurture Phone Campaign 04497,Nurture,Phone,Completed,2026-01-27,2026-02-05,16388.89,USD,2026-01-14T00:00:00
4498,CustomerEducation Web Campaign 04498,CustomerEducation,Web,Completed,2023-10-07,2024-01-04,5637.72,USD,2023-08-01T00:00:00
4499,Awareness Phone Campaign 04499,Awareness,Phone,Completed,2026-02-07,2026-02-28,5863.14,USD,2026-01-12T00:00:00
4500,CustomerEducation Social Campaign 04500,CustomerEducation,Social,Cancelled,2024-11-07,2024-12-08,,USD,2024-08-13T00:00:00
4501,Awareness Email Campaign 04501,Awareness,Email,Completed,2026-01-20,2026-03-01,7190.60,USD,2025-12-30T00:00:00
4502,CustomerEducation Phone Campaign 04502,CustomerEducation,Phone,Completed,2024-01-01,2024-01-28,8388.70,USD,2023-12-04T00:00:00
4503,Awareness Social Campaign 04503,Awareness,Social,Completed,2024-12-29,2025-02-10,5004.07,USD,2024-12-02T00:00:00
4504,Awareness Phone Campaign 04504,Awareness,Phone,Draft,2026-09-07,,10096.04,USD,2026-07-10T00:00:00
4505,CustomerEducation Social Campaign 04505,CustomerEducation,Social,Completed,2023-08-25,2023-11-23,17446.00,USD,2023-07-13T00:00:00
4506,Reengagement Event Campaign 04506,Reengagement,Event,Completed,2023-12-22,2024-01-28,5289.91,USD,2023-11-16T00:00:00
4507,Nurture Event Campaign 04507,Nurture,Event,Draft,2026-11-08,,14993.57,USD,2026-09-01T00:00:00
4508,Reengagement Webinar Campaign 04508,Reengagement,Webinar,Draft,2026-09-20,,76128.17,USD,2026-08-23T00:00:00
4509,CustomerEducation Email Campaign 04509,CustomerEducation,Email,Cancelled,2023-10-09,2024-01-21,6211.54,USD,2023-08-13T00:00:00
4510,Retention Social Campaign 04510,Retention,Social,Active,2025-11-27,,9549.55,USD,2025-11-12T00:00:00
4511,CustomerEducation Phone Campaign 04511,CustomerEducation,Phone,Completed,2023-08-24,2023-12-14,7490.57,USD,2023-05-09T00:00:00
4512,CustomerEducation Phone Campaign 04512,CustomerEducation,Phone,Cancelled,2024-12-12,2025-02-28,15756.89,USD,2024-11-30T00:00:00
4513,Awareness Social Campaign 04513,Awareness,Social,Scheduled,2026-12-26,2027-01-30,,USD,2026-10-08T00:00:00
4514,Retention Social Campaign 04514,Retention,Social,Cancelled,2026-02-09,2026-05-22,17598.66,USD,2025-11-22T00:00:00
4515,CustomerEducation Phone Campaign 04515,CustomerEducation,Phone,Active,2024-11-05,,5094.11,USD,2024-07-10T00:00:00
4516,Awareness Social Campaign 04516,Awareness,Social,Completed,2024-12-31,2025-03-30,5498.68,USD,2024-12-18T00:00:00
4517,Nurture Web Campaign 04517,Nurture,Web,Active,2025-01-03,,23167.06,USD,2024-12-11T00:00:00
4518,Nurture Web Campaign 04518,Nurture,Web,Completed,2023-11-20,2024-02-09,14492.42,USD,2023-09-08T00:00:00
4519,Nurture Event Campaign 04519,Nurture,Event,Draft,2026-11-04,,17313.81,USD,2026-08-14T00:00:00
4520,Awareness Webinar Campaign 04520,Awareness,Webinar,Completed,2024-11-13,2024-12-14,6395.89,USD,2024-11-03T00:00:00
4521,Reengagement Web Campaign 04521,Reengagement,Web,Active,2025-10-08,,6674.45,USD,2025-08-29T00:00:00
4522,Retention Email Campaign 04522,Retention,Email,Completed,2023-09-14,2023-12-16,107424.89,USD,2023-08-26T00:00:00
4523,Retention Web Campaign 04523,Retention,Web,Active,2023-09-12,,5581.03,USD,2023-08-23T00:00:00
4524,Retention Webinar Campaign 04524,Retention,Webinar,Cancelled,2024-12-22,2025-01-08,38267.30,USD,2024-11-25T00:00:00
4525,Nurture Web Campaign 04525,Nurture,Web,Active,2024-12-03,,7337.34,USD,2024-10-30T00:00:00
4526,Reengagement Social Campaign 04526,Reengagement,Social,Active,2026-04-01,,5057.22,USD,2026-01-29T00:00:00
4527,Nurture Social Campaign 04527,Nurture,Social,Active,2025-11-12,,5059.38,USD,2025-08-23T00:00:00
4528,Awareness Social Campaign 04528,Awareness,Social,Completed,2025-01-28,2025-02-26,6449.61,USD,2025-01-07T00:00:00
4529,CustomerEducation Social Campaign 04529,CustomerEducation,Social,Completed,2023-06-18,2023-09-24,5969.15,USD,2023-03-28T00:00:00
4530,CustomerEducation Event Campaign 04530,CustomerEducation,Event,Active,2025-12-27,,,USD,2025-11-03T00:00:00
4531,Reengagement Social Campaign 04531,Reengagement,Social,Cancelled,2025-01-14,2025-03-30,7709.83,USD,2024-10-08T00:00:00
4532,Nurture Social Campaign 04532,Nurture,Social,Completed,2026-01-25,2026-04-02,5436.05,USD,2025-12-25T00:00:00
4533,Nurture Event Campaign 04533,Nurture,Event,Completed,2023-11-02,2023-11-12,105857.40,USD,2023-08-27T00:00:00
4534,Awareness Web Campaign 04534,Awareness,Web,Completed,2024-09-15,2024-10-23,15901.25,USD,2024-07-17T00:00:00
4535,Reengagement Phone Campaign 04535,Reengagement,Phone,Active,2024-12-08,,76736.33,USD,2024-11-30T00:00:00
4536,Nurture Email Campaign 04536,Nurture,Email,Completed,2023-09-29,2024-01-14,6947.47,USD,2023-08-27T00:00:00
4537,CustomerEducation Phone Campaign 04537,CustomerEducation,Phone,Active,2026-02-01,,9568.76,USD,2025-10-26T00:00:00
4538,Reengagement Email Campaign 04538,Reengagement,Email,Completed,2023-07-11,2023-09-05,6904.18,USD,2023-04-19T00:00:00
4539,Reengagement Phone Campaign 04539,Reengagement,Phone,Cancelled,2023-07-23,2023-07-30,15167.85,USD,2023-04-29T00:00:00
4540,Nurture Webinar Campaign 04540,Nurture,Webinar,Draft,2026-08-29,,7197.02,USD,2026-08-12T00:00:00
4541,Awareness Phone Campaign 04541,Awareness,Phone,Completed,2024-11-27,2024-12-11,8409.44,USD,2024-08-04T00:00:00
4542,Nurture Webinar Campaign 04542,Nurture,Webinar,Scheduled,2026-12-30,2027-01-29,9020.67,USD,2026-11-18T00:00:00
4543,Nurture Email Campaign 04543,Nurture,Email,Active,2025-12-02,,,USD,2025-10-06T00:00:00
4544,CustomerEducation Event Campaign 04544,CustomerEducation,Event,Completed,2024-12-16,2025-02-04,39157.15,USD,2024-11-13T00:00:00
4545,Nurture Phone Campaign 04545,Nurture,Phone,Active,2025-11-07,,5009.97,USD,2025-07-18T00:00:00
4546,Retention Email Campaign 04546,Retention,Email,Completed,2025-02-10,2025-05-24,26993.64,USD,2024-12-16T00:00:00
4547,CustomerEducation Event Campaign 04547,CustomerEducation,Event,Draft,2026-09-10,,26001.94,USD,2026-06-02T00:00:00
4548,Retention Social Campaign 04548,Retention,Social,Completed,2025-10-14,2025-11-29,17823.16,USD,2025-07-09T00:00:00
4549,Awareness Social Campaign 04549,Awareness,Social,Completed,2025-01-18,2025-03-31,9997.03,USD,2024-11-06T00:00:00
4550,Nurture Event Campaign 04550,Nurture,Event,Active,2026-02-04,,8215.96,USD,2025-10-28T00:00:00
4551,Awareness Event Campaign 04551,Awareness,Event,Scheduled,2026-11-14,2027-03-11,32234.18,USD,2026-07-20T00:00:00
4552,Nurture Web Campaign 04552,Nurture,Web,Completed,2026-01-22,2026-02-28,6883.83,USD,2025-11-28T00:00:00
4553,Reengagement Web Campaign 04553,Reengagement,Web,Scheduled,2027-01-08,2027-03-25,36000.81,USD,2027-01-07T00:00:00
4554,CustomerEducation Webinar Campaign 04554,CustomerEducation,Webinar,Active,2025-01-14,,161131.91,USD,2025-01-12T00:00:00
4555,Reengagement Social Campaign 04555,Reengagement,Social,Completed,2023-09-20,2023-12-22,12078.12,USD,2023-06-28T00:00:00
4556,CustomerEducation Phone Campaign 04556,CustomerEducation,Phone,Active,2023-10-06,,,USD,2023-09-14T00:00:00
4557,Retention Email Campaign 04557,Retention,Email,Cancelled,2026-01-27,2026-04-22,9779.82,USD,2025-12-09T00:00:00
4558,Nurture Phone Campaign 04558,Nurture,Phone,Active,2026-02-07,,5404.44,USD,2026-01-29T00:00:00
4559,Awareness Email Campaign 04559,Awareness,Email,Active,2023-10-08,,7522.77,USD,2023-07-29T00:00:00
4560,Nurture Social Campaign 04560,Nurture,Social,Draft,2026-11-08,,5007.06,USD,2026-11-01T00:00:00
4561,CustomerEducation Phone Campaign 04561,CustomerEducation,Phone,Completed,2024-11-01,2024-12-09,8459.11,USD,2024-08-19T00:00:00
4562,Awareness Web Campaign 04562,Awareness,Web,Active,2024-12-24,,6555.55,USD,2024-12-16T00:00:00
4563,Reengagement Social Campaign 04563,Reengagement,Social,Completed,2026-02-12,2026-03-10,,USD,2025-12-16T00:00:00
4564,CustomerEducation Phone Campaign 04564,CustomerEducation,Phone,Completed,2023-10-24,2024-01-10,21669.87,USD,2023-08-19T00:00:00
4565,Awareness Webinar Campaign 04565,Awareness,Webinar,Scheduled,2026-11-14,2027-01-25,17516.72,USD,2026-07-24T00:00:00
4566,Retention Email Campaign 04566,Retention,Email,Active,2023-09-15,,6868.85,USD,2023-07-03T00:00:00
4567,Nurture Social Campaign 04567,Nurture,Social,Completed,2026-01-24,2026-05-04,7565.43,USD,2025-11-05T00:00:00
4568,Retention Event Campaign 04568,Retention,Event,Completed,2026-02-02,2026-05-15,13984.50,USD,2025-10-13T00:00:00
4569,Awareness Phone Campaign 04569,Awareness,Phone,Draft,2026-11-13,,6442.18,USD,2026-08-12T00:00:00
4570,Reengagement Email Campaign 04570,Reengagement,Email,Completed,2023-10-19,2024-01-22,10758.98,USD,2023-10-14T00:00:00
4571,Retention Phone Campaign 04571,Retention,Phone,Cancelled,2024-10-12,2025-01-05,14444.35,USD,2024-09-28T00:00:00
4572,CustomerEducation Phone Campaign 04572,CustomerEducation,Phone,Scheduled,2026-11-09,2027-01-01,24545.22,USD,2026-10-28T00:00:00
4573,Retention Email Campaign 04573,Retention,Email,Scheduled,2026-10-25,2026-12-07,7012.26,USD,2026-07-23T00:00:00
4574,CustomerEducation Phone Campaign 04574,CustomerEducation,Phone,Completed,2025-02-28,2025-04-07,20862.95,USD,2024-11-20T00:00:00
4575,Nurture Web Campaign 04575,Nurture,Web,Active,2023-09-15,,57502.97,USD,2023-06-15T00:00:00
4576,Nurture Social Campaign 04576,Nurture,Social,Draft,2026-11-26,,5127.61,USD,2026-09-22T00:00:00
4577,Awareness Social Campaign 04577,Awareness,Social,Completed,2026-02-21,2026-03-24,6283.33,USD,2025-12-07T00:00:00
4578,Retention Web Campaign 04578,Retention,Web,Completed,2023-09-27,2024-01-12,5930.83,USD,2023-06-29T00:00:00
4579,CustomerEducation Event Campaign 04579,CustomerEducation,Event,Draft,2027-01-01,,5249.91,USD,2026-10-05T00:00:00
4580,Nurture Social Campaign 04580,Nurture,Social,Completed,2023-07-03,2023-10-04,6207.57,USD,2023-04-16T00:00:00
4581,Nurture Social Campaign 04581,Nurture,Social,Active,2024-12-15,,7444.75,USD,2024-12-14T00:00:00
4582,Awareness Event Campaign 04582,Awareness,Event,Draft,2026-09-08,,25370.14,USD,2026-07-01T00:00:00
4583,Reengagement Phone Campaign 04583,Reengagement,Phone,Completed,2025-03-29,2025-06-14,5873.09,USD,2025-01-04T00:00:00
4584,Awareness Webinar Campaign 04584,Awareness,Webinar,Scheduled,2026-09-17,2026-11-29,5945.81,USD,2026-08-06T00:00:00
4585,Reengagement Event Campaign 04585,Reengagement,Event,Completed,2026-01-25,2026-03-03,5187.83,USD,2025-12-12T00:00:00
4586,CustomerEducation Phone Campaign 04586,CustomerEducation,Phone,Active,2023-11-08,,5948.52,USD,2023-09-12T00:00:00
4587,Awareness Web Campaign 04587,Awareness,Web,Scheduled,2026-09-05,2026-11-25,13314.02,USD,2026-05-08T00:00:00
4588,CustomerEducation Social Campaign 04588,CustomerEducation,Social,Active,2023-09-16,,26424.49,USD,2023-06-11T00:00:00
4589,Retention Event Campaign 04589,Retention,Event,Completed,2023-08-12,2023-09-06,15388.03,USD,2023-06-12T00:00:00
4590,Nurture Social Campaign 04590,Nurture,Social,Completed,2024-12-02,2025-02-11,5508.90,USD,2024-09-28T00:00:00
4591,CustomerEducation Phone Campaign 04591,CustomerEducation,Phone,Cancelled,2024-12-29,2025-01-26,5038.16,USD,2024-09-17T00:00:00
4592,CustomerEducation Social Campaign 04592,CustomerEducation,Social,Draft,2027-01-07,,9961.68,USD,2026-12-20T00:00:00
4593,CustomerEducation Webinar Campaign 04593,CustomerEducation,Webinar,Active,2025-02-15,,8506.26,USD,2024-12-29T00:00:00
4594,Nurture Social Campaign 04594,Nurture,Social,Cancelled,2024-11-10,2024-11-20,,USD,2024-10-05T00:00:00
4595,CustomerEducation Event Campaign 04595,CustomerEducation,Event,Completed,2025-10-16,2025-12-19,5917.00,USD,2025-09-30T00:00:00
4596,Awareness Web Campaign 04596,Awareness,Web,Cancelled,2024-12-06,2025-02-02,,USD,2024-08-15T00:00:00
4597,Awareness Social Campaign 04597,Awareness,Social,Completed,2025-12-06,2026-03-07,10971.09,USD,2025-09-19T00:00:00
4598,Awareness Event Campaign 04598,Awareness,Event,Completed,2023-09-07,2023-11-17,7986.16,USD,2023-06-01T00:00:00
4599,Retention Event Campaign 04599,Retention,Event,Active,2024-12-18,,39419.10,USD,2024-10-17T00:00:00
4600,Reengagement Event Campaign 04600,Reengagement,Event,Draft,2026-09-09,,5062.84,USD,2026-08-05T00:00:00
4601,CustomerEducation Email Campaign 04601,CustomerEducation,Email,Completed,2023-06-13,2023-09-12,32184.38,USD,2023-05-17T00:00:00
4602,Retention Web Campaign 04602,Retention,Web,Completed,2024-10-18,2024-11-17,16012.31,USD,2024-07-30T00:00:00
4603,Nurture Email Campaign 04603,Nurture,Email,Active,2025-02-18,,19363.89,USD,2024-11-05T00:00:00
4604,Retention Event Campaign 04604,Retention,Event,Active,2023-12-17,,8658.14,USD,2023-09-19T00:00:00
4605,Awareness Event Campaign 04605,Awareness,Event,Scheduled,2026-11-08,2027-02-09,6524.71,USD,2026-11-05T00:00:00
4606,Nurture Event Campaign 04606,Nurture,Event,Completed,2026-01-30,2026-03-04,5571.95,USD,2025-11-18T00:00:00
4607,Reengagement Event Campaign 04607,Reengagement,Event,Cancelled,2023-11-04,2024-03-02,6649.53,USD,2023-07-27T00:00:00
4608,Reengagement Social Campaign 04608,Reengagement,Social,Completed,2025-01-22,2025-05-22,,USD,2024-09-28T00:00:00
4609,Retention Phone Campaign 04609,Retention,Phone,Completed,2023-09-01,2023-11-26,7061.49,USD,2023-07-14T00:00:00
4610,Awareness Email Campaign 04610,Awareness,Email,Active,2023-10-04,,25199.74,USD,2023-08-19T00:00:00
4611,Retention Phone Campaign 04611,Retention,Phone,Scheduled,2026-11-06,2027-02-19,65507.71,USD,2026-09-08T00:00:00
4612,Awareness Email Campaign 04612,Awareness,Email,Active,2025-12-29,,12806.43,USD,2025-09-28T00:00:00
4613,Nurture Webinar Campaign 04613,Nurture,Webinar,Completed,2023-09-27,2023-11-29,5527.40,USD,2023-08-09T00:00:00
4614,Retention Webinar Campaign 04614,Retention,Webinar,Active,2023-07-24,,15842.19,USD,2023-06-28T00:00:00
4615,Nurture Social Campaign 04615,Nurture,Social,Cancelled,2023-08-28,2023-12-05,8372.15,USD,2023-06-20T00:00:00
4616,Reengagement Social Campaign 04616,Reengagement,Social,Draft,2026-11-20,,8611.06,USD,2026-08-30T00:00:00
4617,CustomerEducation Web Campaign 04617,CustomerEducation,Web,Completed,2024-11-25,2025-02-16,15502.42,USD,2024-09-10T00:00:00
4618,Reengagement Phone Campaign 04618,Reengagement,Phone,Scheduled,2026-09-06,2026-10-06,6965.17,USD,2026-05-14T00:00:00
4619,Retention Email Campaign 04619,Retention,Email,Completed,2023-08-27,2023-11-03,10745.33,USD,2023-08-24T00:00:00
4620,Nurture Email Campaign 04620,Nurture,Email,Active,2024-11-15,,7347.84,USD,2024-11-04T00:00:00
4621,CustomerEducation Social Campaign 04621,CustomerEducation,Social,Active,2026-01-11,,6948.30,USD,2025-12-07T00:00:00
4622,Retention Event Campaign 04622,Retention,Event,Cancelled,2023-11-09,2024-01-21,6867.77,USD,2023-10-02T00:00:00
4623,Retention Email Campaign 04623,Retention,Email,Draft,2026-11-15,,7896.77,USD,2026-08-31T00:00:00
4624,Reengagement Webinar Campaign 04624,Reengagement,Webinar,Completed,2023-06-29,2023-07-07,40760.91,USD,2023-05-09T00:00:00
4625,Reengagement Web Campaign 04625,Reengagement,Web,Cancelled,2025-11-24,2026-02-21,8539.06,USD,2025-10-03T00:00:00
4626,Awareness Email Campaign 04626,Awareness,Email,Active,2023-11-07,,11604.11,USD,2023-10-07T00:00:00
4627,Retention Event Campaign 04627,Retention,Event,Completed,2025-01-12,2025-05-06,,USD,2024-09-17T00:00:00
4628,Nurture Web Campaign 04628,Nurture,Web,Completed,2023-07-09,2023-10-11,59208.92,USD,2023-03-30T00:00:00
4629,Reengagement Webinar Campaign 04629,Reengagement,Webinar,Completed,2024-12-02,2024-12-17,12980.81,USD,2024-09-20T00:00:00
4630,Awareness Social Campaign 04630,Awareness,Social,Completed,2024-12-21,2025-01-13,15268.43,USD,2024-12-11T00:00:00
4631,Retention Social Campaign 04631,Retention,Social,Cancelled,2023-09-30,2023-11-10,6875.58,USD,2023-08-22T00:00:00
4632,Awareness Phone Campaign 04632,Awareness,Phone,Completed,2025-12-16,2026-02-16,10955.77,USD,2025-08-21T00:00:00
4633,Nurture Event Campaign 04633,Nurture,Event,Active,2024-11-25,,18030.96,USD,2024-08-24T00:00:00
4634,Retention Event Campaign 04634,Retention,Event,Completed,2025-03-02,2025-06-26,10405.12,USD,2024-12-23T00:00:00
4635,Reengagement Webinar Campaign 04635,Reengagement,Webinar,Completed,2023-09-07,2023-12-15,5190.68,USD,2023-09-04T00:00:00
4636,CustomerEducation Event Campaign 04636,CustomerEducation,Event,Completed,2023-08-30,2023-10-10,9363.73,USD,2023-05-04T00:00:00
4637,Nurture Email Campaign 04637,Nurture,Email,Active,2025-12-27,,22820.79,USD,2025-09-13T00:00:00
4638,Retention Webinar Campaign 04638,Retention,Webinar,Cancelled,2026-01-05,2026-04-09,7405.97,USD,2025-11-24T00:00:00
4639,Retention Phone Campaign 04639,Retention,Phone,Cancelled,2023-11-16,2023-12-29,,USD,2023-10-19T00:00:00
4640,Nurture Phone Campaign 04640,Nurture,Phone,Active,2024-10-19,,64605.24,USD,2024-09-06T00:00:00
4641,Nurture Event Campaign 04641,Nurture,Event,Cancelled,2026-01-10,2026-05-01,,USD,2025-10-26T00:00:00
4642,Nurture Webinar Campaign 04642,Nurture,Webinar,Completed,2026-03-21,2026-05-12,16676.96,USD,2026-02-14T00:00:00
4643,Awareness Event Campaign 04643,Awareness,Event,Cancelled,2025-01-18,2025-02-18,8151.10,USD,2024-12-20T00:00:00
4644,Awareness Phone Campaign 04644,Awareness,Phone,Scheduled,2027-01-13,2027-05-10,6067.98,USD,2026-10-13T00:00:00
4645,Nurture Event Campaign 04645,Nurture,Event,Active,2025-01-19,,9337.17,USD,2024-12-18T00:00:00
4646,Awareness Web Campaign 04646,Awareness,Web,Cancelled,2025-10-08,2025-10-19,12168.41,USD,2025-08-25T00:00:00
4647,Awareness Social Campaign 04647,Awareness,Social,Completed,2026-04-03,2026-07-14,31213.31,USD,2026-02-22T00:00:00
4648,Retention Phone Campaign 04648,Retention,Phone,Completed,2024-12-27,2025-02-01,27611.77,USD,2024-10-26T00:00:00
4649,CustomerEducation Email Campaign 04649,CustomerEducation,Email,Cancelled,2025-01-03,2025-04-14,42430.74,USD,2024-09-17T00:00:00
4650,Retention Social Campaign 04650,Retention,Social,Completed,2024-10-24,2024-12-19,5078.10,USD,2024-07-31T00:00:00
4651,CustomerEducation Phone Campaign 04651,CustomerEducation,Phone,Completed,2024-11-16,2025-02-17,9729.88,USD,2024-10-19T00:00:00
4652,Awareness Web Campaign 04652,Awareness,Web,Completed,2025-01-09,2025-03-28,10877.15,USD,2024-10-27T00:00:00
4653,CustomerEducation Event Campaign 04653,CustomerEducation,Event,Scheduled,2026-11-13,2026-12-13,7065.97,USD,2026-09-24T00:00:00
4654,Nurture Webinar Campaign 04654,Nurture,Webinar,Scheduled,2026-09-13,2026-12-21,5003.15,USD,2026-06-12T00:00:00
4655,Reengagement Email Campaign 04655,Reengagement,Email,Active,2024-10-04,,15127.53,USD,2024-09-11T00:00:00
4656,CustomerEducation Social Campaign 04656,CustomerEducation,Social,Draft,2026-11-08,,7839.46,USD,2026-09-20T00:00:00
4657,Awareness Email Campaign 04657,Awareness,Email,Active,2026-02-21,,7153.22,USD,2025-12-18T00:00:00
4658,CustomerEducation Social Campaign 04658,CustomerEducation,Social,Completed,2025-10-14,2025-12-27,13747.95,USD,2025-10-09T00:00:00
4659,Awareness Event Campaign 04659,Awareness,Event,Completed,2023-07-29,2023-10-23,9170.72,USD,2023-04-25T00:00:00
4660,Nurture Web Campaign 04660,Nurture,Web,Completed,2025-01-04,2025-01-16,15613.66,USD,2024-12-23T00:00:00
4661,Nurture Email Campaign 04661,Nurture,Email,Active,2023-08-12,,5992.93,USD,2023-06-03T00:00:00
4662,Awareness Event Campaign 04662,Awareness,Event,Completed,2025-03-26,2025-07-20,17846.02,USD,2025-02-18T00:00:00
4663,Retention Phone Campaign 04663,Retention,Phone,Active,2024-09-10,,16526.09,USD,2024-08-01T00:00:00
4664,Awareness Webinar Campaign 04664,Awareness,Webinar,Completed,2023-09-11,2023-10-30,13410.11,USD,2023-08-01T00:00:00
4665,Reengagement Social Campaign 04665,Reengagement,Social,Completed,2023-09-04,2023-12-06,6589.69,USD,2023-08-02T00:00:00
4666,Nurture Social Campaign 04666,Nurture,Social,Completed,2023-09-21,2023-10-13,6829.35,USD,2023-08-14T00:00:00
4667,Awareness Email Campaign 04667,Awareness,Email,Completed,2024-11-06,2024-11-17,19593.41,USD,2024-11-02T00:00:00
4668,Reengagement Webinar Campaign 04668,Reengagement,Webinar,Draft,2026-11-09,,6788.62,USD,2026-11-01T00:00:00
4669,Reengagement Event Campaign 04669,Reengagement,Event,Completed,2026-01-24,2026-03-02,13590.09,USD,2026-01-02T00:00:00
4670,CustomerEducation Event Campaign 04670,CustomerEducation,Event,Completed,2024-11-18,2024-12-20,8286.80,USD,2024-11-10T00:00:00
4671,Reengagement Phone Campaign 04671,Reengagement,Phone,Completed,2024-09-26,2025-01-06,12622.67,USD,2024-09-07T00:00:00
4672,Reengagement Webinar Campaign 04672,Reengagement,Webinar,Active,2023-10-21,,5362.61,USD,2023-07-24T00:00:00
4673,Nurture Phone Campaign 04673,Nurture,Phone,Completed,2023-08-25,2023-09-15,5498.29,USD,2023-08-12T00:00:00
4674,Retention Event Campaign 04674,Retention,Event,Completed,2023-10-07,2023-12-03,8042.92,USD,2023-07-07T00:00:00
4675,Reengagement Email Campaign 04675,Reengagement,Email,Scheduled,2027-01-01,2027-04-10,9973.54,USD,2026-12-01T00:00:00
4676,CustomerEducation Web Campaign 04676,CustomerEducation,Web,Completed,2026-01-29,2026-05-29,6961.14,USD,2025-10-06T00:00:00
4677,Reengagement Event Campaign 04677,Reengagement,Event,Completed,2024-10-28,2024-11-05,6571.84,USD,2024-10-06T00:00:00
4678,Reengagement Phone Campaign 04678,Reengagement,Phone,Active,2025-09-28,,6288.50,USD,2025-09-06T00:00:00
4679,Reengagement Social Campaign 04679,Reengagement,Social,Scheduled,2026-09-02,2026-10-10,43302.41,USD,2026-07-31T00:00:00
4680,Reengagement Phone Campaign 04680,Reengagement,Phone,Scheduled,2027-01-13,2027-02-22,5698.09,USD,2027-01-04T00:00:00
4681,CustomerEducation Email Campaign 04681,CustomerEducation,Email,Completed,2023-09-18,2023-09-26,7801.75,USD,2023-08-14T00:00:00
4682,Reengagement Email Campaign 04682,Reengagement,Email,Completed,2025-11-23,2026-01-03,5228.82,USD,2025-09-16T00:00:00
4683,Awareness Social Campaign 04683,Awareness,Social,Draft,2026-11-03,,11081.10,USD,2026-08-07T00:00:00
4684,Retention Social Campaign 04684,Retention,Social,Active,2025-12-11,,6700.41,USD,2025-10-05T00:00:00
4685,Awareness Webinar Campaign 04685,Awareness,Webinar,Active,2026-01-16,,8755.83,USD,2025-10-03T00:00:00
4686,Nurture Event Campaign 04686,Nurture,Event,Active,2023-09-01,,20444.35,USD,2023-06-23T00:00:00
4687,Retention Email Campaign 04687,Retention,Email,Completed,2023-08-14,2023-09-11,5141.93,USD,2023-07-27T00:00:00
4688,Retention Social Campaign 04688,Retention,Social,Scheduled,2026-09-11,2026-10-11,35188.88,USD,2026-08-26T00:00:00
4689,Reengagement Phone Campaign 04689,Reengagement,Phone,Draft,2026-11-10,,21469.77,USD,2026-11-06T00:00:00
4690,Reengagement Email Campaign 04690,Reengagement,Email,Completed,2026-01-19,2026-05-18,5108.50,USD,2025-10-21T00:00:00
4691,Awareness Phone Campaign 04691,Awareness,Phone,Draft,2026-09-08,,,USD,2026-09-04T00:00:00
4692,Reengagement Webinar Campaign 04692,Reengagement,Webinar,Active,2023-10-26,,6508.82,USD,2023-09-17T00:00:00
4693,CustomerEducation Email Campaign 04693,CustomerEducation,Email,Active,2026-02-19,,9529.14,USD,2025-12-27T00:00:00
4694,Awareness Event Campaign 04694,Awareness,Event,Completed,2024-11-09,2025-03-08,6638.32,USD,2024-11-02T00:00:00
4695,Retention Social Campaign 04695,Retention,Social,Scheduled,2026-11-06,2026-12-12,7307.34,USD,2026-08-12T00:00:00
4696,Retention Social Campaign 04696,Retention,Social,Completed,2024-10-22,2024-12-31,,USD,2024-07-17T00:00:00
4697,Nurture Email Campaign 04697,Nurture,Email,Scheduled,2026-12-31,2027-02-11,,USD,2026-10-14T00:00:00
4698,Nurture Phone Campaign 04698,Nurture,Phone,Draft,2026-12-22,,11889.29,USD,2026-12-01T00:00:00
4699,Awareness Social Campaign 04699,Awareness,Social,Completed,2023-10-15,2023-12-15,8286.92,USD,2023-07-05T00:00:00
4700,Retention Web Campaign 04700,Retention,Web,Active,2026-04-17,,37369.81,USD,2026-02-27T00:00:00
4701,Retention Event Campaign 04701,Retention,Event,Scheduled,2026-12-26,2027-03-22,14358.21,USD,2026-11-05T00:00:00
4702,Nurture Social Campaign 04702,Nurture,Social,Active,2025-02-25,,8286.11,USD,2024-12-05T00:00:00
4703,Awareness Email Campaign 04703,Awareness,Email,Active,2025-02-24,,,USD,2024-11-17T00:00:00
4704,Nurture Email Campaign 04704,Nurture,Email,Active,2024-10-29,,67761.20,USD,2024-10-22T00:00:00
4705,Retention Web Campaign 04705,Retention,Web,Draft,2027-01-03,,10117.46,USD,2026-10-15T00:00:00
4706,Retention Webinar Campaign 04706,Retention,Webinar,Active,2023-09-13,,6088.16,USD,2023-08-21T00:00:00
4707,CustomerEducation Event Campaign 04707,CustomerEducation,Event,Draft,2027-01-13,,9734.60,USD,2026-11-08T00:00:00
4708,Awareness Phone Campaign 04708,Awareness,Phone,Scheduled,2026-12-18,2027-02-22,7807.41,USD,2026-11-22T00:00:00
4709,Nurture Social Campaign 04709,Nurture,Social,Completed,2023-09-22,2023-10-29,12344.44,USD,2023-08-11T00:00:00
4710,Reengagement Event Campaign 04710,Reengagement,Event,Draft,2026-09-06,,14105.89,USD,2026-06-08T00:00:00
4711,Awareness Social Campaign 04711,Awareness,Social,Scheduled,2026-11-15,2027-03-07,12853.82,USD,2026-08-27T00:00:00
4712,CustomerEducation Event Campaign 04712,CustomerEducation,Event,Active,2026-01-14,,377953.74,USD,2025-10-21T00:00:00
4713,Reengagement Web Campaign 04713,Reengagement,Web,Active,2023-10-24,,19700.93,USD,2023-09-21T00:00:00
4714,Nurture Web Campaign 04714,Nurture,Web,Completed,2025-12-19,2026-03-13,6125.18,USD,2025-08-27T00:00:00
4715,CustomerEducation Web Campaign 04715,CustomerEducation,Web,Completed,2024-12-04,2025-01-30,,USD,2024-11-15T00:00:00
4716,Reengagement Email Campaign 04716,Reengagement,Email,Draft,2026-10-30,,7576.83,USD,2026-09-03T00:00:00
4717,CustomerEducation Event Campaign 04717,CustomerEducation,Event,Completed,2024-09-24,2025-01-13,5175.38,USD,2024-08-02T00:00:00
4718,Retention Email Campaign 04718,Retention,Email,Completed,2025-12-28,2026-03-14,11858.78,USD,2025-10-02T00:00:00
4719,CustomerEducation Webinar Campaign 04719,CustomerEducation,Webinar,Completed,2025-09-11,2025-09-21,,USD,2025-05-31T00:00:00
4720,CustomerEducation Webinar Campaign 04720,CustomerEducation,Webinar,Draft,2027-01-07,,6517.19,USD,2027-01-02T00:00:00
4721,CustomerEducation Social Campaign 04721,CustomerEducation,Social,Completed,2026-03-08,2026-04-08,,USD,2026-02-04T00:00:00
4722,CustomerEducation Phone Campaign 04722,CustomerEducation,Phone,Completed,2025-01-31,2025-04-03,12229.07,USD,2024-12-27T00:00:00
4723,Nurture Event Campaign 04723,Nurture,Event,Completed,2023-09-15,2023-12-25,5401.24,USD,2023-06-04T00:00:00
4724,CustomerEducation Email Campaign 04724,CustomerEducation,Email,Completed,2024-12-20,2025-02-01,,USD,2024-09-24T00:00:00
4725,CustomerEducation Email Campaign 04725,CustomerEducation,Email,Completed,2023-08-14,2023-12-12,,USD,2023-07-13T00:00:00
4726,Retention Webinar Campaign 04726,Retention,Webinar,Active,2026-01-23,,5439.94,USD,2025-12-07T00:00:00
4727,Awareness Webinar Campaign 04727,Awareness,Webinar,Completed,2023-05-23,2023-07-04,9443.93,USD,2023-04-17T00:00:00
4728,CustomerEducation Web Campaign 04728,CustomerEducation,Web,Completed,2025-11-03,2026-01-18,5312.50,USD,2025-09-27T00:00:00
4729,Awareness Phone Campaign 04729,Awareness,Phone,Cancelled,2024-10-10,2025-01-20,8767.65,USD,2024-07-17T00:00:00
4730,Reengagement Web Campaign 04730,Reengagement,Web,Completed,2026-02-24,2026-05-07,6065.81,USD,2026-02-14T00:00:00
4731,CustomerEducation Event Campaign 04731,CustomerEducation,Event,Completed,2023-12-21,2024-04-14,,USD,2023-09-13T00:00:00
4732,Awareness Webinar Campaign 04732,Awareness,Webinar,Draft,2027-01-08,,7217.86,USD,2026-12-14T00:00:00
4733,Awareness Event Campaign 04733,Awareness,Event,Active,2026-01-03,,8073.71,USD,2025-10-27T00:00:00
4734,Awareness Phone Campaign 04734,Awareness,Phone,Active,2023-10-21,,5368.68,USD,2023-10-03T00:00:00
4735,Awareness Email Campaign 04735,Awareness,Email,Completed,2023-09-13,2023-11-26,6242.44,USD,2023-08-19T00:00:00
4736,Reengagement Event Campaign 04736,Reengagement,Event,Completed,2025-12-24,2026-03-17,,USD,2025-11-11T00:00:00
4737,Reengagement Event Campaign 04737,Reengagement,Event,Completed,2026-01-22,2026-02-19,7104.42,USD,2025-10-06T00:00:00
4738,Retention Event Campaign 04738,Retention,Event,Completed,2024-12-20,2025-01-26,10154.79,USD,2024-11-28T00:00:00
4739,CustomerEducation Phone Campaign 04739,CustomerEducation,Phone,Completed,2024-12-06,2025-01-24,7538.39,USD,2024-11-10T00:00:00
4740,Retention Phone Campaign 04740,Retention,Phone,Cancelled,2026-01-14,2026-04-25,14958.47,USD,2025-11-18T00:00:00
4741,Reengagement Social Campaign 04741,Reengagement,Social,Cancelled,2025-11-19,2026-01-03,,USD,2025-10-29T00:00:00
4742,CustomerEducation Phone Campaign 04742,CustomerEducation,Phone,Completed,2025-02-02,2025-02-09,21635.76,USD,2025-01-24T00:00:00
4743,Awareness Web Campaign 04743,Awareness,Web,Completed,2024-10-29,2024-11-16,5497.86,USD,2024-09-02T00:00:00
4744,Awareness Social Campaign 04744,Awareness,Social,Draft,2026-12-27,,62502.72,USD,2026-09-05T00:00:00
4745,Awareness Email Campaign 04745,Awareness,Email,Scheduled,2026-11-07,2027-02-19,1844786.97,USD,2026-09-23T00:00:00
4746,Retention Social Campaign 04746,Retention,Social,Active,2023-07-30,,,USD,2023-07-13T00:00:00
4747,Awareness Web Campaign 04747,Awareness,Web,Completed,2025-02-05,2025-02-16,,USD,2025-01-21T00:00:00
4748,Retention Web Campaign 04748,Retention,Web,Completed,2025-02-14,2025-05-21,5408.08,USD,2025-02-08T00:00:00
4749,Reengagement Webinar Campaign 04749,Reengagement,Webinar,Completed,2024-12-06,2025-02-08,5584.83,USD,2024-10-04T00:00:00
4750,Retention Webinar Campaign 04750,Retention,Webinar,Completed,2024-12-21,2025-04-13,,USD,2024-09-23T00:00:00
4751,CustomerEducation Phone Campaign 04751,CustomerEducation,Phone,Completed,2023-10-09,2024-02-06,19258.80,USD,2023-09-08T00:00:00
4752,CustomerEducation Social Campaign 04752,CustomerEducation,Social,Active,2024-09-26,,6439.72,USD,2024-07-28T00:00:00
4753,Awareness Social Campaign 04753,Awareness,Social,Draft,2026-09-17,,6384.54,USD,2026-05-30T00:00:00
4754,CustomerEducation Event Campaign 04754,CustomerEducation,Event,Completed,2023-09-06,2023-11-30,8197.46,USD,2023-07-03T00:00:00
4755,Awareness Phone Campaign 04755,Awareness,Phone,Scheduled,2026-09-09,2026-11-21,12788.49,USD,2026-08-23T00:00:00
4756,Nurture Phone Campaign 04756,Nurture,Phone,Completed,2023-09-04,2023-09-21,24026.08,USD,2023-07-09T00:00:00
4757,Awareness Social Campaign 04757,Awareness,Social,Cancelled,2024-11-06,2024-12-02,84325.56,USD,2024-09-18T00:00:00
4758,Retention Web Campaign 04758,Retention,Web,Active,2023-09-23,,14547.44,USD,2023-09-20T00:00:00
4759,Nurture Webinar Campaign 04759,Nurture,Webinar,Completed,2024-12-10,2025-04-06,7775.32,USD,2024-10-14T00:00:00
4760,Retention Event Campaign 04760,Retention,Event,Completed,2026-01-01,2026-04-30,15332.58,USD,2025-10-20T00:00:00
4761,Retention Email Campaign 04761,Retention,Email,Completed,2023-07-03,2023-08-24,32993.34,USD,2023-06-26T00:00:00
4762,Retention Phone Campaign 04762,Retention,Phone,Completed,2023-10-19,2023-11-04,6388.66,USD,2023-07-22T00:00:00
4763,Awareness Social Campaign 04763,Awareness,Social,Completed,2026-04-04,2026-04-26,,USD,2026-01-16T00:00:00
4764,Nurture Email Campaign 04764,Nurture,Email,Completed,2023-09-06,2024-01-01,22239.66,USD,2023-08-13T00:00:00
4765,Reengagement Webinar Campaign 04765,Reengagement,Webinar,Cancelled,2026-04-01,2026-07-27,,USD,2026-01-24T00:00:00
4766,Nurture Web Campaign 04766,Nurture,Web,Scheduled,2026-08-26,2026-11-07,7156.17,USD,2026-05-18T00:00:00
4767,CustomerEducation Webinar Campaign 04767,CustomerEducation,Webinar,Completed,2025-12-08,2026-01-19,,USD,2025-08-22T00:00:00
4768,CustomerEducation Event Campaign 04768,CustomerEducation,Event,Active,2023-09-06,,7651.87,USD,2023-08-26T00:00:00
4769,Retention Web Campaign 04769,Retention,Web,Active,2026-01-28,,5241.37,USD,2026-01-16T00:00:00
4770,Retention Phone Campaign 04770,Retention,Phone,Cancelled,2026-02-26,2026-05-30,30223.70,USD,2025-10-29T00:00:00
4771,Nurture Webinar Campaign 04771,Nurture,Webinar,Completed,2023-11-07,2024-01-16,5733.23,USD,2023-07-12T00:00:00
4772,Retention Email Campaign 04772,Retention,Email,Completed,2023-09-14,2023-09-21,5117.47,USD,2023-07-04T00:00:00
4773,CustomerEducation Event Campaign 04773,CustomerEducation,Event,Completed,2023-06-21,2023-09-03,8564.21,USD,2023-04-19T00:00:00
4774,Retention Event Campaign 04774,Retention,Event,Active,2026-02-03,,44088.52,USD,2025-10-23T00:00:00
4775,Reengagement Social Campaign 04775,Reengagement,Social,Active,2023-10-29,,6482.32,USD,2023-09-09T00:00:00
4776,Reengagement Event Campaign 04776,Reengagement,Event,Active,2023-10-27,,13061.25,USD,2023-09-20T00:00:00
4777,Nurture Event Campaign 04777,Nurture,Event,Scheduled,2026-10-28,2026-11-27,5726.39,USD,2026-08-16T00:00:00
4778,Retention Email Campaign 04778,Retention,Email,Completed,2026-01-28,2026-03-01,9045.21,USD,2025-10-23T00:00:00
4779,Retention Email Campaign 04779,Retention,Email,Completed,2023-08-02,2023-10-05,9348.06,USD,2023-06-02T00:00:00
4780,Reengagement Event Campaign 04780,Reengagement,Event,Completed,2025-02-18,2025-03-10,6530.14,USD,2024-11-04T00:00:00
4781,Nurture Event Campaign 04781,Nurture,Event,Active,2026-04-11,,13935.43,USD,2026-03-18T00:00:00
4782,Retention Email Campaign 04782,Retention,Email,Completed,2024-11-13,2024-12-24,6187.97,USD,2024-10-18T00:00:00
4783,Retention Webinar Campaign 04783,Retention,Webinar,Active,2026-03-16,,40031.70,USD,2025-12-15T00:00:00
4784,Retention Social Campaign 04784,Retention,Social,Completed,2024-11-02,2024-11-19,6060.52,USD,2024-10-08T00:00:00
4785,Nurture Email Campaign 04785,Nurture,Email,Draft,2026-09-05,,2000000.00,USD,2026-06-05T00:00:00
4786,Reengagement Web Campaign 04786,Reengagement,Web,Completed,2025-02-22,2025-05-08,5994.88,USD,2025-01-07T00:00:00
4787,Retention Webinar Campaign 04787,Retention,Webinar,Draft,2026-09-07,,5234.69,USD,2026-07-27T00:00:00
4788,CustomerEducation Social Campaign 04788,CustomerEducation,Social,Completed,2026-01-05,2026-02-10,28234.86,USD,2025-11-17T00:00:00
4789,Nurture Phone Campaign 04789,Nurture,Phone,Completed,2023-11-12,2024-01-08,6482.52,USD,2023-11-07T00:00:00
4790,Nurture Web Campaign 04790,Nurture,Web,Scheduled,2026-09-09,2027-01-06,5059.78,USD,2026-05-27T00:00:00
4791,Awareness Social Campaign 04791,Awareness,Social,Completed,2026-01-07,2026-01-14,10445.87,USD,2025-11-26T00:00:00
4792,CustomerEducation Web Campaign 04792,CustomerEducation,Web,Completed,2025-11-30,2026-03-23,15752.09,USD,2025-08-23T00:00:00
4793,CustomerEducation Web Campaign 04793,CustomerEducation,Web,Completed,2023-08-27,2023-10-27,7041.79,USD,2023-07-03T00:00:00
4794,Reengagement Phone Campaign 04794,Reengagement,Phone,Completed,2026-01-07,2026-03-15,7149.47,USD,2025-10-29T00:00:00
4795,Retention Phone Campaign 04795,Retention,Phone,Completed,2024-12-23,2025-01-12,16280.60,USD,2024-09-25T00:00:00
4796,Nurture Web Campaign 04796,Nurture,Web,Active,2026-02-20,,14599.72,USD,2025-11-02T00:00:00
4797,CustomerEducation Web Campaign 04797,CustomerEducation,Web,Draft,2026-11-04,,7369.13,USD,2026-10-15T00:00:00
4798,Retention Web Campaign 04798,Retention,Web,Completed,2023-09-03,2023-12-02,7404.55,USD,2023-07-26T00:00:00
4799,Nurture Social Campaign 04799,Nurture,Social,Active,2023-09-19,,6668.33,USD,2023-07-05T00:00:00
4800,Reengagement Phone Campaign 04800,Reengagement,Phone,Active,2023-09-04,,5197.00,USD,2023-05-27T00:00:00
4801,Retention Webinar Campaign 04801,Retention,Webinar,Completed,2025-02-21,2025-03-20,9038.73,USD,2025-01-29T00:00:00
4802,Nurture Social Campaign 04802,Nurture,Social,Cancelled,2023-09-08,2023-12-09,14045.59,USD,2023-08-09T00:00:00
4803,Retention Event Campaign 04803,Retention,Event,Active,2024-11-11,,5752.63,USD,2024-07-14T00:00:00
4804,Retention Email Campaign 04804,Retention,Email,Draft,2026-09-04,,65463.49,USD,2026-05-08T00:00:00
4805,Awareness Webinar Campaign 04805,Awareness,Webinar,Active,2024-12-13,,5176.88,USD,2024-09-06T00:00:00
4806,Retention Event Campaign 04806,Retention,Event,Draft,2027-01-06,,25005.08,USD,2026-11-29T00:00:00
4807,CustomerEducation Phone Campaign 04807,CustomerEducation,Phone,Completed,2026-03-17,2026-04-01,97443.23,USD,2025-11-28T00:00:00
4808,Nurture Phone Campaign 04808,Nurture,Phone,Completed,2025-12-26,2026-04-13,70114.63,USD,2025-12-18T00:00:00
4809,Nurture Event Campaign 04809,Nurture,Event,Active,2023-05-25,,8273.19,USD,2023-05-16T00:00:00
4810,Reengagement Social Campaign 04810,Reengagement,Social,Completed,2023-08-12,2023-10-21,7106.26,USD,2023-07-16T00:00:00
4811,CustomerEducation Webinar Campaign 04811,CustomerEducation,Webinar,Completed,2025-01-03,2025-03-17,258417.78,USD,2024-09-19T00:00:00
4812,Awareness Web Campaign 04812,Awareness,Web,Cancelled,2023-12-06,2024-02-21,9821.41,USD,2023-08-20T00:00:00
4813,Retention Phone Campaign 04813,Retention,Phone,Scheduled,2026-09-05,2026-11-25,11347.36,USD,2026-07-24T00:00:00
4814,Reengagement Phone Campaign 04814,Reengagement,Phone,Completed,2026-01-06,2026-03-17,32418.03,USD,2025-09-22T00:00:00
4815,Nurture Social Campaign 04815,Nurture,Social,Cancelled,2023-07-20,2023-08-28,7382.70,USD,2023-03-25T00:00:00
4816,Awareness Phone Campaign 04816,Awareness,Phone,Completed,2023-11-30,2024-01-29,10544.22,USD,2023-10-29T00:00:00
4817,Retention Social Campaign 04817,Retention,Social,Completed,2023-11-08,2023-12-08,5860.91,USD,2023-10-06T00:00:00
4818,CustomerEducation Phone Campaign 04818,CustomerEducation,Phone,Completed,2024-11-28,2025-01-19,5479.58,USD,2024-09-23T00:00:00
4819,Retention Email Campaign 04819,Retention,Email,Scheduled,2026-09-07,2026-11-20,11305.10,USD,2026-08-30T00:00:00
4820,Awareness Webinar Campaign 04820,Awareness,Webinar,Cancelled,2026-02-26,2026-04-14,,USD,2026-01-26T00:00:00
4821,CustomerEducation Phone Campaign 04821,CustomerEducation,Phone,Completed,2025-02-17,2025-03-25,7170.51,USD,2024-11-01T00:00:00
4822,Reengagement Email Campaign 04822,Reengagement,Email,Scheduled,2026-09-11,2026-11-01,16624.97,USD,2026-06-20T00:00:00
4823,Awareness Web Campaign 04823,Awareness,Web,Cancelled,2026-01-26,2026-04-29,21100.06,USD,2025-09-29T00:00:00
4824,Nurture Event Campaign 04824,Nurture,Event,Active,2023-09-20,,14619.71,USD,2023-07-27T00:00:00
4825,Awareness Webinar Campaign 04825,Awareness,Webinar,Completed,2025-10-16,2026-01-18,9619.92,USD,2025-07-02T00:00:00
4826,CustomerEducation Event Campaign 04826,CustomerEducation,Event,Active,2025-02-24,,7425.22,USD,2024-12-16T00:00:00
4827,Reengagement Web Campaign 04827,Reengagement,Web,Completed,2024-09-24,2024-12-17,17100.50,USD,2024-06-23T00:00:00
4828,Retention Phone Campaign 04828,Retention,Phone,Draft,2027-01-07,,7146.89,USD,2026-12-31T00:00:00
4829,Awareness Web Campaign 04829,Awareness,Web,Active,2025-01-23,,5194.96,USD,2024-11-27T00:00:00
4830,Nurture Event Campaign 04830,Nurture,Event,Completed,2024-12-16,2024-12-30,,USD,2024-08-29T00:00:00
4831,Reengagement Webinar Campaign 04831,Reengagement,Webinar,Active,2026-02-16,,5891.95,USD,2025-11-25T00:00:00
4832,CustomerEducation Web Campaign 04832,CustomerEducation,Web,Active,2023-06-25,,7393.62,USD,2023-05-24T00:00:00
4833,Retention Phone Campaign 04833,Retention,Phone,Scheduled,2027-01-02,2027-02-22,28287.33,USD,2026-12-02T00:00:00
4834,Awareness Web Campaign 04834,Awareness,Web,Completed,2023-10-06,2023-11-30,6182.25,USD,2023-09-21T00:00:00
4835,Nurture Webinar Campaign 04835,Nurture,Webinar,Completed,2024-10-04,2024-10-15,15283.43,USD,2024-09-29T00:00:00
4836,Nurture Webinar Campaign 04836,Nurture,Webinar,Completed,2023-10-27,2023-11-16,,USD,2023-07-15T00:00:00
4837,Awareness Email Campaign 04837,Awareness,Email,Completed,2023-09-25,2023-10-15,5854.18,USD,2023-08-14T00:00:00
4838,Retention Social Campaign 04838,Retention,Social,Cancelled,2023-07-17,2023-07-27,7382.69,USD,2023-06-29T00:00:00
4839,Reengagement Email Campaign 04839,Reengagement,Email,Scheduled,2026-09-02,2026-10-27,38055.61,USD,2026-08-17T00:00:00
4840,Retention Phone Campaign 04840,Retention,Phone,Completed,2024-12-09,2025-03-31,6802.76,USD,2024-12-06T00:00:00
4841,CustomerEducation Webinar Campaign 04841,CustomerEducation,Webinar,Active,2026-01-14,,28625.68,USD,2025-12-03T00:00:00
4842,Retention Social Campaign 04842,Retention,Social,Active,2024-12-08,,5736.05,USD,2024-11-16T00:00:00
4843,CustomerEducation Event Campaign 04843,CustomerEducation,Event,Completed,2024-11-29,2025-03-09,14074.74,USD,2024-10-23T00:00:00
4844,Retention Email Campaign 04844,Retention,Email,Completed,2025-11-18,2026-01-07,11072.69,USD,2025-07-23T00:00:00
4845,Nurture Webinar Campaign 04845,Nurture,Webinar,Completed,2023-09-03,2023-12-23,6933.44,USD,2023-05-20T00:00:00
4846,Nurture Email Campaign 04846,Nurture,Email,Completed,2023-07-28,2023-09-11,,USD,2023-05-13T00:00:00
4847,Nurture Email Campaign 04847,Nurture,Email,Completed,2023-10-26,2023-12-30,,USD,2023-07-08T00:00:00
4848,Reengagement Email Campaign 04848,Reengagement,Email,Cancelled,2023-12-14,2024-01-10,10271.31,USD,2023-10-22T00:00:00
4849,Awareness Email Campaign 04849,Awareness,Email,Completed,2023-11-24,2023-12-19,8621.93,USD,2023-09-06T00:00:00
4850,CustomerEducation Event Campaign 04850,CustomerEducation,Event,Scheduled,2026-09-08,2026-11-15,21024.44,USD,2026-07-06T00:00:00
4851,Awareness Event Campaign 04851,Awareness,Event,Scheduled,2026-11-12,2027-02-24,11826.00,USD,2026-10-15T00:00:00
4852,CustomerEducation Email Campaign 04852,CustomerEducation,Email,Completed,2023-09-13,2023-11-13,7328.12,USD,2023-05-27T00:00:00
4853,CustomerEducation Event Campaign 04853,CustomerEducation,Event,Active,2026-02-04,,10669.48,USD,2025-11-22T00:00:00
4854,Awareness Phone Campaign 04854,Awareness,Phone,Completed,2023-10-13,2023-11-15,7511.33,USD,2023-09-12T00:00:00
4855,Reengagement Webinar Campaign 04855,Reengagement,Webinar,Completed,2025-12-27,2026-04-12,8767.47,USD,2025-10-04T00:00:00
4856,Nurture Webinar Campaign 04856,Nurture,Webinar,Completed,2024-10-07,2025-01-01,23523.13,USD,2024-08-18T00:00:00
4857,Nurture Event Campaign 04857,Nurture,Event,Completed,2023-09-07,2023-11-14,11697.31,USD,2023-05-20T00:00:00
4858,CustomerEducation Webinar Campaign 04858,CustomerEducation,Webinar,Active,2024-12-27,,13190.30,USD,2024-11-25T00:00:00
4859,CustomerEducation Phone Campaign 04859,CustomerEducation,Phone,Active,2025-01-09,,58142.21,USD,2024-10-17T00:00:00
4860,Awareness Web Campaign 04860,Awareness,Web,Active,2023-10-25,,,USD,2023-08-30T00:00:00
4861,Nurture Event Campaign 04861,Nurture,Event,Completed,2023-11-07,2023-12-06,,USD,2023-07-19T00:00:00
4862,CustomerEducation Web Campaign 04862,CustomerEducation,Web,Active,2023-09-26,,13637.81,USD,2023-08-15T00:00:00
4863,CustomerEducation Email Campaign 04863,CustomerEducation,Email,Completed,2023-09-29,2024-01-12,25619.57,USD,2023-09-14T00:00:00
4864,Reengagement Email Campaign 04864,Reengagement,Email,Completed,2023-10-04,2024-01-10,,USD,2023-07-10T00:00:00
4865,CustomerEducation Webinar Campaign 04865,CustomerEducation,Webinar,Cancelled,2025-11-05,2026-02-12,6526.52,USD,2025-09-08T00:00:00
4866,Awareness Phone Campaign 04866,Awareness,Phone,Completed,2023-10-08,2023-11-04,5674.21,USD,2023-08-23T00:00:00
4867,Nurture Event Campaign 04867,Nurture,Event,Active,2023-09-16,,6989.77,USD,2023-08-13T00:00:00
4868,CustomerEducation Phone Campaign 04868,CustomerEducation,Phone,Cancelled,2024-11-17,2025-01-19,7726.26,USD,2024-10-20T00:00:00
4869,CustomerEducation Phone Campaign 04869,CustomerEducation,Phone,Completed,2025-12-13,2025-12-27,8221.88,USD,2025-08-17T00:00:00
4870,Nurture Social Campaign 04870,Nurture,Social,Completed,2025-12-07,2026-01-26,7717.41,USD,2025-08-20T00:00:00
4871,Reengagement Event Campaign 04871,Reengagement,Event,Scheduled,2026-08-31,2026-12-22,13163.01,USD,2026-06-09T00:00:00
4872,Awareness Event Campaign 04872,Awareness,Event,Completed,2024-12-17,2025-01-25,7908.48,USD,2024-08-28T00:00:00
4873,Reengagement Webinar Campaign 04873,Reengagement,Webinar,Active,2024-11-23,,5896.53,USD,2024-10-14T00:00:00
4874,Retention Phone Campaign 04874,Retention,Phone,Active,2023-09-30,,,USD,2023-08-16T00:00:00
4875,Retention Phone Campaign 04875,Retention,Phone,Completed,2023-07-09,2023-09-13,6816.81,USD,2023-04-26T00:00:00
4876,CustomerEducation Event Campaign 04876,CustomerEducation,Event,Scheduled,2026-09-02,2026-11-09,8136.05,USD,2026-08-05T00:00:00
4877,Nurture Email Campaign 04877,Nurture,Email,Completed,2026-03-12,2026-03-24,,USD,2025-11-14T00:00:00
4878,Reengagement Email Campaign 04878,Reengagement,Email,Completed,2023-09-13,2023-11-30,19262.76,USD,2023-08-23T00:00:00
4879,Nurture Email Campaign 04879,Nurture,Email,Cancelled,2024-09-14,2024-12-30,,USD,2024-09-07T00:00:00
4880,Awareness Phone Campaign 04880,Awareness,Phone,Completed,2024-10-30,2025-01-13,5820.89,USD,2024-08-01T00:00:00
4881,Reengagement Event Campaign 04881,Reengagement,Event,Completed,2026-01-21,2026-05-03,15282.59,USD,2025-10-15T00:00:00
4882,Retention Social Campaign 04882,Retention,Social,Active,2024-10-26,,8106.82,USD,2024-07-06T00:00:00
4883,Reengagement Social Campaign 04883,Reengagement,Social,Completed,2023-10-02,2023-10-22,17582.88,USD,2023-09-29T00:00:00
4884,Retention Social Campaign 04884,Retention,Social,Completed,2025-02-13,2025-04-30,19085.79,USD,2025-01-19T00:00:00
4885,CustomerEducation Event Campaign 04885,CustomerEducation,Event,Completed,2023-11-11,2024-03-08,32747.33,USD,2023-08-01T00:00:00
4886,Retention Web Campaign 04886,Retention,Web,Completed,2024-10-25,2025-01-18,,USD,2024-09-27T00:00:00
4887,Awareness Web Campaign 04887,Awareness,Web,Scheduled,2026-12-26,2027-03-09,15959.37,USD,2026-11-22T00:00:00
4888,Reengagement Email Campaign 04888,Reengagement,Email,Completed,2024-12-04,2025-02-04,8412.07,USD,2024-08-28T00:00:00
4889,Awareness Phone Campaign 04889,Awareness,Phone,Scheduled,2026-11-05,2026-12-17,5757.56,USD,2026-08-27T00:00:00
4890,CustomerEducation Phone Campaign 04890,CustomerEducation,Phone,Active,2024-11-23,,26499.04,USD,2024-10-10T00:00:00
4891,Reengagement Event Campaign 04891,Reengagement,Event,Active,2024-12-16,,5420.93,USD,2024-11-05T00:00:00
4892,CustomerEducation Social Campaign 04892,CustomerEducation,Social,Active,2026-02-14,,8060.90,USD,2025-11-25T00:00:00
4893,Reengagement Web Campaign 04893,Reengagement,Web,Completed,2023-09-20,2023-12-25,8931.36,USD,2023-07-31T00:00:00
4894,Awareness Social Campaign 04894,Awareness,Social,Completed,2023-10-17,2023-11-22,20067.75,USD,2023-10-15T00:00:00
4895,Reengagement Web Campaign 04895,Reengagement,Web,Active,2026-02-05,,6727.09,USD,2026-01-11T00:00:00
4896,Nurture Webinar Campaign 04896,Nurture,Webinar,Cancelled,2023-11-28,2024-03-27,6191.97,USD,2023-10-23T00:00:00
4897,Reengagement Web Campaign 04897,Reengagement,Web,Completed,2024-12-15,2025-02-15,6590.21,USD,2024-12-13T00:00:00
4898,Awareness Email Campaign 04898,Awareness,Email,Draft,2026-09-07,,,USD,2026-08-03T00:00:00
4899,Awareness Webinar Campaign 04899,Awareness,Webinar,Active,2026-02-20,,,USD,2025-12-10T00:00:00
4900,Reengagement Event Campaign 04900,Reengagement,Event,Scheduled,2026-12-31,2027-03-03,,USD,2026-11-10T00:00:00
4901,CustomerEducation Event Campaign 04901,CustomerEducation,Event,Active,2023-09-20,,21525.30,USD,2023-06-06T00:00:00
4902,Retention Phone Campaign 04902,Retention,Phone,Draft,2026-11-10,,5311.13,USD,2026-09-25T00:00:00
4903,CustomerEducation Phone Campaign 04903,CustomerEducation,Phone,Scheduled,2026-09-17,2026-10-24,8269.81,USD,2026-07-31T00:00:00
4904,Retention Phone Campaign 04904,Retention,Phone,Draft,2026-11-14,,8021.13,USD,2026-10-21T00:00:00
4905,Reengagement Web Campaign 04905,Reengagement,Web,Completed,2025-12-23,2026-02-16,12661.97,USD,2025-11-19T00:00:00
4906,Awareness Web Campaign 04906,Awareness,Web,Active,2023-07-23,,7534.57,USD,2023-06-23T00:00:00
4907,Reengagement Social Campaign 04907,Reengagement,Social,Cancelled,2025-12-18,2026-04-03,6813.14,USD,2025-08-29T00:00:00
4908,Awareness Webinar Campaign 04908,Awareness,Webinar,Cancelled,2025-02-21,2025-06-05,10917.20,USD,2025-02-01T00:00:00
4909,Reengagement Event Campaign 04909,Reengagement,Event,Cancelled,2023-08-18,2023-10-27,23418.92,USD,2023-06-23T00:00:00
4910,Retention Phone Campaign 04910,Retention,Phone,Completed,2024-12-07,2025-01-25,206525.83,USD,2024-08-24T00:00:00
4911,Retention Phone Campaign 04911,Retention,Phone,Scheduled,2026-11-09,2026-12-09,39086.97,USD,2026-09-12T00:00:00
4912,CustomerEducation Web Campaign 04912,CustomerEducation,Web,Active,2024-12-01,,14744.41,USD,2024-08-05T00:00:00
4913,CustomerEducation Web Campaign 04913,CustomerEducation,Web,Completed,2023-11-24,2024-03-23,5957.32,USD,2023-09-06T00:00:00
4914,Nurture Phone Campaign 04914,Nurture,Phone,Completed,2025-12-18,2026-01-17,6184.02,USD,2025-09-18T00:00:00
4915,Reengagement Email Campaign 04915,Reengagement,Email,Completed,2024-10-29,2024-12-26,1254828.92,USD,2024-09-07T00:00:00
4916,Reengagement Webinar Campaign 04916,Reengagement,Webinar,Completed,2025-01-05,2025-03-26,5544.11,USD,2024-12-16T00:00:00
4917,Reengagement Web Campaign 04917,Reengagement,Web,Completed,2025-11-06,2025-12-04,6402.37,USD,2025-10-07T00:00:00
4918,Nurture Event Campaign 04918,Nurture,Event,Completed,2023-07-16,2023-07-28,24081.05,USD,2023-04-02T00:00:00
4919,Awareness Phone Campaign 04919,Awareness,Phone,Completed,2023-09-13,2024-01-05,7761.26,USD,2023-09-04T00:00:00
4920,Nurture Social Campaign 04920,Nurture,Social,Active,2024-11-26,,5198.46,USD,2024-08-21T00:00:00
4921,Retention Web Campaign 04921,Retention,Web,Cancelled,2026-02-05,2026-03-15,28195.48,USD,2026-01-28T00:00:00
4922,Reengagement Email Campaign 04922,Reengagement,Email,Completed,2025-01-31,2025-04-07,18142.01,USD,2024-10-27T00:00:00
4923,Retention Phone Campaign 04923,Retention,Phone,Completed,2026-02-19,2026-03-26,9342.35,USD,2025-11-18T00:00:00
4924,Nurture Email Campaign 04924,Nurture,Email,Active,2026-01-13,,10108.67,USD,2025-12-02T00:00:00
4925,Reengagement Web Campaign 04925,Reengagement,Web,Completed,2025-12-15,2026-03-16,9659.47,USD,2025-09-07T00:00:00
4926,Retention Phone Campaign 04926,Retention,Phone,Cancelled,2024-10-22,2024-11-26,8800.95,USD,2024-07-16T00:00:00
4927,CustomerEducation Email Campaign 04927,CustomerEducation,Email,Active,2023-08-15,,6132.23,USD,2023-08-09T00:00:00
4928,Awareness Email Campaign 04928,Awareness,Email,Completed,2023-09-26,2023-12-31,12676.10,USD,2023-07-20T00:00:00
4929,Nurture Phone Campaign 04929,Nurture,Phone,Active,2024-12-23,,10342.90,USD,2024-09-15T00:00:00
4930,Awareness Social Campaign 04930,Awareness,Social,Scheduled,2026-09-03,2026-10-03,7206.45,USD,2026-06-29T00:00:00
4931,Nurture Email Campaign 04931,Nurture,Email,Active,2025-03-11,,122757.87,USD,2025-01-06T00:00:00
4932,Reengagement Phone Campaign 04932,Reengagement,Phone,Completed,2026-03-28,2026-07-26,16562.95,USD,2026-02-05T00:00:00
4933,Retention Event Campaign 04933,Retention,Event,Active,2023-11-25,,14308.93,USD,2023-11-13T00:00:00
4934,Reengagement Email Campaign 04934,Reengagement,Email,Scheduled,2027-01-01,2027-02-22,9966.83,USD,2026-11-11T00:00:00
4935,Awareness Email Campaign 04935,Awareness,Email,Draft,2026-10-29,,5349.79,USD,2026-08-26T00:00:00
4936,Nurture Web Campaign 04936,Nurture,Web,Completed,2025-02-23,2025-05-08,11892.86,USD,2025-01-08T00:00:00
4937,Awareness Webinar Campaign 04937,Awareness,Webinar,Draft,2026-12-29,,,USD,2026-12-24T00:00:00
4938,Reengagement Phone Campaign 04938,Reengagement,Phone,Draft,2026-11-13,,9387.33,USD,2026-10-20T00:00:00
4939,CustomerEducation Event Campaign 04939,CustomerEducation,Event,Active,2023-12-13,,16197.45,USD,2023-12-06T00:00:00
4940,Reengagement Social Campaign 04940,Reengagement,Social,Scheduled,2026-12-23,2027-03-13,5660.26,USD,2026-11-11T00:00:00
4941,CustomerEducation Webinar Campaign 04941,CustomerEducation,Webinar,Completed,2023-10-15,2024-01-06,6894.54,USD,2023-07-14T00:00:00
4942,Nurture Web Campaign 04942,Nurture,Web,Scheduled,2026-12-25,2027-04-15,,USD,2026-10-23T00:00:00
4943,Nurture Social Campaign 04943,Nurture,Social,Active,2026-03-18,,,USD,2026-03-14T00:00:00
4944,CustomerEducation Event Campaign 04944,CustomerEducation,Event,Draft,2026-09-03,,7235.55,USD,2026-07-15T00:00:00
4945,CustomerEducation Web Campaign 04945,CustomerEducation,Web,Completed,2024-11-16,2025-03-07,86201.14,USD,2024-08-06T00:00:00
4946,Awareness Webinar Campaign 04946,Awareness,Webinar,Completed,2023-11-25,2024-01-17,6646.61,USD,2023-10-01T00:00:00
4947,Reengagement Email Campaign 04947,Reengagement,Email,Completed,2024-10-22,2024-12-27,10141.12,USD,2024-07-04T00:00:00
4948,Awareness Event Campaign 04948,Awareness,Event,Completed,2024-09-25,2025-01-02,10295.65,USD,2024-06-29T00:00:00
4949,CustomerEducation Social Campaign 04949,CustomerEducation,Social,Completed,2025-01-08,2025-04-28,5639.65,USD,2024-12-19T00:00:00
4950,Reengagement Web Campaign 04950,Reengagement,Web,Scheduled,2026-11-10,2027-01-20,7613.25,USD,2026-08-17T00:00:00
4951,Awareness Phone Campaign 04951,Awareness,Phone,Scheduled,2026-09-03,2026-10-03,14969.07,USD,2026-08-27T00:00:00
4952,Retention Event Campaign 04952,Retention,Event,Active,2025-11-12,,6261.89,USD,2025-09-10T00:00:00
4953,CustomerEducation Email Campaign 04953,CustomerEducation,Email,Completed,2026-01-07,2026-02-22,,USD,2025-10-28T00:00:00
4954,Retention Event Campaign 04954,Retention,Event,Completed,2023-10-03,2023-10-18,6327.37,USD,2023-07-22T00:00:00
4955,CustomerEducation Web Campaign 04955,CustomerEducation,Web,Active,2025-11-18,,8137.05,USD,2025-11-12T00:00:00
4956,Reengagement Email Campaign 04956,Reengagement,Email,Active,2026-01-05,,5353.92,USD,2025-11-10T00:00:00
4957,Awareness Social Campaign 04957,Awareness,Social,Cancelled,2026-03-16,2026-04-06,,USD,2025-12-14T00:00:00
4958,Nurture Social Campaign 04958,Nurture,Social,Draft,2026-08-28,,11384.74,USD,2026-08-24T00:00:00
4959,Nurture Social Campaign 04959,Nurture,Social,Completed,2026-01-28,2026-04-25,5426.98,USD,2025-11-12T00:00:00
4960,Nurture Webinar Campaign 04960,Nurture,Webinar,Scheduled,2026-08-27,2026-11-20,12364.18,USD,2026-06-15T00:00:00
4961,Awareness Email Campaign 04961,Awareness,Email,Completed,2025-02-01,2025-02-10,1176324.39,USD,2024-11-07T00:00:00
4962,Reengagement Social Campaign 04962,Reengagement,Social,Active,2025-12-16,,,USD,2025-08-19T00:00:00
4963,Reengagement Web Campaign 04963,Reengagement,Web,Scheduled,2026-11-16,2026-12-16,8183.65,USD,2026-09-30T00:00:00
4964,Retention Email Campaign 04964,Retention,Email,Cancelled,2023-10-09,2023-12-07,10420.76,USD,2023-09-22T00:00:00
4965,Nurture Event Campaign 04965,Nurture,Event,Completed,2023-09-18,2023-10-11,6884.11,USD,2023-07-07T00:00:00
4966,Reengagement Email Campaign 04966,Reengagement,Email,Scheduled,2026-11-08,2026-12-28,8082.97,USD,2026-10-04T00:00:00
4967,CustomerEducation Social Campaign 04967,CustomerEducation,Social,Completed,2026-02-11,2026-04-14,5597.42,USD,2025-11-19T00:00:00
4968,Nurture Email Campaign 04968,Nurture,Email,Active,2023-12-29,,5948.39,USD,2023-10-07T00:00:00
4969,CustomerEducation Web Campaign 04969,CustomerEducation,Web,Completed,2025-12-17,2026-02-03,51154.11,USD,2025-09-24T00:00:00
4970,CustomerEducation Phone Campaign 04970,CustomerEducation,Phone,Completed,2025-12-20,2026-02-26,7416.52,USD,2025-08-28T00:00:00
4971,Retention Email Campaign 04971,Retention,Email,Scheduled,2027-01-02,2027-02-27,7263.69,USD,2026-09-08T00:00:00
4972,Retention Event Campaign 04972,Retention,Event,Scheduled,2026-11-12,2026-12-12,5846.39,USD,2026-08-11T00:00:00
4973,Reengagement Webinar Campaign 04973,Reengagement,Webinar,Active,2023-09-10,,6372.53,USD,2023-05-17T00:00:00
4974,Nurture Email Campaign 04974,Nurture,Email,Completed,2025-11-02,2026-01-16,5450.48,USD,2025-07-31T00:00:00
4975,Awareness Email Campaign 04975,Awareness,Email,Completed,2023-07-09,2023-08-07,9089.20,USD,2023-05-24T00:00:00
4976,Retention Webinar Campaign 04976,Retention,Webinar,Completed,2026-01-01,2026-01-28,11240.98,USD,2025-11-15T00:00:00
4977,Nurture Email Campaign 04977,Nurture,Email,Active,2023-10-28,,,USD,2023-08-16T00:00:00
4978,CustomerEducation Social Campaign 04978,CustomerEducation,Social,Scheduled,2026-11-09,2027-02-12,13146.24,USD,2026-09-01T00:00:00
4979,Reengagement Email Campaign 04979,Reengagement,Email,Draft,2026-08-31,,5164.50,USD,2026-08-09T00:00:00
4980,Nurture Email Campaign 04980,Nurture,Email,Active,2024-12-30,,157775.04,USD,2024-09-08T00:00:00
4981,Nurture Phone Campaign 04981,Nurture,Phone,Active,2025-12-12,,10382.42,USD,2025-10-14T00:00:00
4982,Awareness Webinar Campaign 04982,Awareness,Webinar,Cancelled,2023-11-10,2024-01-21,5600.50,USD,2023-09-24T00:00:00
4983,CustomerEducation Event Campaign 04983,CustomerEducation,Event,Completed,2023-09-26,2023-10-20,,USD,2023-08-24T00:00:00
4984,Retention Web Campaign 04984,Retention,Web,Cancelled,2023-11-08,2023-11-26,6965.53,USD,2023-07-11T00:00:00
4985,Awareness Phone Campaign 04985,Awareness,Phone,Active,2025-01-23,,,USD,2024-12-03T00:00:00
4986,Awareness Event Campaign 04986,Awareness,Event,Active,2023-11-04,,12162.43,USD,2023-09-18T00:00:00
4987,Reengagement Event Campaign 04987,Reengagement,Event,Scheduled,2027-01-07,2027-03-16,9179.54,USD,2026-12-19T00:00:00
4988,Reengagement Web Campaign 04988,Reengagement,Web,Draft,2027-01-01,,34570.73,USD,2026-11-05T00:00:00
4989,Reengagement Event Campaign 04989,Reengagement,Event,Completed,2025-12-17,2026-01-02,16833.23,USD,2025-10-24T00:00:00
4990,Retention Social Campaign 04990,Retention,Social,Active,2025-10-30,,6605.88,USD,2025-09-17T00:00:00
4991,Awareness Web Campaign 04991,Awareness,Web,Cancelled,2024-11-12,2024-11-30,5264.67,USD,2024-09-11T00:00:00
4992,Reengagement Email Campaign 04992,Reengagement,Email,Active,2023-09-03,,6793.11,USD,2023-07-08T00:00:00
4993,CustomerEducation Event Campaign 04993,CustomerEducation,Event,Active,2023-11-08,,6992.53,USD,2023-09-06T00:00:00
4994,Awareness Webinar Campaign 04994,Awareness,Webinar,Draft,2026-11-11,,14562.85,USD,2026-11-06T00:00:00
4995,Awareness Webinar Campaign 04995,Awareness,Webinar,Cancelled,2026-01-13,2026-03-29,5534.01,USD,2025-11-19T00:00:00
4996,CustomerEducation Social Campaign 04996,CustomerEducation,Social,Draft,2026-11-12,,,USD,2026-08-02T00:00:00
4997,Retention Social Campaign 04997,Retention,Social,Active,2023-08-16,,10032.72,USD,2023-05-23T00:00:00
4998,Retention Email Campaign 04998,Retention,Email,Cancelled,2025-11-14,2026-02-20,8002.94,USD,2025-09-16T00:00:00
4999,Nurture Web Campaign 04999,Nurture,Web,Draft,2027-01-12,,6018.05,USD,2026-11-28T00:00:00
5000,Nurture Email Campaign 05000,Nurture,Email,Scheduled,2026-09-11,2026-10-11,,USD,2026-08-03T00:00:00
